Network;Silo;Vault;Address;Type;Net Deposited Assets;Debt;Claim Amount;Symbol
Sonic;0xa1627a0e1d0ebca9326d2219b84df0c600bed4b1;;0x1597e4b7cf6d2877a1d690b6088668afdb045763;eoa;505857,957484;0;505857,957484;USDC
Sonic;0xa1627a0e1d0ebca9326d2219b84df0c600bed4b1;;0x3e85eb8a90f909e84e01cc5b8a603a54effde8fd;Gnosis Safe;173567,85665;124883,713799;-907126,857149;USDC
Sonic;0xa1627a0e1d0ebca9326d2219b84df0c600bed4b1;;0x43e1ccfe765f6c2a09bbe63d456bcb1e85835fe5;eoa;132085,824404;87842,063144;44243,76126;USDC
Sonic;0xa1627a0e1d0ebca9326d2219b84df0c600bed4b1;;0x52ec89c04b0709d8a0be9584c5bb63bfe96f83a2;eoa;117139,676306;61008,618282;56131,058024;USDC
Sonic;0xa1627a0e1d0ebca9326d2219b84df0c600bed4b1;;0x1ace35d5350da1b71bd7e9e7f5a09ff6cf14d2d6;eoa;111089,323139;0;111089,323139;USDC
Sonic;0xa1627a0e1d0ebca9326d2219b84df0c600bed4b1;;0xc7f5dc322325021dc3954bdb35bde58830f8581d;eoa;99940,986373;0;99940,986373;USDC
Sonic;0xa1627a0e1d0ebca9326d2219b84df0c600bed4b1;;0x73860dc8055a36199fa017e4d9b6584e1497df85;eoa;80815,014581;0;80815,014581;USDC
Sonic;0xa1627a0e1d0ebca9326d2219b84df0c600bed4b1;;0x9c68a6315c76746de52c39147883b8406b514eec;eoa;65714,325602;0;65714,325602;USDC
Sonic;0xa1627a0e1d0ebca9326d2219b84df0c600bed4b1;;0x7b0a7e6845ebd3460c63641f3ba19394227cba2c;eoa;56499,382907;0;56499,382907;USDC
Sonic;0xa1627a0e1d0ebca9326d2219b84df0c600bed4b1;;0x39de56518e136d472ef9645e7d6e1f7c6c8ed37b;eoa;51484,423791;0;51484,423791;USDC
Sonic;0xa1627a0e1d0ebca9326d2219b84df0c600bed4b1;;0x098ddb5f48ad1daa5f691c4b2ad6360e45a22747;eoa;20792,637576;0;20792,637576;USDC
Sonic;0xa1627a0e1d0ebca9326d2219b84df0c600bed4b1;;0xd9eba6cd776e57db63673dfb60ea0bda955c9c4d;eoa;20702,435144;0;-1774,092186;USDC
Sonic;0xa1627a0e1d0ebca9326d2219b84df0c600bed4b1;;0x2130fd01026867a6c8dde24ad5e64f2e2dfce196;eoa;17571,062279;12650,551531;3268,385248;USDC
Sonic;0xa1627a0e1d0ebca9326d2219b84df0c600bed4b1;;0x991cec65a906b5727b32d175cfc550673a20ed17;eoa;12387,959165;0;12387,959165;USDC
Sonic;0xa1627a0e1d0ebca9326d2219b84df0c600bed4b1;;0xb0089942e4d15b124db1e4f8f4fe5d1f94707eef;eoa;12017,600153;0;12017,600153;USDC
Sonic;0xa1627a0e1d0ebca9326d2219b84df0c600bed4b1;;0x023156f5e5885c580c84536379fc549d0e940d18;eoa;11533,168851;0;11533,168851;USDC
Sonic;0xa1627a0e1d0ebca9326d2219b84df0c600bed4b1;;0xde4901634990888102a7a017f36c7bd2f1dc2b1e;eoa;11033,454881;0;0,000002;USDC
Sonic;0xa1627a0e1d0ebca9326d2219b84df0c600bed4b1;;0x703d4746ad3948b19fcf1ebf7b27a3119b38f7f5;eoa;10117,254637;0;10117,254637;USDC
Sonic;0xa1627a0e1d0ebca9326d2219b84df0c600bed4b1;;0x63284c54a82ca1785a0a03fa8402efd735edb333;eoa;8710,780357;5821,883418;2797,845539;USDC
Sonic;0xa1627a0e1d0ebca9326d2219b84df0c600bed4b1;;0x61d93abebf959dab5720001d2c7b5e3ac8f4573f;eoa;8574,419266;0;8574,419266;USDC
Sonic;0xa1627a0e1d0ebca9326d2219b84df0c600bed4b1;;0x4500720c4e0e29ab62e13e8526cce1887c789347;eoa;8103,625939;0;8103,625939;USDC
Sonic;0xa1627a0e1d0ebca9326d2219b84df0c600bed4b1;;0x6cc19692eabf3dae59e3eeea81dcb9340f159506;eoa;8098,263337;0;0;USDC
Sonic;0xa1627a0e1d0ebca9326d2219b84df0c600bed4b1;;0xf87f7d563558bebf1031bcf09ba6ca60097cc7ab;eoa;7914,783938;0;7914,783938;USDC
Sonic;0xa1627a0e1d0ebca9326d2219b84df0c600bed4b1;;0xbcf2fe83855876d7d0a59d38f7f8bd904f8941b7;eoa;7342,580392;4878,580632;2463,99976;USDC
Sonic;0xa1627a0e1d0ebca9326d2219b84df0c600bed4b1;;0x31480e7c8d8221889db6281c0829c7d6ff4e5b33;eoa;5442,921631;0;5442,921631;USDC
Sonic;0xa1627a0e1d0ebca9326d2219b84df0c600bed4b1;;0x9831bb48e27a6b74260823c10d15b577e891a37b;eoa;5261,811327;0;5261,811327;USDC
Sonic;0xa1627a0e1d0ebca9326d2219b84df0c600bed4b1;;0x8325aff2ccc014468cdf20f2538d8534db7a100f;eoa;5171,362406;0;5171,362406;USDC
Sonic;0xa1627a0e1d0ebca9326d2219b84df0c600bed4b1;;0x429aad5a335c322834d3296ef5187b9761c232b2;eoa;5063,637804;0;5063,637804;USDC
Sonic;0xa1627a0e1d0ebca9326d2219b84df0c600bed4b1;;0x9d3c73222f2a4c0f9ced848d669393340db7d623;eoa;5061,946862;0;5061,946862;USDC
Sonic;0xa1627a0e1d0ebca9326d2219b84df0c600bed4b1;;0x566d2fbf0106defc896489d1a7dd3ffa941f6682;eoa;5055,86166;0;5055,86166;USDC
Sonic;0xa1627a0e1d0ebca9326d2219b84df0c600bed4b1;;0xcb1037a8d5f5b92d7679b64f202e210fcf70f994;contract_other;4098,778413;0;4098,778413;USDC
Sonic;0xa1627a0e1d0ebca9326d2219b84df0c600bed4b1;;0x791f7179dd23ac94154c0d17ccccb0e2a2625174;eoa;4048,697881;0;4048,697881;USDC
Sonic;0xa1627a0e1d0ebca9326d2219b84df0c600bed4b1;;0x8d404f26b44e0f7866d0bfe9a37fd8f6dfc9919f;eoa;4041,802081;0;4041,802081;USDC
Sonic;0xa1627a0e1d0ebca9326d2219b84df0c600bed4b1;;0x92f5cfc57006e58eeeea7494c94efca7c3f17a73;eoa;3769,264385;0;3769,264385;USDC
Sonic;0xa1627a0e1d0ebca9326d2219b84df0c600bed4b1;;0x8806af8877d2a4a0ff20b420dc13ee019c40ad4e;eoa;2851,639775;0;2851,639775;USDC
Sonic;0xa1627a0e1d0ebca9326d2219b84df0c600bed4b1;;0xf5ce89d05c4c9ce54e21f7726beda9ad19ada8f3;eoa;2600,484421;0;2600,484421;USDC
Sonic;0xa1627a0e1d0ebca9326d2219b84df0c600bed4b1;;0x3b930709dffdf9dc9bcc7ce01c53a1d5554fff3a;eoa;2222,014046;0;2222,014046;USDC
Sonic;0xa1627a0e1d0ebca9326d2219b84df0c600bed4b1;;0x6c276ffd8f5e51c49460c636ab20684373c1e2da;eoa;2109,862641;0;2109,862641;USDC
Sonic;0xa1627a0e1d0ebca9326d2219b84df0c600bed4b1;;0x8d7b4d479ff11db974cc313d09ed8f5c8661d558;eoa;2030,429956;0;2030,429956;USDC
Sonic;0xa1627a0e1d0ebca9326d2219b84df0c600bed4b1;;0xfb85c9b9314c45661e0d553e271efefac154c839;eoa;2029,36705;0;2029,36705;USDC
Sonic;0xa1627a0e1d0ebca9326d2219b84df0c600bed4b1;;0x7f9adb20217a0dabd313123c03421b58952fd740;eoa;1421,9941;0;1403,9633;USDC
Sonic;0xa1627a0e1d0ebca9326d2219b84df0c600bed4b1;;0xe615784eb53bc634a64e5cde34c816cd64963301;eoa;1419,218269;0;1419,218269;USDC
Sonic;0xa1627a0e1d0ebca9326d2219b84df0c600bed4b1;;0xa2737d198cbbba4dd56aa88a124e795671ac0507;eoa;1365,311285;0;1365,311285;USDC
Sonic;0xa1627a0e1d0ebca9326d2219b84df0c600bed4b1;;0xa9eaef87c01b4c46a691862c7ba94401394b8b9c;eoa;1231,59846;0;1231,59846;USDC
Sonic;0xa1627a0e1d0ebca9326d2219b84df0c600bed4b1;;0xaa4a0a82fa679cb46e5d10638f2dbc08d6d6a688;eoa;1171,763649;0;1171,763649;USDC
Sonic;0xa1627a0e1d0ebca9326d2219b84df0c600bed4b1;;0x3cf38ac9a68a9bdad58f0878bd9943f2361b8504;eoa;1089,071986;0;1089,071986;USDC
Sonic;0xa1627a0e1d0ebca9326d2219b84df0c600bed4b1;;0x9b5cc53f7a8437db63b2cecaaf393537e1447cb2;eoa;1072,396061;275,937757;1072,406909;USDC
Sonic;0xa1627a0e1d0ebca9326d2219b84df0c600bed4b1;;0xbdf62f24369b7e1ad37d0c0e25687451a0a74dc8;eoa;1065,312592;0;1065,312592;USDC
Sonic;0xa1627a0e1d0ebca9326d2219b84df0c600bed4b1;;0x26d067c1bd1762d9bb6efe783b1fcd925f0e746d;eoa;1064,554867;0;1064,554867;USDC
Sonic;0xa1627a0e1d0ebca9326d2219b84df0c600bed4b1;;0xc3a03c3f58c674fc41756744bf2210c8bdbc4081;eoa;1057,350737;0;1057,350737;USDC
Sonic;0xa1627a0e1d0ebca9326d2219b84df0c600bed4b1;;0xb772a176e367245b7a22c171688b3cde545e8a60;eoa;1051,226445;0;1051,226445;USDC
Sonic;0xa1627a0e1d0ebca9326d2219b84df0c600bed4b1;;0x0a7e2c1221d805e8488433291420a62c604ab1ba;eoa;1016,902487;675,851926;341,050561;USDC
Sonic;0xa1627a0e1d0ebca9326d2219b84df0c600bed4b1;;0x5c4d6626440448ca778ae2c94908c02592149cf8;eoa;938,424749;0;938,424749;USDC
Sonic;0xa1627a0e1d0ebca9326d2219b84df0c600bed4b1;;0xcca241aa38ad3e4a252a42690c5642c9f981e33d;eoa;813,787396;0;813,787396;USDC
Sonic;0xa1627a0e1d0ebca9326d2219b84df0c600bed4b1;;0x5e835b411ce26177a9dff28ac759123599d4e536;eoa;719,117531;0;719,117531;USDC
Sonic;0xa1627a0e1d0ebca9326d2219b84df0c600bed4b1;;0x730e48b75ceac21679d77adc3f5e2344f453532e;eoa;675,788136;0;675,788136;USDC
Sonic;0xa1627a0e1d0ebca9326d2219b84df0c600bed4b1;;0x54abb9f417702f25d91b1987bb56f235298af9d7;eoa;651,67;0;651,67;USDC
Sonic;0xa1627a0e1d0ebca9326d2219b84df0c600bed4b1;;0xc110d5f2af2c352511b6586271615a9a59a2270a;eoa;641,668701;0;641,668701;USDC
Sonic;0xa1627a0e1d0ebca9326d2219b84df0c600bed4b1;;0x62a4a8f9f5f3aae9ee9cee780285a0d501c12d09;eoa;508,649351;177,116553;331,532798;USDC
Sonic;0xa1627a0e1d0ebca9326d2219b84df0c600bed4b1;;0x86234e0267437ddcf1be478cd766b5ace0ccca88;eoa;507,783822;0;507,783822;USDC
Sonic;0xa1627a0e1d0ebca9326d2219b84df0c600bed4b1;;0xf02efdda609c880f71d451d25dfb757a0afc9c1a;eoa;506,843359;0;506,843359;USDC
Sonic;0xa1627a0e1d0ebca9326d2219b84df0c600bed4b1;;0xd04f0f69537c1914d62ae042430fb3778f8c64ed;eoa;503,775421;334,62962;169,145801;USDC
Sonic;0xa1627a0e1d0ebca9326d2219b84df0c600bed4b1;;0x52ef0e850337ecec348c41919862dbaac42f620b;eoa;280,913192;181,871268;99,041924;USDC
Sonic;0xa1627a0e1d0ebca9326d2219b84df0c600bed4b1;;0xe8e69ac27d32a25bb4bcc72df22e570acebf8693;eoa;277,234116;0;277,234116;USDC
Sonic;0xa1627a0e1d0ebca9326d2219b84df0c600bed4b1;;0xdbdda15663cdfe1438a19d0126674420f7047b32;eoa;264,771867;0;264,771867;USDC
Sonic;0xa1627a0e1d0ebca9326d2219b84df0c600bed4b1;;0x521508beb3eb06d4d1bae0ead0ea21676f89069c;eoa;247,414213;0;247,414213;USDC
Sonic;0xa1627a0e1d0ebca9326d2219b84df0c600bed4b1;;0xe54244dc4cec3afbe28b7aa1a573efc0e76b16a4;eoa;234,274799;0;234,274799;USDC
Sonic;0xa1627a0e1d0ebca9326d2219b84df0c600bed4b1;;0x61a3b4576d9870442bc6891559b70025ed60af3d;eoa;204,991516;137,053966;205,469603;USDC
Sonic;0xa1627a0e1d0ebca9326d2219b84df0c600bed4b1;;0x2f8ec6866a50a64ac2d0ce211519c6f4172b770b;eoa;202,086527;0;0;USDC
Sonic;0xa1627a0e1d0ebca9326d2219b84df0c600bed4b1;;0x5a89e43f3aadbb3ad802be52797b1e4d75d74ac5;eoa;201,968907;0;201,968907;USDC
Sonic;0xa1627a0e1d0ebca9326d2219b84df0c600bed4b1;;0xfb2dfeeed35aa2c7c88a41fd66d180270b6066a1;eoa;140,236978;36,785546;103,451432;USDC
Sonic;0xa1627a0e1d0ebca9326d2219b84df0c600bed4b1;;0x9f5cead4a2f556a1985423e1b475650c347ef8ed;eoa;117,195268;0;0;USDC
Sonic;0xa1627a0e1d0ebca9326d2219b84df0c600bed4b1;;0x3e5087ffd51f50ed9fcc8dced3b32a7e2e0c3c1f;eoa;107,275774;73,034018;34,241756;USDC
Sonic;0xa1627a0e1d0ebca9326d2219b84df0c600bed4b1;;0x6a26fe32cbc9c782fcfd33b5a5998d0631927a1d;eoa;95,030829;0;95,030829;USDC
Sonic;0xa1627a0e1d0ebca9326d2219b84df0c600bed4b1;;0x66af6f0b5ee671d26ea8fbda435f333a8080f6d2;eoa;85,590398;0;0;USDC
Sonic;0xa1627a0e1d0ebca9326d2219b84df0c600bed4b1;;0x3aab9becca585b943e83a4e3a2ba88c6bfc72707;eoa;29,448113;0;29,448113;USDC
Sonic;0xa1627a0e1d0ebca9326d2219b84df0c600bed4b1;;0x7040b1ba3d032fe1311b28c29db59d50222fb2d4;eoa;25,649563;0;25,649563;USDC
Sonic;0xa1627a0e1d0ebca9326d2219b84df0c600bed4b1;;0x9110faa91713061057adacb17f56735b6119fdf8;eoa;12,113839;0;12,113839;USDC
Sonic;0xa1627a0e1d0ebca9326d2219b84df0c600bed4b1;;0xa2d179f9156f30ab77bee6c155c45a6e0789b6c5;eoa;11,564647;0;11,564647;USDC
Sonic;0xa1627a0e1d0ebca9326d2219b84df0c600bed4b1;;0xb5ecb41eb1f96b183619b43911eb4236cd1a7117;eoa;11,29793;7,674376;3,623554;USDC
Sonic;0xa1627a0e1d0ebca9326d2219b84df0c600bed4b1;;0x3fbb94b2e04bb2cad1686bd82fe0ef8fe54646b3;eoa;10,488182;0;10,488182;USDC
Sonic;0xa1627a0e1d0ebca9326d2219b84df0c600bed4b1;;0xed5d8227164653dd6eede7d7cca0b86f7463b573;eoa;10,300763;0;10,300763;USDC
Sonic;0xa1627a0e1d0ebca9326d2219b84df0c600bed4b1;;0xdee9034869f929e21272ffdd0d1500994b23672e;eoa;9,672927;0;9,672927;USDC
Sonic;0xa1627a0e1d0ebca9326d2219b84df0c600bed4b1;;0x69b235c1c3f16f828b2394193a7abea79ee40c07;eoa;6,580416;0;6,580416;USDC
Sonic;0xa1627a0e1d0ebca9326d2219b84df0c600bed4b1;;0x48cf1d157ef52344c87776dd4686a59cfed3afbd;eoa;6,089057;0;6,089057;USDC
Sonic;0xa1627a0e1d0ebca9326d2219b84df0c600bed4b1;;0xf507d5d365eddb168e1fffe059e9e3edde872a7f;contract_other;2,09082;0;22,09082;USDC
Sonic;0xa1627a0e1d0ebca9326d2219b84df0c600bed4b1;;0x04ad5ef15ddb276e180ff4598cd8c8e736c9f0b5;eoa;2,031725;0;2,031725;USDC
Sonic;0xa1627a0e1d0ebca9326d2219b84df0c600bed4b1;;0xdedcf5806c4968c6397eee97e68047bda339d0c1;eoa;1,868656;0,654462;1,214194;USDC
Sonic;0xa1627a0e1d0ebca9326d2219b84df0c600bed4b1;;0xeda49bce2f38d284f839be1f4f2e23e6c7cc7dbd;eoa;1,420515;0;1,420515;USDC
Sonic;0xa1627a0e1d0ebca9326d2219b84df0c600bed4b1;;0x1e5a573ed7b09386f40f6c560f5f97e8a8e51a12;eoa;1,231492;0,823721;0,407771;USDC
Sonic;0xa1627a0e1d0ebca9326d2219b84df0c600bed4b1;;0x2b59f2cacceea02aead44189e4974bb0eb5cba0d;eoa;1,014929;0;1,014929;USDC
Sonic;0xa1627a0e1d0ebca9326d2219b84df0c600bed4b1;;0xba5dfebcb7bff19669f8a98e327e5e4b2f117596;eoa;1,003932;0;1,003932;USDC
Sonic;0xa1627a0e1d0ebca9326d2219b84df0c600bed4b1;;0xc7fb4dcf75b040788db89ddfd1c70949fcbec59d;eoa;0,506052;0;0,506052;USDC
Sonic;0xa1627a0e1d0ebca9326d2219b84df0c600bed4b1;;0x227f982ea2d57ce251bb5bb39a41629f818ff834;eoa;0,143321;0;0;USDC
Sonic;0xa1627a0e1d0ebca9326d2219b84df0c600bed4b1;;0x264ec03547d2eba0d5fce80b3f34a867c95c7eb7;contract_other;0,13139;0;0,13139;USDC
Sonic;0xa1627a0e1d0ebca9326d2219b84df0c600bed4b1;;0x104b30eb7265707b790ec374a3f9eded8d614599;contract_other;0,003239;0;0,003239;USDC
Sonic;0xa1627a0e1d0ebca9326d2219b84df0c600bed4b1;;0x28c974c18c6553b445c4b77f35d83f3499acf58f;eoa;0,001466;0;0,001466;USDC
Sonic;0xa1627a0e1d0ebca9326d2219b84df0c600bed4b1;;0x4da83268b258d7ce7bde9e46ffcf8ad7d3687282;eoa;0,000965;0;0,000965;USDC
Sonic;0xa1627a0e1d0ebca9326d2219b84df0c600bed4b1;;0x651aa2a9bcc8be4e3b5a349be863694bd7b59f6a;eoa;0;0;0;USDC
Sonic;0xa1627a0e1d0ebca9326d2219b84df0c600bed4b1;;0x710ba342cedbf5eb7498ffed20fc8c8d51c4675a;eoa;0;0;0;USDC
Sonic;0xa1627a0e1d0ebca9326d2219b84df0c600bed4b1;;0x7c73b0d9208eb2d626f0a68d6a24b3bdf4c041b7;eoa;0;0;0;USDC
Sonic;0xa1627a0e1d0ebca9326d2219b84df0c600bed4b1;;0xfc41cee83153ac52eeca1c90443c1201859bc349;eoa;0;0;-0,0001;USDC
Sonic;0xa1627a0e1d0ebca9326d2219b84df0c600bed4b1;;0xe3e56da9addc2e29532669140fb94fa7f21f6e4f;eoa;0;0;1;USDC
Sonic;0xa1627a0e1d0ebca9326d2219b84df0c600bed4b1;;0x0f089078099748c8a196b52710b01d4cb404578d;eoa;0;0;0,09998;USDC
Sonic;0xa1627a0e1d0ebca9326d2219b84df0c600bed4b1;;0x2a8de0ddc1a507e85ec0a9ab3d21d47b8373c6d9;eoa;0;0;0,006077;USDC
Sonic;0xa1627a0e1d0ebca9326d2219b84df0c600bed4b1;;0xe46e43b938c8212d7bc70d29ca3b435afab55e0f;eoa;0;0;0,00102;USDC
Sonic;0xa1627a0e1d0ebca9326d2219b84df0c600bed4b1;;0xa02b93be02d8fa53df05e0cd8adecb1dd55373cf;eoa;0;0;117,195268;USDC
Sonic;0xa1627a0e1d0ebca9326d2219b84df0c600bed4b1;;0xe2a4a3d2d50c51ce4229f4d4f467261af4f76aec;eoa;0;0;-0,000002;USDC
Sonic;0xa1627a0e1d0ebca9326d2219b84df0c600bed4b1;;0x7f95d2bb66f123c00a77b8afbf844f8060a5d2b2;eoa;0;0;0;USDC
Sonic;0xa1627a0e1d0ebca9326d2219b84df0c600bed4b1;;0xd384a48947c7f109d316a2c38bf4fa3732b65ba0;eoa;0;0;19131,718218;USDC
Sonic;0xa1627a0e1d0ebca9326d2219b84df0c600bed4b1;;0x30f1d8681c253b3dcf6a2c40bd6980b662e24c3c;eoa;0;0;202,086527;USDC
Sonic;0xa1627a0e1d0ebca9326d2219b84df0c600bed4b1;;0xc4b03295f6e2e7a7fb6d066fbc4f1c7fc1373eb4;eoa;0;0;85,590398;USDC
Sonic;0xa1627a0e1d0ebca9326d2219b84df0c600bed4b1;;0x56f8dd51f88352cef8c1f772b85157e15c372531;eoa;0;0;111,229588;USDC
Sonic;0xa1627a0e1d0ebca9326d2219b84df0c600bed4b1;;0x55e9877c8e66801313607396e7e563391753f800;eoa;0;2474,766491;0,17221;USDC
Sonic;0xa1627a0e1d0ebca9326d2219b84df0c600bed4b1;;0xc9cb54f65469aba8ae45c67e1355cf1ff213fe33;eoa;0;1270,153555;0,319041;USDC
Sonic;0xa1627a0e1d0ebca9326d2219b84df0c600bed4b1;0xf6f87073cf8929c206a77b0694619dc776f89885;0x000000007b91f5c2937100ec91eb2000e292148d;eoa;0,00001;0;0,00001;USDC
Sonic;0xa1627a0e1d0ebca9326d2219b84df0c600bed4b1;0xf6f87073cf8929c206a77b0694619dc776f89885;0x004c6672a94923db562c22e783a6d49b125e8976;eoa;72,531501;0;72,531501;USDC
Sonic;0xa1627a0e1d0ebca9326d2219b84df0c600bed4b1;0xf6f87073cf8929c206a77b0694619dc776f89885;0x0055d4369a59bc819f58a76ecc3709407204dbab;eoa;273,048287;0;273,048287;USDC
Sonic;0xa1627a0e1d0ebca9326d2219b84df0c600bed4b1;0xf6f87073cf8929c206a77b0694619dc776f89885;0x005f90797b3df1e67918619669b40eba901cca07;eoa;0;0;0;USDC
Sonic;0xa1627a0e1d0ebca9326d2219b84df0c600bed4b1;0xf6f87073cf8929c206a77b0694619dc776f89885;0x00789bc0a98c6814899d4028ab2b8d4709d34381;eoa;0;0;0;USDC
Sonic;0xa1627a0e1d0ebca9326d2219b84df0c600bed4b1;0xf6f87073cf8929c206a77b0694619dc776f89885;0x009d13e9bec94bf16791098ce4e5c168d27a9f07;eoa;0,000003;0;0,000003;USDC
Sonic;0xa1627a0e1d0ebca9326d2219b84df0c600bed4b1;0xf6f87073cf8929c206a77b0694619dc776f89885;0x015f9945f2925a84073f13ae761f4da3fd91f33e;eoa;0,000014;0;0,000014;USDC
Sonic;0xa1627a0e1d0ebca9326d2219b84df0c600bed4b1;0xf6f87073cf8929c206a77b0694619dc776f89885;0x017b69067d695ee631cee76c8950c09c61fbe2d4;eoa;0,000002;0;0,000002;USDC
Sonic;0xa1627a0e1d0ebca9326d2219b84df0c600bed4b1;0xf6f87073cf8929c206a77b0694619dc776f89885;0x019acded8552a60bb17b420781dbaec819581642;eoa;252,669657;0;252,669657;USDC
Sonic;0xa1627a0e1d0ebca9326d2219b84df0c600bed4b1;0xf6f87073cf8929c206a77b0694619dc776f89885;0x024899f1b2e7c3cfc5e3db7f54ecc284fd775d29;eoa;1,045332;0;1,045332;USDC
Sonic;0xa1627a0e1d0ebca9326d2219b84df0c600bed4b1;0xf6f87073cf8929c206a77b0694619dc776f89885;0x02afe25ecdb1bf24f3c4435c8b47c39697a41496;eoa;50192,92328;0;50027,862473;USDC
Sonic;0xa1627a0e1d0ebca9326d2219b84df0c600bed4b1;0xf6f87073cf8929c206a77b0694619dc776f89885;0x0302f3434dbdee9d3faf680cba8a2bae6b34a83c;eoa;16170,967329;0;16170,967329;USDC
Sonic;0xa1627a0e1d0ebca9326d2219b84df0c600bed4b1;0xf6f87073cf8929c206a77b0694619dc776f89885;0x0304492c94d8dafab67756c7b7aaf94e2c9ca709;eoa;0,467967;0;99,839263;USDC
Sonic;0xa1627a0e1d0ebca9326d2219b84df0c600bed4b1;0xf6f87073cf8929c206a77b0694619dc776f89885;0x0320a5a29f7757663f76c16f424b21cca34d56b9;contract_other;0;0;0;USDC
Sonic;0xa1627a0e1d0ebca9326d2219b84df0c600bed4b1;0xf6f87073cf8929c206a77b0694619dc776f89885;0x039f7e626e25d37492f92524679dca4b6afbe07e;eoa;0,000003;0;0,000003;USDC
Sonic;0xa1627a0e1d0ebca9326d2219b84df0c600bed4b1;0xf6f87073cf8929c206a77b0694619dc776f89885;0x03b24d959222c0a557ecf1309fbd4c83088298e5;eoa;0,000001;0;0,000001;USDC
Sonic;0xa1627a0e1d0ebca9326d2219b84df0c600bed4b1;0xf6f87073cf8929c206a77b0694619dc776f89885;0x03b27631a07b8241e1bd9dffeec19ba089370ba8;eoa;0,004934;0;0,004934;USDC
Sonic;0xa1627a0e1d0ebca9326d2219b84df0c600bed4b1;0xf6f87073cf8929c206a77b0694619dc776f89885;0x041a09a6220c9c08a0cc9bfcc31deaf9799412b2;eoa;0;0;0;USDC
Sonic;0xa1627a0e1d0ebca9326d2219b84df0c600bed4b1;0xf6f87073cf8929c206a77b0694619dc776f89885;0x04650ba67b062200b89537a832536be71f3e764b;eoa;129,527318;0;129,527318;USDC
Sonic;0xa1627a0e1d0ebca9326d2219b84df0c600bed4b1;0xf6f87073cf8929c206a77b0694619dc776f89885;0x0480ecf39debc792c579e7072e35b0c1dd4a79eb;eoa;0;0;0;USDC
Sonic;0xa1627a0e1d0ebca9326d2219b84df0c600bed4b1;0xf6f87073cf8929c206a77b0694619dc776f89885;0x048a58645447ecf7e2ee4ec95804aa9062075ebe;eoa;0;0;-0,3588;USDC
Sonic;0xa1627a0e1d0ebca9326d2219b84df0c600bed4b1;0xf6f87073cf8929c206a77b0694619dc776f89885;0x04ba30128c1c3c544dfddf12516c80b4e9de34b9;contract_other;59,665516;0;59,665516;USDC
Sonic;0xa1627a0e1d0ebca9326d2219b84df0c600bed4b1;0xf6f87073cf8929c206a77b0694619dc776f89885;0x04daf0c477b8d5c09f086e8a80bcbdf93c6edc1c;eoa;0;0;0;USDC
Sonic;0xa1627a0e1d0ebca9326d2219b84df0c600bed4b1;0xf6f87073cf8929c206a77b0694619dc776f89885;0x04fd414cacdbd8742c8adc46230bb11445203c99;eoa;0,000002;0;0,000002;USDC
Sonic;0xa1627a0e1d0ebca9326d2219b84df0c600bed4b1;0xf6f87073cf8929c206a77b0694619dc776f89885;0x050a5f453a8baa12cbf43b9c7a4b563bdb666980;contract_other;0,000046;0;0,000046;USDC
Sonic;0xa1627a0e1d0ebca9326d2219b84df0c600bed4b1;0xf6f87073cf8929c206a77b0694619dc776f89885;0x05289fc2b81b9a5bdf70a4c67376a2dfb9b7b76f;eoa;0;0;0;USDC
Sonic;0xa1627a0e1d0ebca9326d2219b84df0c600bed4b1;0xf6f87073cf8929c206a77b0694619dc776f89885;0x05a2e50c5e4d724897b67b708db432a38c985f83;eoa;0,000001;0;0,000001;USDC
Sonic;0xa1627a0e1d0ebca9326d2219b84df0c600bed4b1;0xf6f87073cf8929c206a77b0694619dc776f89885;0x05d2838e962299878bf9e8941dd396de4aa998e5;eoa;0,000002;0;0,000002;USDC
Sonic;0xa1627a0e1d0ebca9326d2219b84df0c600bed4b1;0xf6f87073cf8929c206a77b0694619dc776f89885;0x06708896d52e82b4a0f930544150f65277cc6bf3;eoa;12,837473;0;12,837473;USDC
Sonic;0xa1627a0e1d0ebca9326d2219b84df0c600bed4b1;0xf6f87073cf8929c206a77b0694619dc776f89885;0x06ba38d6b06d3cab8d53dbe4459423f5b6932d88;eoa;0;0;0;USDC
Sonic;0xa1627a0e1d0ebca9326d2219b84df0c600bed4b1;0xf6f87073cf8929c206a77b0694619dc776f89885;0x072ab8b22c7c7b4dd2b3367c6e7445d6c9e3cb2f;eoa;0,000003;0;0,000003;USDC
Sonic;0xa1627a0e1d0ebca9326d2219b84df0c600bed4b1;0xf6f87073cf8929c206a77b0694619dc776f89885;0x074f47d33293a89c9b10d8f4132a912ee4a5d55c;eoa;0;0;0;USDC
Sonic;0xa1627a0e1d0ebca9326d2219b84df0c600bed4b1;0xf6f87073cf8929c206a77b0694619dc776f89885;0x07d53b16899bf4b7cbf40c9d0d993e24299ab1f9;eoa;0,000001;0;0,000001;USDC
Sonic;0xa1627a0e1d0ebca9326d2219b84df0c600bed4b1;0xf6f87073cf8929c206a77b0694619dc776f89885;0x0811c894027d5f62cac0a50a400cdca70c1807e1;eoa;0;0;0;USDC
Sonic;0xa1627a0e1d0ebca9326d2219b84df0c600bed4b1;0xf6f87073cf8929c206a77b0694619dc776f89885;0x081c2d473b62a2c13cfff364f30b56ebc29b9060;eoa;0;0;0;USDC
Sonic;0xa1627a0e1d0ebca9326d2219b84df0c600bed4b1;0xf6f87073cf8929c206a77b0694619dc776f89885;0x0899a0b74ebab3f637b59dbf90883e6df481fe00;eoa;0;0;0;USDC
Sonic;0xa1627a0e1d0ebca9326d2219b84df0c600bed4b1;0xf6f87073cf8929c206a77b0694619dc776f89885;0x08b2f6f7927c7523ccde33f447a4a1c17aabdf44;eoa;20,883992;0;20,883992;USDC
Sonic;0xa1627a0e1d0ebca9326d2219b84df0c600bed4b1;0xf6f87073cf8929c206a77b0694619dc776f89885;0x091cad5e1f4daa4d6cf396496229026fd4102a9a;eoa;0;0;0;USDC
Sonic;0xa1627a0e1d0ebca9326d2219b84df0c600bed4b1;0xf6f87073cf8929c206a77b0694619dc776f89885;0x092c9e796839ede09806f0bf968c7f0fa19fd04b;eoa;0,005479;0;8,951328;USDC
Sonic;0xa1627a0e1d0ebca9326d2219b84df0c600bed4b1;0xf6f87073cf8929c206a77b0694619dc776f89885;0x0937cacde7395af6cd1775c139c1371e20a5047d;eoa;0,000099;0;0,000099;USDC
Sonic;0xa1627a0e1d0ebca9326d2219b84df0c600bed4b1;0xf6f87073cf8929c206a77b0694619dc776f89885;0x09388452fc1c1958eece7884ed161a666735d1ec;eoa;0;0;0;USDC
Sonic;0xa1627a0e1d0ebca9326d2219b84df0c600bed4b1;0xf6f87073cf8929c206a77b0694619dc776f89885;0x093fba5a705003d4a7d4d911f1b2036641cb5105;eoa;0,01042;0;0,01042;USDC
Sonic;0xa1627a0e1d0ebca9326d2219b84df0c600bed4b1;0xf6f87073cf8929c206a77b0694619dc776f89885;0x0953f82bc31d01aae3aee9df869057a8022f99e9;eoa;0,000575;0;0,000575;USDC
Sonic;0xa1627a0e1d0ebca9326d2219b84df0c600bed4b1;0xf6f87073cf8929c206a77b0694619dc776f89885;0x09616650f991411556a0a75663dc866d648e1ef5;eoa;0,000001;0;0,000001;USDC
Sonic;0xa1627a0e1d0ebca9326d2219b84df0c600bed4b1;0xf6f87073cf8929c206a77b0694619dc776f89885;0x098cdfe11eaa73513374c50f98fa652b011368e9;eoa;0,000011;0;0,000011;USDC
Sonic;0xa1627a0e1d0ebca9326d2219b84df0c600bed4b1;0xf6f87073cf8929c206a77b0694619dc776f89885;0x09e0f94e493bfd4e34dd9a7cfacdcc54b08ae7fd;eoa;2,091139;0;2,091139;USDC
Sonic;0xa1627a0e1d0ebca9326d2219b84df0c600bed4b1;0xf6f87073cf8929c206a77b0694619dc776f89885;0x09fa38eba245bb68354b8950fa2fe71f02863393;eoa;0,000005;0;0,000005;USDC
Sonic;0xa1627a0e1d0ebca9326d2219b84df0c600bed4b1;0xf6f87073cf8929c206a77b0694619dc776f89885;0x0a9aca1ae6b4e60931a1a8ef034580074bff763c;eoa;0;0;0;USDC
Sonic;0xa1627a0e1d0ebca9326d2219b84df0c600bed4b1;0xf6f87073cf8929c206a77b0694619dc776f89885;0x0b20a6140118be0235db1bcb0dfa96d5d656ca51;eoa;0,00003;0;0,00003;USDC
Sonic;0xa1627a0e1d0ebca9326d2219b84df0c600bed4b1;0xf6f87073cf8929c206a77b0694619dc776f89885;0x0b4d7235604dde67af4f1167d6f9b651f54d13dd;eoa;0;0;0;USDC
Sonic;0xa1627a0e1d0ebca9326d2219b84df0c600bed4b1;0xf6f87073cf8929c206a77b0694619dc776f89885;0x0bd54e59ff6b564cdd2c8a816d1d6ea0d99a132c;eoa;510,112159;0;0;USDC
Sonic;0xa1627a0e1d0ebca9326d2219b84df0c600bed4b1;0xf6f87073cf8929c206a77b0694619dc776f89885;0x0bd7e05e55658571a7d75e38182314d9152339a0;eoa;0,000003;0;0,000003;USDC
Sonic;0xa1627a0e1d0ebca9326d2219b84df0c600bed4b1;0xf6f87073cf8929c206a77b0694619dc776f89885;0x0c0cd5dfbc0330361332ae05daad2e61c82d3dcb;eoa;0;0;0;USDC
Sonic;0xa1627a0e1d0ebca9326d2219b84df0c600bed4b1;0xf6f87073cf8929c206a77b0694619dc776f89885;0x0c85efae064c672b8551268141996641660e72f9;eoa;0,001058;0;0,001058;USDC
Sonic;0xa1627a0e1d0ebca9326d2219b84df0c600bed4b1;0xf6f87073cf8929c206a77b0694619dc776f89885;0x0ca78ed9f48dfc2dbbff9e1d55227e52359776f0;eoa;0;0;0;USDC
Sonic;0xa1627a0e1d0ebca9326d2219b84df0c600bed4b1;0xf6f87073cf8929c206a77b0694619dc776f89885;0x0cb1bc9c2a357ffc3627fa8e1cd7cf6ff74f6edb;eoa;0,000003;0;0,000003;USDC
Sonic;0xa1627a0e1d0ebca9326d2219b84df0c600bed4b1;0xf6f87073cf8929c206a77b0694619dc776f89885;0x0d11c704be32a6a296bc5d0a18f707c22be01ba4;eoa;1,149205;0;1,149205;USDC
Sonic;0xa1627a0e1d0ebca9326d2219b84df0c600bed4b1;0xf6f87073cf8929c206a77b0694619dc776f89885;0x0d35a8215963e0b6ba791d6d01f58edc1e7ac3ab;eoa;0;0;0;USDC
Sonic;0xa1627a0e1d0ebca9326d2219b84df0c600bed4b1;0xf6f87073cf8929c206a77b0694619dc776f89885;0x0d9a29106954c0473a140c7e570e99e8e40798c9;eoa;0,000011;0;0,000011;USDC
Sonic;0xa1627a0e1d0ebca9326d2219b84df0c600bed4b1;0xf6f87073cf8929c206a77b0694619dc776f89885;0x0de012fcf1387507be8e0a66010fbe19a65068eb;eoa;0;0;9,883391;USDC
Sonic;0xa1627a0e1d0ebca9326d2219b84df0c600bed4b1;0xf6f87073cf8929c206a77b0694619dc776f89885;0x0dffa0d8f5e3b7ed53b9d11c3789da2be46758ea;eoa;64,721855;0;64,721855;USDC
Sonic;0xa1627a0e1d0ebca9326d2219b84df0c600bed4b1;0xf6f87073cf8929c206a77b0694619dc776f89885;0x0e76fc601fb5a670e2a492196074b29da6b403c2;eoa;0;0;0;USDC
Sonic;0xa1627a0e1d0ebca9326d2219b84df0c600bed4b1;0xf6f87073cf8929c206a77b0694619dc776f89885;0x0edd6eced51b0f0ee830d891ba230ac39ff6f5b3;contract_other;0,000001;0;0,000001;USDC
Sonic;0xa1627a0e1d0ebca9326d2219b84df0c600bed4b1;0xf6f87073cf8929c206a77b0694619dc776f89885;0x0f28143ba5c106eb5c41f0035f9bc5be91687bba;eoa;0,000002;0;0,000002;USDC
Sonic;0xa1627a0e1d0ebca9326d2219b84df0c600bed4b1;0xf6f87073cf8929c206a77b0694619dc776f89885;0x0f3c3349f89f11ca4035b0cce3027e9cc5fc0d55;eoa;0,000003;0;0,000003;USDC
Sonic;0xa1627a0e1d0ebca9326d2219b84df0c600bed4b1;0xf6f87073cf8929c206a77b0694619dc776f89885;0x0f45156f109e474295913d78036fa213b1745d5a;eoa;0,000001;0;0,000001;USDC
Sonic;0xa1627a0e1d0ebca9326d2219b84df0c600bed4b1;0xf6f87073cf8929c206a77b0694619dc776f89885;0x0f8aac1cffcb3cc43bd0b6cc0df1b0db7d0c864b;contract_other;0;0;0;USDC
Sonic;0xa1627a0e1d0ebca9326d2219b84df0c600bed4b1;0xf6f87073cf8929c206a77b0694619dc776f89885;0x10665b2afe28721b8ce08037242de16dadab7cfa;eoa;1,043639;0;1,043639;USDC
Sonic;0xa1627a0e1d0ebca9326d2219b84df0c600bed4b1;0xf6f87073cf8929c206a77b0694619dc776f89885;0x107b361c2a0be597f3d3da6f869fe14b56b08766;eoa;1,043605;0;1,043605;USDC
Sonic;0xa1627a0e1d0ebca9326d2219b84df0c600bed4b1;0xf6f87073cf8929c206a77b0694619dc776f89885;0x1087fb0e3e32d7abbf4e63d35c6b21ce5f2b0480;Gnosis Safe;8,370544;0;8,370544;USDC
Sonic;0xa1627a0e1d0ebca9326d2219b84df0c600bed4b1;0xf6f87073cf8929c206a77b0694619dc776f89885;0x10ba44df917fbbc67f3b5e7fd6320707b66000a6;eoa;0;0;0;USDC
Sonic;0xa1627a0e1d0ebca9326d2219b84df0c600bed4b1;0xf6f87073cf8929c206a77b0694619dc776f89885;0x115589ccdbcace5d473111ea3d01a3eb279dd8c5;eoa;0;0;0;USDC
Sonic;0xa1627a0e1d0ebca9326d2219b84df0c600bed4b1;0xf6f87073cf8929c206a77b0694619dc776f89885;0x11ec86d9ae83c4f513c87aa2153542faff1f31cc;eoa;0;0;0;USDC
Sonic;0xa1627a0e1d0ebca9326d2219b84df0c600bed4b1;0xf6f87073cf8929c206a77b0694619dc776f89885;0x120623e790cc17e47848a2dce36df7a2346ba095;eoa;0,000001;0;0,000001;USDC
Sonic;0xa1627a0e1d0ebca9326d2219b84df0c600bed4b1;0xf6f87073cf8929c206a77b0694619dc776f89885;0x123235cd749ccab2b466da88a07e66089f79bfb4;eoa;0,000001;0;0,000001;USDC
Sonic;0xa1627a0e1d0ebca9326d2219b84df0c600bed4b1;0xf6f87073cf8929c206a77b0694619dc776f89885;0x1263fc2489454deca07ac376b0d399ee66469d79;eoa;0;0;0;USDC
Sonic;0xa1627a0e1d0ebca9326d2219b84df0c600bed4b1;0xf6f87073cf8929c206a77b0694619dc776f89885;0x126ff8fabec84ef8a96f25dd0c2668fb9b7e7088;eoa;0;0;0;USDC
Sonic;0xa1627a0e1d0ebca9326d2219b84df0c600bed4b1;0xf6f87073cf8929c206a77b0694619dc776f89885;0x12c31853922c7d7e0019a27132c82ed6955d276d;eoa;101,078165;0;101,078165;USDC
Sonic;0xa1627a0e1d0ebca9326d2219b84df0c600bed4b1;0xf6f87073cf8929c206a77b0694619dc776f89885;0x1368eb291511cfa4b2396421c9dca60895f6bd66;eoa;26,714489;0;26,714489;USDC
Sonic;0xa1627a0e1d0ebca9326d2219b84df0c600bed4b1;0xf6f87073cf8929c206a77b0694619dc776f89885;0x13dd4c65252274a442428039ae815f3a13e84ff3;eoa;10647,975221;0;10647,975221;USDC
Sonic;0xa1627a0e1d0ebca9326d2219b84df0c600bed4b1;0xf6f87073cf8929c206a77b0694619dc776f89885;0x13e86c4a4bf6af09b2f1a50d012594780b001985;eoa;0,022227;0;0,022227;USDC
Sonic;0xa1627a0e1d0ebca9326d2219b84df0c600bed4b1;0xf6f87073cf8929c206a77b0694619dc776f89885;0x143effc8e32016fed17673e0a4b42319500a6fe3;eoa;25,27042;0;25,27042;USDC
Sonic;0xa1627a0e1d0ebca9326d2219b84df0c600bed4b1;0xf6f87073cf8929c206a77b0694619dc776f89885;0x1483ff30b8d52534f0c811bf52a3deb31c89cf2a;eoa;0,000001;0;0,000001;USDC
Sonic;0xa1627a0e1d0ebca9326d2219b84df0c600bed4b1;0xf6f87073cf8929c206a77b0694619dc776f89885;0x14b606b509fbac1b71967d0c21d3085ce82ab9fe;erc4626_unresolved;0,000007;0;0,000007;USDC
Sonic;0xa1627a0e1d0ebca9326d2219b84df0c600bed4b1;0xf6f87073cf8929c206a77b0694619dc776f89885;0x14fba64b72464c7acd950f8fab6a712a4e61690b;eoa;0;0;0;USDC
Sonic;0xa1627a0e1d0ebca9326d2219b84df0c600bed4b1;0xf6f87073cf8929c206a77b0694619dc776f89885;0x1537f50886d87dfb1916446e971cf57f41d874b7;eoa;0,000002;0;0,000002;USDC
Sonic;0xa1627a0e1d0ebca9326d2219b84df0c600bed4b1;0xf6f87073cf8929c206a77b0694619dc776f89885;0x1563c4751ad2be48fd17464b73585b6ba8b6a5f0;eoa;0,020686;0;16,519914;USDC
Sonic;0xa1627a0e1d0ebca9326d2219b84df0c600bed4b1;0xf6f87073cf8929c206a77b0694619dc776f89885;0x1576df7ed6c2f40947f1eac4656009863ecc7c67;eoa;19,179848;0;19,179848;USDC
Sonic;0xa1627a0e1d0ebca9326d2219b84df0c600bed4b1;0xf6f87073cf8929c206a77b0694619dc776f89885;0x1578fdcd869b0ff6e8a254a40affeb2959c0fb6e;eoa;0;0;0;USDC
Sonic;0xa1627a0e1d0ebca9326d2219b84df0c600bed4b1;0xf6f87073cf8929c206a77b0694619dc776f89885;0x159e420860c805bc585870f516a3a7227b7b1091;eoa;0,000005;0;0,000005;USDC
Sonic;0xa1627a0e1d0ebca9326d2219b84df0c600bed4b1;0xf6f87073cf8929c206a77b0694619dc776f89885;0x16a2dadefa00ff1d7381b81bbf70ea6167bb4d89;eoa;9890,184251;0;9890,184251;USDC
Sonic;0xa1627a0e1d0ebca9326d2219b84df0c600bed4b1;0xf6f87073cf8929c206a77b0694619dc776f89885;0x16a7727397ce4d689754bf00965963ae292d73aa;eoa;63,867743;0;63,867743;USDC
Sonic;0xa1627a0e1d0ebca9326d2219b84df0c600bed4b1;0xf6f87073cf8929c206a77b0694619dc776f89885;0x16b0d66a69121691b21c01113a83dac51043c927;eoa;0;0;0;USDC
Sonic;0xa1627a0e1d0ebca9326d2219b84df0c600bed4b1;0xf6f87073cf8929c206a77b0694619dc776f89885;0x16f562fb6587a19e19761654adb195f8bc879b5d;eoa;0;0;0;USDC
Sonic;0xa1627a0e1d0ebca9326d2219b84df0c600bed4b1;0xf6f87073cf8929c206a77b0694619dc776f89885;0x17b1d9a1a8f0363e04bccdf2839cb107b2297774;eoa;0,000001;0;0,000001;USDC
Sonic;0xa1627a0e1d0ebca9326d2219b84df0c600bed4b1;0xf6f87073cf8929c206a77b0694619dc776f89885;0x18074ae62cee786ccd713aa12430338f08512b89;contract_other;0;0;3,267287;USDC
Sonic;0xa1627a0e1d0ebca9326d2219b84df0c600bed4b1;0xf6f87073cf8929c206a77b0694619dc776f89885;0x18668c448a12714b0422e71f63943f764c721faa;eoa;0;0;0;USDC
Sonic;0xa1627a0e1d0ebca9326d2219b84df0c600bed4b1;0xf6f87073cf8929c206a77b0694619dc776f89885;0x186b12ceaf08fde22e32647fcc800e45876f5bd0;eoa;503,296382;0;549,349766;USDC
Sonic;0xa1627a0e1d0ebca9326d2219b84df0c600bed4b1;0xf6f87073cf8929c206a77b0694619dc776f89885;0x189589abc6794f1c9b385099849c49598e987a68;eoa;0,000001;0;0,000001;USDC
Sonic;0xa1627a0e1d0ebca9326d2219b84df0c600bed4b1;0xf6f87073cf8929c206a77b0694619dc776f89885;0x18b7aceaed4879da2bfad3c9ae2a32062e6e4a55;eoa;1,566595;0;1,566595;USDC
Sonic;0xa1627a0e1d0ebca9326d2219b84df0c600bed4b1;0xf6f87073cf8929c206a77b0694619dc776f89885;0x1916c4eed545f78f402429a7550bb52a83e77b61;contract_other;0,000002;0;0,000002;USDC
Sonic;0xa1627a0e1d0ebca9326d2219b84df0c600bed4b1;0xf6f87073cf8929c206a77b0694619dc776f89885;0x19246d4cb92671d0f2166d00c9de687ead3206f8;eoa;0;0;0;USDC
Sonic;0xa1627a0e1d0ebca9326d2219b84df0c600bed4b1;0xf6f87073cf8929c206a77b0694619dc776f89885;0x1949e964f74c302058374697f5738c95bf541d4f;eoa;0,000001;0;0,000001;USDC
Sonic;0xa1627a0e1d0ebca9326d2219b84df0c600bed4b1;0xf6f87073cf8929c206a77b0694619dc776f89885;0x199745e7b4efead0b2f027e3c3c88b1c77b3b780;eoa;0;0;0;USDC
Sonic;0xa1627a0e1d0ebca9326d2219b84df0c600bed4b1;0xf6f87073cf8929c206a77b0694619dc776f89885;0x19f595c5694b5c66997dbd813fec766a22fe9f1e;eoa;0;0;0;USDC
Sonic;0xa1627a0e1d0ebca9326d2219b84df0c600bed4b1;0xf6f87073cf8929c206a77b0694619dc776f89885;0x1a5a04171dc7143afe49870fcda9c875e5f86f38;eoa;0,051312;0;0,051312;USDC
Sonic;0xa1627a0e1d0ebca9326d2219b84df0c600bed4b1;0xf6f87073cf8929c206a77b0694619dc776f89885;0x1a68598b176492dd92542e84ff79fa7ec06adda1;eoa;0;0;0;USDC
Sonic;0xa1627a0e1d0ebca9326d2219b84df0c600bed4b1;0xf6f87073cf8929c206a77b0694619dc776f89885;0x1ace35d5350da1b71bd7e9e7f5a09ff6cf14d2d6;eoa;139431,54298;0;139431,54298;USDC
Sonic;0xa1627a0e1d0ebca9326d2219b84df0c600bed4b1;0xf6f87073cf8929c206a77b0694619dc776f89885;0x1b150798530d1cbe8f5822ce052656812d5dfc99;eoa;0;0;0;USDC
Sonic;0xa1627a0e1d0ebca9326d2219b84df0c600bed4b1;0xf6f87073cf8929c206a77b0694619dc776f89885;0x1b8b76c7528a9990e3ad435b41758de618a339de;eoa;84,963249;0;84,963249;USDC
Sonic;0xa1627a0e1d0ebca9326d2219b84df0c600bed4b1;0xf6f87073cf8929c206a77b0694619dc776f89885;0x1b9da6a404df58c6bef6336e207c92b0d330bea2;eoa;10,154626;0;10,154626;USDC
Sonic;0xa1627a0e1d0ebca9326d2219b84df0c600bed4b1;0xf6f87073cf8929c206a77b0694619dc776f89885;0x1beb9a08b3caf70e3dc767770e4823c5d0f44b0a;eoa;0,000001;0;0,000001;USDC
Sonic;0xa1627a0e1d0ebca9326d2219b84df0c600bed4b1;0xf6f87073cf8929c206a77b0694619dc776f89885;0x1c3c5942cb0d18a3ece158cac75b70d2ac01e917;eoa;0;0;0;USDC
Sonic;0xa1627a0e1d0ebca9326d2219b84df0c600bed4b1;0xf6f87073cf8929c206a77b0694619dc776f89885;0x1c6d0b4988733193aa54f452b3cdc14e9e802a20;eoa;0,000001;0;0,000001;USDC
Sonic;0xa1627a0e1d0ebca9326d2219b84df0c600bed4b1;0xf6f87073cf8929c206a77b0694619dc776f89885;0x1c8e219f9c55fbec6e697c00c2d91c2d06269eeb;contract_other;0,000011;0;0,000011;USDC
Sonic;0xa1627a0e1d0ebca9326d2219b84df0c600bed4b1;0xf6f87073cf8929c206a77b0694619dc776f89885;0x1c9d8823aebe15ce970d8ebca19dfa493f26c62a;eoa;0,000001;0;0,000001;USDC
Sonic;0xa1627a0e1d0ebca9326d2219b84df0c600bed4b1;0xf6f87073cf8929c206a77b0694619dc776f89885;0x1cb432f80416f07db4420b8c20447924a0658894;eoa;0;0;0;USDC
Sonic;0xa1627a0e1d0ebca9326d2219b84df0c600bed4b1;0xf6f87073cf8929c206a77b0694619dc776f89885;0x1cd14801537a3d1550b7e30a9ed59bf68d8cbc84;eoa;0,000003;0;0,000003;USDC
Sonic;0xa1627a0e1d0ebca9326d2219b84df0c600bed4b1;0xf6f87073cf8929c206a77b0694619dc776f89885;0x1cf6f9c9e0d4a8b50175713d55ec4f2a21411050;eoa;20350,559016;0;20350,559016;USDC
Sonic;0xa1627a0e1d0ebca9326d2219b84df0c600bed4b1;0xf6f87073cf8929c206a77b0694619dc776f89885;0x1cf8423299241f155716eb19d0ca65bea4353f03;eoa;0;0;0;USDC
Sonic;0xa1627a0e1d0ebca9326d2219b84df0c600bed4b1;0xf6f87073cf8929c206a77b0694619dc776f89885;0x1d1e9147a2f48d32fd1520c9f86335db15c66ece;eoa;0;0;0;USDC
Sonic;0xa1627a0e1d0ebca9326d2219b84df0c600bed4b1;0xf6f87073cf8929c206a77b0694619dc776f89885;0x1d71fbaea1a34b8b4d2a8eb3720c1c6faafa5274;eoa;0;0;0;USDC
Sonic;0xa1627a0e1d0ebca9326d2219b84df0c600bed4b1;0xf6f87073cf8929c206a77b0694619dc776f89885;0x1d9c68cfa5fdfb6c585bf01f715d359f3039b63a;eoa;0,010539;0;1,07215;USDC
Sonic;0xa1627a0e1d0ebca9326d2219b84df0c600bed4b1;0xf6f87073cf8929c206a77b0694619dc776f89885;0x1dbfbe4f9796375d36613a3bf36c77265c0cc7aa;eoa;0;0;0;USDC
Sonic;0xa1627a0e1d0ebca9326d2219b84df0c600bed4b1;0xf6f87073cf8929c206a77b0694619dc776f89885;0x1e168699f322a2206c03e5eb444cb6b5ea5155c8;eoa;20,596652;0;20,596652;USDC
Sonic;0xa1627a0e1d0ebca9326d2219b84df0c600bed4b1;0xf6f87073cf8929c206a77b0694619dc776f89885;0x1e26a52fd1d1091eb8b6cd3205391c6e7c40f2d9;eoa;0;0;0;USDC
Sonic;0xa1627a0e1d0ebca9326d2219b84df0c600bed4b1;0xf6f87073cf8929c206a77b0694619dc776f89885;0x1e5f46718bf09697db487bc8de2204cff47da241;contract_other;4,17555;0;4,17555;USDC
Sonic;0xa1627a0e1d0ebca9326d2219b84df0c600bed4b1;0xf6f87073cf8929c206a77b0694619dc776f89885;0x1ecdd9c3f1e6772112078ae155a3557e72600f3b;eoa;0,000004;0;0,000004;USDC
Sonic;0xa1627a0e1d0ebca9326d2219b84df0c600bed4b1;0xf6f87073cf8929c206a77b0694619dc776f89885;0x1eda8196bc0b0195bf35d5abf10df9135f0a60d7;eoa;0;0;0;USDC
Sonic;0xa1627a0e1d0ebca9326d2219b84df0c600bed4b1;0xf6f87073cf8929c206a77b0694619dc776f89885;0x1f4b52ee54b3428741a84355665ea0c8f39d472b;eoa;0,000008;0;0,000008;USDC
Sonic;0xa1627a0e1d0ebca9326d2219b84df0c600bed4b1;0xf6f87073cf8929c206a77b0694619dc776f89885;0x1f54886b250c2e26b103cf3e9226b799b83b8e94;eoa;5,041833;0;5,041833;USDC
Sonic;0xa1627a0e1d0ebca9326d2219b84df0c600bed4b1;0xf6f87073cf8929c206a77b0694619dc776f89885;0x1f5559fa9945be3ac24b82d23930d17afc249227;eoa;0,000002;0;0,000002;USDC
Sonic;0xa1627a0e1d0ebca9326d2219b84df0c600bed4b1;0xf6f87073cf8929c206a77b0694619dc776f89885;0x1f92b5affd12981ef0fa7ba22a802379fd36929e;eoa;5967,755296;0;5967,755296;USDC
Sonic;0xa1627a0e1d0ebca9326d2219b84df0c600bed4b1;0xf6f87073cf8929c206a77b0694619dc776f89885;0x1fcee4f6494ec9b807f023c9b59d6be1ed4d1c0f;eoa;0;0;0;USDC
Sonic;0xa1627a0e1d0ebca9326d2219b84df0c600bed4b1;0xf6f87073cf8929c206a77b0694619dc776f89885;0x1fe809df2a62fe97366593146abeabf837c066c3;eoa;0,000031;0;0,000031;USDC
Sonic;0xa1627a0e1d0ebca9326d2219b84df0c600bed4b1;0xf6f87073cf8929c206a77b0694619dc776f89885;0x2021991a69a4d8cca9d627291a2f0620af05e003;Gnosis Safe;0;0;0;USDC
Sonic;0xa1627a0e1d0ebca9326d2219b84df0c600bed4b1;0xf6f87073cf8929c206a77b0694619dc776f89885;0x203cf6a16897d05a6e96b4242fc3968720974cda;eoa;0;0;0;USDC
Sonic;0xa1627a0e1d0ebca9326d2219b84df0c600bed4b1;0xf6f87073cf8929c206a77b0694619dc776f89885;0x204dac213492a815421a2735c0d06dba0cf99caf;eoa;0,000004;0;0,000004;USDC
Sonic;0xa1627a0e1d0ebca9326d2219b84df0c600bed4b1;0xf6f87073cf8929c206a77b0694619dc776f89885;0x204f18e8cf133a34ffd477856e7001e31b2683b8;eoa;1,043613;0;1,043613;USDC
Sonic;0xa1627a0e1d0ebca9326d2219b84df0c600bed4b1;0xf6f87073cf8929c206a77b0694619dc776f89885;0x2066a3d7ac72eb573a3565c51feed5eb446ba6d5;eoa;0;0;0;USDC
Sonic;0xa1627a0e1d0ebca9326d2219b84df0c600bed4b1;0xf6f87073cf8929c206a77b0694619dc776f89885;0x209f1a7df7730a2275b462fb632cc53e1cd57ea8;eoa;0;0;0;USDC
Sonic;0xa1627a0e1d0ebca9326d2219b84df0c600bed4b1;0xf6f87073cf8929c206a77b0694619dc776f89885;0x20d5f3f40dd1783d4e1075fc028732d60d2b9dd6;eoa;0;0;0;USDC
Sonic;0xa1627a0e1d0ebca9326d2219b84df0c600bed4b1;0xf6f87073cf8929c206a77b0694619dc776f89885;0x20e1278201ac58d6f62ea5f7198ca14cb043ec2b;eoa;0,000001;0;0,000001;USDC
Sonic;0xa1627a0e1d0ebca9326d2219b84df0c600bed4b1;0xf6f87073cf8929c206a77b0694619dc776f89885;0x20f537312240f9f768d7e1f1b33e5b733b9cd25d;contract_other;0,000017;0;0,000017;USDC
Sonic;0xa1627a0e1d0ebca9326d2219b84df0c600bed4b1;0xf6f87073cf8929c206a77b0694619dc776f89885;0x2161a8a79f7d237434792d22a17a8911bee9322b;eoa;14,861833;0;14,861833;USDC
Sonic;0xa1627a0e1d0ebca9326d2219b84df0c600bed4b1;0xf6f87073cf8929c206a77b0694619dc776f89885;0x21675eb4b84d8da317b79dcb2b7cce748f7956cd;contract_other;0;0;0;USDC
Sonic;0xa1627a0e1d0ebca9326d2219b84df0c600bed4b1;0xf6f87073cf8929c206a77b0694619dc776f89885;0x216be7c987b81a71bc0198b98752bb4a51be18ec;eoa;0,000004;0;0,000004;USDC
Sonic;0xa1627a0e1d0ebca9326d2219b84df0c600bed4b1;0xf6f87073cf8929c206a77b0694619dc776f89885;0x21ae49c55c7542b5a2ed20e766d5d01114dda356;eoa;0;0;0;USDC
Sonic;0xa1627a0e1d0ebca9326d2219b84df0c600bed4b1;0xf6f87073cf8929c206a77b0694619dc776f89885;0x22216c68b75038ef88d18a979dfc881b5121acde;eoa;2,417228;0;2,417228;USDC
Sonic;0xa1627a0e1d0ebca9326d2219b84df0c600bed4b1;0xf6f87073cf8929c206a77b0694619dc776f89885;0x22b387735f956b1d58897f2af2aee972b7b08095;eoa;10,027395;0;9,944095;USDC
Sonic;0xa1627a0e1d0ebca9326d2219b84df0c600bed4b1;0xf6f87073cf8929c206a77b0694619dc776f89885;0x22e916361cf092c02a12ffc57a55447ee1a6da3f;eoa;0;0;0;USDC
Sonic;0xa1627a0e1d0ebca9326d2219b84df0c600bed4b1;0xf6f87073cf8929c206a77b0694619dc776f89885;0x231d04d32ddc9573b775b1738b51f8108639017c;eoa;0,000046;0;0,000046;USDC
Sonic;0xa1627a0e1d0ebca9326d2219b84df0c600bed4b1;0xf6f87073cf8929c206a77b0694619dc776f89885;0x232feca53225f905613b14f9a9c0c4b9399c4fe4;eoa;0,000004;0;0,000004;USDC
Sonic;0xa1627a0e1d0ebca9326d2219b84df0c600bed4b1;0xf6f87073cf8929c206a77b0694619dc776f89885;0x234ca0004c5ebe6f1c3503b9706a8ec7e4cd168e;eoa;0,000001;0;0,000001;USDC
Sonic;0xa1627a0e1d0ebca9326d2219b84df0c600bed4b1;0xf6f87073cf8929c206a77b0694619dc776f89885;0x235615576f75933e7e26f3e775e28ec7ec251b2b;eoa;0,000004;0;0,000004;USDC
Sonic;0xa1627a0e1d0ebca9326d2219b84df0c600bed4b1;0xf6f87073cf8929c206a77b0694619dc776f89885;0x2362d1ab114752f8937abb980960e361e6435894;eoa;12,340296;0;12,340296;USDC
Sonic;0xa1627a0e1d0ebca9326d2219b84df0c600bed4b1;0xf6f87073cf8929c206a77b0694619dc776f89885;0x23b2d6d3fc828e7f0fc758fd591d5e7a395266a7;eoa;0;0;0;USDC
Sonic;0xa1627a0e1d0ebca9326d2219b84df0c600bed4b1;0xf6f87073cf8929c206a77b0694619dc776f89885;0x23cd671c5fb77251579ae915dc3581bf099338ee;eoa;10,436028;0;10,436028;USDC
Sonic;0xa1627a0e1d0ebca9326d2219b84df0c600bed4b1;0xf6f87073cf8929c206a77b0694619dc776f89885;0x23fce5de29d7ab382a9aecd2e727167c6747496a;eoa;0,000003;0;0,000003;USDC
Sonic;0xa1627a0e1d0ebca9326d2219b84df0c600bed4b1;0xf6f87073cf8929c206a77b0694619dc776f89885;0x2406017a9c9d34608f67b46047a94c577d884b72;eoa;0,000002;0;0,000002;USDC
Sonic;0xa1627a0e1d0ebca9326d2219b84df0c600bed4b1;0xf6f87073cf8929c206a77b0694619dc776f89885;0x2409e63be7c13b71ff9690acad1ddc04c92a8006;eoa;20264,813248;0;19956,826066;USDC
Sonic;0xa1627a0e1d0ebca9326d2219b84df0c600bed4b1;0xf6f87073cf8929c206a77b0694619dc776f89885;0x2418f2876cef7d9c0ce7fb04bad88077a9e15edd;eoa;3,654321;0;3,654321;USDC
Sonic;0xa1627a0e1d0ebca9326d2219b84df0c600bed4b1;0xf6f87073cf8929c206a77b0694619dc776f89885;0x24313ac2cc6e514311084a7b8158389f6c94c5aa;eoa;1023,762033;0;1023,762033;USDC
Sonic;0xa1627a0e1d0ebca9326d2219b84df0c600bed4b1;0xf6f87073cf8929c206a77b0694619dc776f89885;0x248b007f76e7616791b8fe278c93096ddcf67f25;eoa;1262,194986;0;1262,194986;USDC
Sonic;0xa1627a0e1d0ebca9326d2219b84df0c600bed4b1;0xf6f87073cf8929c206a77b0694619dc776f89885;0x249485e8a4446e8b2b71b23750ae62cabdd72b63;eoa;0;0;0;USDC
Sonic;0xa1627a0e1d0ebca9326d2219b84df0c600bed4b1;0xf6f87073cf8929c206a77b0694619dc776f89885;0x24e9a18a75faceedd14aeee845c0b8c66f112f91;eoa;24,870864;0;23,82518;USDC
Sonic;0xa1627a0e1d0ebca9326d2219b84df0c600bed4b1;0xf6f87073cf8929c206a77b0694619dc776f89885;0x250b5952b860dcbc3edb9ca826acba7f6d378181;eoa;0,000001;0;0,000001;USDC
Sonic;0xa1627a0e1d0ebca9326d2219b84df0c600bed4b1;0xf6f87073cf8929c206a77b0694619dc776f89885;0x256455b367f1dd4438aa53cdbfd40782a2ced64e;eoa;1716,388114;0;1716,388114;USDC
Sonic;0xa1627a0e1d0ebca9326d2219b84df0c600bed4b1;0xf6f87073cf8929c206a77b0694619dc776f89885;0x25659eefd7cae21566a257420bbcb0c8317ef94f;eoa;1,150113;0;1,150113;USDC
Sonic;0xa1627a0e1d0ebca9326d2219b84df0c600bed4b1;0xf6f87073cf8929c206a77b0694619dc776f89885;0x258473a955e900385f984fb3fbfd7480d5949cd7;eoa;0;0;0;USDC
Sonic;0xa1627a0e1d0ebca9326d2219b84df0c600bed4b1;0xf6f87073cf8929c206a77b0694619dc776f89885;0x259224e5652b84a00f8d15c63d756488ca25a65b;eoa;4,179901;0;4,179901;USDC
Sonic;0xa1627a0e1d0ebca9326d2219b84df0c600bed4b1;0xf6f87073cf8929c206a77b0694619dc776f89885;0x261aec3ff5982d4bf982c00857bf02aac731f313;eoa;0;0;0;USDC
Sonic;0xa1627a0e1d0ebca9326d2219b84df0c600bed4b1;0xf6f87073cf8929c206a77b0694619dc776f89885;0x26ae58f1b215e776539f465cf3aebbda877489f6;eoa;0;0;0;USDC
Sonic;0xa1627a0e1d0ebca9326d2219b84df0c600bed4b1;0xf6f87073cf8929c206a77b0694619dc776f89885;0x26dcb0d7d48aa979da81f2fce331ce6e028b00d7;eoa;0;0;0;USDC
Sonic;0xa1627a0e1d0ebca9326d2219b84df0c600bed4b1;0xf6f87073cf8929c206a77b0694619dc776f89885;0x27d475c8279fe603647a976cf55b657b0cef8070;eoa;474,241404;0;0;USDC
Sonic;0xa1627a0e1d0ebca9326d2219b84df0c600bed4b1;0xf6f87073cf8929c206a77b0694619dc776f89885;0x28268f23e578ce72309988c05bd61da0faea8a7d;eoa;0;0;0;USDC
Sonic;0xa1627a0e1d0ebca9326d2219b84df0c600bed4b1;0xf6f87073cf8929c206a77b0694619dc776f89885;0x285b196dfab5c9134cf9a7e8b74cfe9abe34c3f7;eoa;1,044102;0;1,044102;USDC
Sonic;0xa1627a0e1d0ebca9326d2219b84df0c600bed4b1;0xf6f87073cf8929c206a77b0694619dc776f89885;0x28a32e55761db2671a50ac172f53cfcd48f00c3f;eoa;0,000001;0;0,000001;USDC
Sonic;0xa1627a0e1d0ebca9326d2219b84df0c600bed4b1;0xf6f87073cf8929c206a77b0694619dc776f89885;0x28c974c18c6553b445c4b77f35d83f3499acf58f;eoa;0;0;0,000178;USDC
Sonic;0xa1627a0e1d0ebca9326d2219b84df0c600bed4b1;0xf6f87073cf8929c206a77b0694619dc776f89885;0x28e8469dfd89e9f09abf3bcdcfb9f802c3f022f4;eoa;0,000007;0;0,000007;USDC
Sonic;0xa1627a0e1d0ebca9326d2219b84df0c600bed4b1;0xf6f87073cf8929c206a77b0694619dc776f89885;0x2907b53ffa68caf0dd79b6f8c1238ba8b6708169;eoa;1,04359;0;1,04359;USDC
Sonic;0xa1627a0e1d0ebca9326d2219b84df0c600bed4b1;0xf6f87073cf8929c206a77b0694619dc776f89885;0x2920c5b42d53a99f28a9803dd38e35fd60f8f22a;eoa;0;0;0;USDC
Sonic;0xa1627a0e1d0ebca9326d2219b84df0c600bed4b1;0xf6f87073cf8929c206a77b0694619dc776f89885;0x29431b4faee63881b4eab6663d35585dea20c8c6;eoa;1,045387;0;1,045387;USDC
Sonic;0xa1627a0e1d0ebca9326d2219b84df0c600bed4b1;0xf6f87073cf8929c206a77b0694619dc776f89885;0x296e72969d480aad7266911546e74577a1435114;eoa;0;0;0;USDC
Sonic;0xa1627a0e1d0ebca9326d2219b84df0c600bed4b1;0xf6f87073cf8929c206a77b0694619dc776f89885;0x29e2c919e36c0583582bf5e39ff542e3c8b88c47;eoa;0,000002;0;0,000002;USDC
Sonic;0xa1627a0e1d0ebca9326d2219b84df0c600bed4b1;0xf6f87073cf8929c206a77b0694619dc776f89885;0x29f82d09c2afd12f3c10ee49cd713331f4a7228e;eoa;9495,286496;0;9495,286496;USDC
Sonic;0xa1627a0e1d0ebca9326d2219b84df0c600bed4b1;0xf6f87073cf8929c206a77b0694619dc776f89885;0x2a1842bac18058078f682e1996f763480081174a;eoa;0;0;0;USDC
Sonic;0xa1627a0e1d0ebca9326d2219b84df0c600bed4b1;0xf6f87073cf8929c206a77b0694619dc776f89885;0x2a235a9321723a6dcb6bc3a4e4995cc39a762cd1;eoa;0;0;0;USDC
Sonic;0xa1627a0e1d0ebca9326d2219b84df0c600bed4b1;0xf6f87073cf8929c206a77b0694619dc776f89885;0x2ad8079f0f1f648956bad476f107df60a23779fb;eoa;0;0;0;USDC
Sonic;0xa1627a0e1d0ebca9326d2219b84df0c600bed4b1;0xf6f87073cf8929c206a77b0694619dc776f89885;0x2b11ef91f6a11449a1e7ebb860e9c66fd6e0345f;eoa;1,044775;0;1,044775;USDC
Sonic;0xa1627a0e1d0ebca9326d2219b84df0c600bed4b1;0xf6f87073cf8929c206a77b0694619dc776f89885;0x2b4c1010731e151d4ab992c2c6c70c89bddbd773;eoa;0;0;0;USDC
Sonic;0xa1627a0e1d0ebca9326d2219b84df0c600bed4b1;0xf6f87073cf8929c206a77b0694619dc776f89885;0x2b5560f15310f8ecb9342512e9df71ca4d352c88;eoa;3046,614457;0;3046,610991;USDC
Sonic;0xa1627a0e1d0ebca9326d2219b84df0c600bed4b1;0xf6f87073cf8929c206a77b0694619dc776f89885;0x2b6d4f63eecd81e75be0c679c1f5ace848a371c3;eoa;0;0;0;USDC
Sonic;0xa1627a0e1d0ebca9326d2219b84df0c600bed4b1;0xf6f87073cf8929c206a77b0694619dc776f89885;0x2b9849db25593056c9b0426dd8a949fefbb79308;eoa;5043,560064;0;5043,560064;USDC
Sonic;0xa1627a0e1d0ebca9326d2219b84df0c600bed4b1;0xf6f87073cf8929c206a77b0694619dc776f89885;0x2bb49f11131f5537f46cb356a1bf93a8169a2720;eoa;0,000001;0;0,000001;USDC
Sonic;0xa1627a0e1d0ebca9326d2219b84df0c600bed4b1;0xf6f87073cf8929c206a77b0694619dc776f89885;0x2be250612790d1df5ebfea46c2346654cd7a0afa;eoa;0,000002;0;0;USDC
Sonic;0xa1627a0e1d0ebca9326d2219b84df0c600bed4b1;0xf6f87073cf8929c206a77b0694619dc776f89885;0x2c09e2377f651d19b081517bdf6dbca486af172f;eoa;0;0;0;USDC
Sonic;0xa1627a0e1d0ebca9326d2219b84df0c600bed4b1;0xf6f87073cf8929c206a77b0694619dc776f89885;0x2c0ad3ffb832ca5643983f2e99a7bd85c72c34ef;eoa;0;0;0;USDC
Sonic;0xa1627a0e1d0ebca9326d2219b84df0c600bed4b1;0xf6f87073cf8929c206a77b0694619dc776f89885;0x2c177735792af1f07b37fc44fb875c18be3fb4fc;eoa;0,000001;0;0,000001;USDC
Sonic;0xa1627a0e1d0ebca9326d2219b84df0c600bed4b1;0xf6f87073cf8929c206a77b0694619dc776f89885;0x2ca43ede57dc4bc707b4ac9ca9c77798cfc6bd9e;eoa;0;0;0;USDC
Sonic;0xa1627a0e1d0ebca9326d2219b84df0c600bed4b1;0xf6f87073cf8929c206a77b0694619dc776f89885;0x2cc38fb901ad772018fe957c309c2372833e1d1a;eoa;0;0;0;USDC
Sonic;0xa1627a0e1d0ebca9326d2219b84df0c600bed4b1;0xf6f87073cf8929c206a77b0694619dc776f89885;0x2d5e088c705e4370a6f35c4eaaa10d0e9de6c895;eoa;0;0;0;USDC
Sonic;0xa1627a0e1d0ebca9326d2219b84df0c600bed4b1;0xf6f87073cf8929c206a77b0694619dc776f89885;0x2d61042e5ccca534e29ea58b79ad02415442f699;eoa;274,578642;0;274,578642;USDC
Sonic;0xa1627a0e1d0ebca9326d2219b84df0c600bed4b1;0xf6f87073cf8929c206a77b0694619dc776f89885;0x2d6563f7b456573107db093de224c6b97e8b5a96;eoa;0;0;0;USDC
Sonic;0xa1627a0e1d0ebca9326d2219b84df0c600bed4b1;0xf6f87073cf8929c206a77b0694619dc776f89885;0x2d7f5212e93740a74b99d8a0799b4514061dbda5;eoa;0,000045;0;0,000045;USDC
Sonic;0xa1627a0e1d0ebca9326d2219b84df0c600bed4b1;0xf6f87073cf8929c206a77b0694619dc776f89885;0x2e509d6d90a36c999007eb4e2614dbb141289cb5;eoa;0;0;0;USDC
Sonic;0xa1627a0e1d0ebca9326d2219b84df0c600bed4b1;0xf6f87073cf8929c206a77b0694619dc776f89885;0x2e598eb2703069ebaabec95adcf684bc12a3eafd;eoa;0;0;0;USDC
Sonic;0xa1627a0e1d0ebca9326d2219b84df0c600bed4b1;0xf6f87073cf8929c206a77b0694619dc776f89885;0x2e61d8fca5fa250e7269dfad5d9347f674915bd2;eoa;0,000001;0;0,000001;USDC
Sonic;0xa1627a0e1d0ebca9326d2219b84df0c600bed4b1;0xf6f87073cf8929c206a77b0694619dc776f89885;0x2e7caed2701104221a25f616e8b62c0139a42c68;eoa;4,17456;0;4,17456;USDC
Sonic;0xa1627a0e1d0ebca9326d2219b84df0c600bed4b1;0xf6f87073cf8929c206a77b0694619dc776f89885;0x2e9ce2470f1b7569b1445ad0e7330a39d3bd3dde;eoa;0;0;0;USDC
Sonic;0xa1627a0e1d0ebca9326d2219b84df0c600bed4b1;0xf6f87073cf8929c206a77b0694619dc776f89885;0x2ed215b5ccc272eadcf6c69871250d2698ce569a;eoa;13,574593;0;13,574593;USDC
Sonic;0xa1627a0e1d0ebca9326d2219b84df0c600bed4b1;0xf6f87073cf8929c206a77b0694619dc776f89885;0x2f140ef7f3ab90602881ea37a6a63f023ac7b57f;eoa;0;0;0;USDC
Sonic;0xa1627a0e1d0ebca9326d2219b84df0c600bed4b1;0xf6f87073cf8929c206a77b0694619dc776f89885;0x2f843ec4ba0a0c14813ec00fc20f7bd87cc08f63;eoa;0,000002;0;0,000002;USDC
Sonic;0xa1627a0e1d0ebca9326d2219b84df0c600bed4b1;0xf6f87073cf8929c206a77b0694619dc776f89885;0x2fbe8ed4d76526490c6ee4c1674822770ad8a4d9;eoa;0;0;0;USDC
Sonic;0xa1627a0e1d0ebca9326d2219b84df0c600bed4b1;0xf6f87073cf8929c206a77b0694619dc776f89885;0x30044b7c080a6e456386d5b9c370dc7c259ae2cd;eoa;2812,201589;0;2812,201589;USDC
Sonic;0xa1627a0e1d0ebca9326d2219b84df0c600bed4b1;0xf6f87073cf8929c206a77b0694619dc776f89885;0x300a19ddc3a5371086943e0c06667ea30c23d98c;eoa;180669,405304;0;180669,405304;USDC
Sonic;0xa1627a0e1d0ebca9326d2219b84df0c600bed4b1;0xf6f87073cf8929c206a77b0694619dc776f89885;0x301a111d510702defb8498ba4a2d5c012bcc784c;eoa;6,249592;0;6,249592;USDC
Sonic;0xa1627a0e1d0ebca9326d2219b84df0c600bed4b1;0xf6f87073cf8929c206a77b0694619dc776f89885;0x3092edd44722221d2748269788c12ba93582acb4;eoa;6612,497923;0;6612,497923;USDC
Sonic;0xa1627a0e1d0ebca9326d2219b84df0c600bed4b1;0xf6f87073cf8929c206a77b0694619dc776f89885;0x309c6b4833b64dd71c5ffedbb3f2543a3a34a250;eoa;0,000003;0;0,000003;USDC
Sonic;0xa1627a0e1d0ebca9326d2219b84df0c600bed4b1;0xf6f87073cf8929c206a77b0694619dc776f89885;0x30b12942912cee5a719edec2dd147224fcc373a0;eoa;3658,069441;0;3658,069441;USDC
Sonic;0xa1627a0e1d0ebca9326d2219b84df0c600bed4b1;0xf6f87073cf8929c206a77b0694619dc776f89885;0x3125a38881b0ec053fa28a8f912248913cc21cc0;eoa;0,000003;0;0,000003;USDC
Sonic;0xa1627a0e1d0ebca9326d2219b84df0c600bed4b1;0xf6f87073cf8929c206a77b0694619dc776f89885;0x3158f5de95cb64ddfac891aafc27be52449e74f3;eoa;2,927912;0;2,927912;USDC
Sonic;0xa1627a0e1d0ebca9326d2219b84df0c600bed4b1;0xf6f87073cf8929c206a77b0694619dc776f89885;0x315b3afb961be3942d3afbe5072fee38d7dc0254;eoa;0,000531;0;0,000531;USDC
Sonic;0xa1627a0e1d0ebca9326d2219b84df0c600bed4b1;0xf6f87073cf8929c206a77b0694619dc776f89885;0x318b01ab7b0fafbc4dad578488674643206fe192;eoa;0,000007;0;0,000007;USDC
Sonic;0xa1627a0e1d0ebca9326d2219b84df0c600bed4b1;0xf6f87073cf8929c206a77b0694619dc776f89885;0x31d90934f202aa708ffc094b0658e35121a0af91;eoa;0;0;0;USDC
Sonic;0xa1627a0e1d0ebca9326d2219b84df0c600bed4b1;0xf6f87073cf8929c206a77b0694619dc776f89885;0x31fd4eba0f04668fee02a55aa4ce0b177fdace8b;eoa;0;0;0;USDC
Sonic;0xa1627a0e1d0ebca9326d2219b84df0c600bed4b1;0xf6f87073cf8929c206a77b0694619dc776f89885;0x321d3a604e33ba37aa619f02df9f031e810610e2;eoa;0,000001;0;0,000001;USDC
Sonic;0xa1627a0e1d0ebca9326d2219b84df0c600bed4b1;0xf6f87073cf8929c206a77b0694619dc776f89885;0x321dc9545c5d0df810b59575f5cc517d99e7e3a5;eoa;0;0;0;USDC
Sonic;0xa1627a0e1d0ebca9326d2219b84df0c600bed4b1;0xf6f87073cf8929c206a77b0694619dc776f89885;0x32ba52adbda37b1b3f1e3d57fc3629abc045ebc9;eoa;1,252339;0;1,252339;USDC
Sonic;0xa1627a0e1d0ebca9326d2219b84df0c600bed4b1;0xf6f87073cf8929c206a77b0694619dc776f89885;0x33352c5e94fb2404094a67f1ed0960933458a636;eoa;0,000009;0;0,000009;USDC
Sonic;0xa1627a0e1d0ebca9326d2219b84df0c600bed4b1;0xf6f87073cf8929c206a77b0694619dc776f89885;0x333b72521dd9cac06b3677d8b996821ddb0b4aa2;eoa;0,000001;0;0,000001;USDC
Sonic;0xa1627a0e1d0ebca9326d2219b84df0c600bed4b1;0xf6f87073cf8929c206a77b0694619dc776f89885;0x33ae316fcbea378c08d53be8b3803f34babd3e61;eoa;0;0;0;USDC
Sonic;0xa1627a0e1d0ebca9326d2219b84df0c600bed4b1;0xf6f87073cf8929c206a77b0694619dc776f89885;0x33bd8d5a4f40285df90694ccb29d6f5859c3977e;eoa;0;0;0;USDC
Sonic;0xa1627a0e1d0ebca9326d2219b84df0c600bed4b1;0xf6f87073cf8929c206a77b0694619dc776f89885;0x33e321c36c9f804203e17ff74ff8e9e3a41bf912;eoa;0,000001;0;0,000001;USDC
Sonic;0xa1627a0e1d0ebca9326d2219b84df0c600bed4b1;0xf6f87073cf8929c206a77b0694619dc776f89885;0x34327028c727613872cd80122b9a489a4b9c0bfa;eoa;0,000001;0;0,000001;USDC
Sonic;0xa1627a0e1d0ebca9326d2219b84df0c600bed4b1;0xf6f87073cf8929c206a77b0694619dc776f89885;0x344115ac238010b1f2cf89f3b626730d7909536b;eoa;7113,70486;0;7113,70486;USDC
Sonic;0xa1627a0e1d0ebca9326d2219b84df0c600bed4b1;0xf6f87073cf8929c206a77b0694619dc776f89885;0x344290fc20681b35d5b8f32c6d155fd45eaecd64;eoa;0,000001;0;0,000001;USDC
Sonic;0xa1627a0e1d0ebca9326d2219b84df0c600bed4b1;0xf6f87073cf8929c206a77b0694619dc776f89885;0x345183a7f823bfe41ba7a52bc04265e264a6ddd9;eoa;0;0;0;USDC
Sonic;0xa1627a0e1d0ebca9326d2219b84df0c600bed4b1;0xf6f87073cf8929c206a77b0694619dc776f89885;0x346ba2427337264f5fa8305a281ee7481a18f427;Gnosis Safe;14,412246;0;14,412246;USDC
Sonic;0xa1627a0e1d0ebca9326d2219b84df0c600bed4b1;0xf6f87073cf8929c206a77b0694619dc776f89885;0x349a27b247016b4cce4f5ab7b89689f6ed9958f5;eoa;0;0;0;USDC
Sonic;0xa1627a0e1d0ebca9326d2219b84df0c600bed4b1;0xf6f87073cf8929c206a77b0694619dc776f89885;0x34ab6cc693ed5f706ecece5f8074edff3ed58bcf;eoa;0;0;0;USDC
Sonic;0xa1627a0e1d0ebca9326d2219b84df0c600bed4b1;0xf6f87073cf8929c206a77b0694619dc776f89885;0x34cff92d6bf2d893b8a1328f405377fe32d1d881;eoa;0;0;0;USDC
Sonic;0xa1627a0e1d0ebca9326d2219b84df0c600bed4b1;0xf6f87073cf8929c206a77b0694619dc776f89885;0x34f6ea796d06870db4dd5775d9e665539bc6bba0;eoa;0,000003;0;0,000003;USDC
Sonic;0xa1627a0e1d0ebca9326d2219b84df0c600bed4b1;0xf6f87073cf8929c206a77b0694619dc776f89885;0x352245dd57423a176e582174e2ca76b1a3229502;eoa;2,233794;0;2,233794;USDC
Sonic;0xa1627a0e1d0ebca9326d2219b84df0c600bed4b1;0xf6f87073cf8929c206a77b0694619dc776f89885;0x358a977754b0a8be90c5260df549b309db5bba58;eoa;0;0;0;USDC
Sonic;0xa1627a0e1d0ebca9326d2219b84df0c600bed4b1;0xf6f87073cf8929c206a77b0694619dc776f89885;0x35a4daaad6ed7801d7cae378989889e6aac477c4;eoa;0,000001;0;0,000001;USDC
Sonic;0xa1627a0e1d0ebca9326d2219b84df0c600bed4b1;0xf6f87073cf8929c206a77b0694619dc776f89885;0x35b8a4be780535f905aef3ae217519b81f598b4c;eoa;0;0;0;USDC
Sonic;0xa1627a0e1d0ebca9326d2219b84df0c600bed4b1;0xf6f87073cf8929c206a77b0694619dc776f89885;0x35bf43bab0760d387966b4cffc742c6ea13e9aeb;eoa;0,000001;0;0,000001;USDC
Sonic;0xa1627a0e1d0ebca9326d2219b84df0c600bed4b1;0xf6f87073cf8929c206a77b0694619dc776f89885;0x35c0c5b748270f36df0b106bc6f0d09124c92623;eoa;0;0;0;USDC
Sonic;0xa1627a0e1d0ebca9326d2219b84df0c600bed4b1;0xf6f87073cf8929c206a77b0694619dc776f89885;0x3662b00cf8b66fd4714da3cdae29ada652d75630;contract_other;0;0;0;USDC
Sonic;0xa1627a0e1d0ebca9326d2219b84df0c600bed4b1;0xf6f87073cf8929c206a77b0694619dc776f89885;0x36c3b55ce7372f5136c606dd5da66f75c1365734;eoa;0,000004;0;0,000004;USDC
Sonic;0xa1627a0e1d0ebca9326d2219b84df0c600bed4b1;0xf6f87073cf8929c206a77b0694619dc776f89885;0x37c08b8935a51e236f030fd9be48363cc2fa4321;eoa;0;0;0;USDC
Sonic;0xa1627a0e1d0ebca9326d2219b84df0c600bed4b1;0xf6f87073cf8929c206a77b0694619dc776f89885;0x37cf51ce4beb935c51fd365a40396f6c0446846e;eoa;0;0;0;USDC
Sonic;0xa1627a0e1d0ebca9326d2219b84df0c600bed4b1;0xf6f87073cf8929c206a77b0694619dc776f89885;0x37d44f1cdc80596202bf9560eb59f644332c7497;eoa;0,000003;0;0,000003;USDC
Sonic;0xa1627a0e1d0ebca9326d2219b84df0c600bed4b1;0xf6f87073cf8929c206a77b0694619dc776f89885;0x3846e7a1a5dea3f43104ed89ff0e6ffd1cc74b6e;eoa;0,000004;0;0,000004;USDC
Sonic;0xa1627a0e1d0ebca9326d2219b84df0c600bed4b1;0xf6f87073cf8929c206a77b0694619dc776f89885;0x38b5bce574236dd97354924bea4340c8f4279d73;eoa;0,000001;0;0,000001;USDC
Sonic;0xa1627a0e1d0ebca9326d2219b84df0c600bed4b1;0xf6f87073cf8929c206a77b0694619dc776f89885;0x39041f1b366fe33f9a5a79de5120f2aee2577ebc;eoa;0,000002;0;0,000002;USDC
Sonic;0xa1627a0e1d0ebca9326d2219b84df0c600bed4b1;0xf6f87073cf8929c206a77b0694619dc776f89885;0x397d07d738f7efe89474eafd9468341ec44c005f;eoa;51,839222;0;51,839222;USDC
Sonic;0xa1627a0e1d0ebca9326d2219b84df0c600bed4b1;0xf6f87073cf8929c206a77b0694619dc776f89885;0x39b3f18e0e71e6962161a6cd55d2f6152c30b18c;contract_other;0;0;0;USDC
Sonic;0xa1627a0e1d0ebca9326d2219b84df0c600bed4b1;0xf6f87073cf8929c206a77b0694619dc776f89885;0x3a15cac48a2fd24f5c480e2d0a97d388ac418c02;eoa;0;0;0;USDC
Sonic;0xa1627a0e1d0ebca9326d2219b84df0c600bed4b1;0xf6f87073cf8929c206a77b0694619dc776f89885;0x3a23f943181408eac424116af7b7790c94cb97a5;contract_other;0,000007;0;0,000007;USDC
Sonic;0xa1627a0e1d0ebca9326d2219b84df0c600bed4b1;0xf6f87073cf8929c206a77b0694619dc776f89885;0x3a33c49717d265251ef1039b863404e4a0755647;eoa;0,000001;0;0,000001;USDC
Sonic;0xa1627a0e1d0ebca9326d2219b84df0c600bed4b1;0xf6f87073cf8929c206a77b0694619dc776f89885;0x3a3e1c8bfbd6616a9819b4591f297d1a431628f3;eoa;0;0;0;USDC
Sonic;0xa1627a0e1d0ebca9326d2219b84df0c600bed4b1;0xf6f87073cf8929c206a77b0694619dc776f89885;0x3a48d334363e1f6fd61be34f5c11e46169f61f2c;eoa;0,000002;0;0,000002;USDC
Sonic;0xa1627a0e1d0ebca9326d2219b84df0c600bed4b1;0xf6f87073cf8929c206a77b0694619dc776f89885;0x3a5ff107f4a0159c29bb1397951f3a9268414d37;eoa;0;0;0;USDC
Sonic;0xa1627a0e1d0ebca9326d2219b84df0c600bed4b1;0xf6f87073cf8929c206a77b0694619dc776f89885;0x3a7b94990521fa16037403328adcad2ef5f71e79;eoa;0,000001;0;0,000001;USDC
Sonic;0xa1627a0e1d0ebca9326d2219b84df0c600bed4b1;0xf6f87073cf8929c206a77b0694619dc776f89885;0x3a9f6c7b6c6cd3a7f8a7b68ee8e37a9b11c47f28;eoa;0;0;0;USDC
Sonic;0xa1627a0e1d0ebca9326d2219b84df0c600bed4b1;0xf6f87073cf8929c206a77b0694619dc776f89885;0x3ae524d3d330130ab22c3719ca913a3d4a8de504;Gnosis Safe;852,570908;0;-0,000001;USDC
Sonic;0xa1627a0e1d0ebca9326d2219b84df0c600bed4b1;0xf6f87073cf8929c206a77b0694619dc776f89885;0x3b1594b3baa8e6602b2bb21c7875df15e0298dda;eoa;0;0;0;USDC
Sonic;0xa1627a0e1d0ebca9326d2219b84df0c600bed4b1;0xf6f87073cf8929c206a77b0694619dc776f89885;0x3b99636439fba6314c0f52d35fed2ff442191407;eoa;0,000004;0;0,000004;USDC
Sonic;0xa1627a0e1d0ebca9326d2219b84df0c600bed4b1;0xf6f87073cf8929c206a77b0694619dc776f89885;0x3ba56bd2ddf751c6d1929e9f499a1718d424811f;contract_other;70844,109848;0;27669,789481;USDC
Sonic;0xa1627a0e1d0ebca9326d2219b84df0c600bed4b1;0xf6f87073cf8929c206a77b0694619dc776f89885;0x3bd58ccee4325ffc37838c2c76b0381e47e0111f;eoa;0;0;0;USDC
Sonic;0xa1627a0e1d0ebca9326d2219b84df0c600bed4b1;0xf6f87073cf8929c206a77b0694619dc776f89885;0x3c055a2fae0f259e67b1085b280ef913888c9de4;eoa;0;0;0;USDC
Sonic;0xa1627a0e1d0ebca9326d2219b84df0c600bed4b1;0xf6f87073cf8929c206a77b0694619dc776f89885;0x3c1677e45c187f1426562c0be13749acc5374319;contract_other;0,791848;0;0,791848;USDC
Sonic;0xa1627a0e1d0ebca9326d2219b84df0c600bed4b1;0xf6f87073cf8929c206a77b0694619dc776f89885;0x3c173f1baf9f97bf244796c0179952a6a2e9c248;eoa;0,000003;0;0,000003;USDC
Sonic;0xa1627a0e1d0ebca9326d2219b84df0c600bed4b1;0xf6f87073cf8929c206a77b0694619dc776f89885;0x3c5aac016ef2f178e8699d6208796a2d67557fe2;eoa;0;0;0;USDC
Sonic;0xa1627a0e1d0ebca9326d2219b84df0c600bed4b1;0xf6f87073cf8929c206a77b0694619dc776f89885;0x3c7bc2bf27e0a91ecd97dba1325af61e4cf47efd;eoa;0,000001;0;0;USDC
Sonic;0xa1627a0e1d0ebca9326d2219b84df0c600bed4b1;0xf6f87073cf8929c206a77b0694619dc776f89885;0x3cd789516fb5018770ae4e96b0e2ba4cbdd0911c;eoa;0;0;0;USDC
Sonic;0xa1627a0e1d0ebca9326d2219b84df0c600bed4b1;0xf6f87073cf8929c206a77b0694619dc776f89885;0x3d3a32f9c980a9187ab451c962756e6e5e344630;eoa;0,000001;0;0,000001;USDC
Sonic;0xa1627a0e1d0ebca9326d2219b84df0c600bed4b1;0xf6f87073cf8929c206a77b0694619dc776f89885;0x3d6991085ab1ae3926cb96f25684c40a364b6856;eoa;5,532083;0;4,182744;USDC
Sonic;0xa1627a0e1d0ebca9326d2219b84df0c600bed4b1;0xf6f87073cf8929c206a77b0694619dc776f89885;0x3d7280047ff3c3937414f29debc7ae203240c22d;eoa;0,000002;0;0,000002;USDC
Sonic;0xa1627a0e1d0ebca9326d2219b84df0c600bed4b1;0xf6f87073cf8929c206a77b0694619dc776f89885;0x3d7a8b323aa8c6d2874bbb77cd7cff0f4acd3082;eoa;0;0;0;USDC
Sonic;0xa1627a0e1d0ebca9326d2219b84df0c600bed4b1;0xf6f87073cf8929c206a77b0694619dc776f89885;0x3da2b5a4838ea10b9870a65a1571da989a519079;eoa;0;0;0;USDC
Sonic;0xa1627a0e1d0ebca9326d2219b84df0c600bed4b1;0xf6f87073cf8929c206a77b0694619dc776f89885;0x3dede9936d1eb27b7e10ba20d3a26f9ce8c68281;eoa;0;0;0;USDC
Sonic;0xa1627a0e1d0ebca9326d2219b84df0c600bed4b1;0xf6f87073cf8929c206a77b0694619dc776f89885;0x3e0ba5686a4e394af3c7debac6b232cf6d623a70;contract_other;0;0;0;USDC
Sonic;0xa1627a0e1d0ebca9326d2219b84df0c600bed4b1;0xf6f87073cf8929c206a77b0694619dc776f89885;0x3e5d788fd8bec4f85bac9881d8136e04f2d653d2;eoa;0,00001;0;0,00001;USDC
Sonic;0xa1627a0e1d0ebca9326d2219b84df0c600bed4b1;0xf6f87073cf8929c206a77b0694619dc776f89885;0x3e7b8d12d4de6cb284a7d60bf92b462d2a6d6a2f;eoa;0,000001;0;0,000001;USDC
Sonic;0xa1627a0e1d0ebca9326d2219b84df0c600bed4b1;0xf6f87073cf8929c206a77b0694619dc776f89885;0x3ea96f7d5a1d207e33f4e55a45e5eb82e941fe96;eoa;0;0;0;USDC
Sonic;0xa1627a0e1d0ebca9326d2219b84df0c600bed4b1;0xf6f87073cf8929c206a77b0694619dc776f89885;0x3eab64866128800247f82a2fa1bff3b5a44f15e3;eoa;0;0;0;USDC
Sonic;0xa1627a0e1d0ebca9326d2219b84df0c600bed4b1;0xf6f87073cf8929c206a77b0694619dc776f89885;0x3ec783b1c10d39f1653c20c821e0ed810eaf6a2e;eoa;1272,794308;0;1753,578443;USDC
Sonic;0xa1627a0e1d0ebca9326d2219b84df0c600bed4b1;0xf6f87073cf8929c206a77b0694619dc776f89885;0x3f73ccb6be932bd607393de5328088dd4f6b6746;eoa;103,989187;0;203,129304;USDC
Sonic;0xa1627a0e1d0ebca9326d2219b84df0c600bed4b1;0xf6f87073cf8929c206a77b0694619dc776f89885;0x3f888f4e16a08c6b3745ddbade98e24569852fa4;eoa;0,000004;0;0,000004;USDC
Sonic;0xa1627a0e1d0ebca9326d2219b84df0c600bed4b1;0xf6f87073cf8929c206a77b0694619dc776f89885;0x3f9a9caf2e39f3ee6788f708617d06ca07194faa;eoa;0;0;0;USDC
Sonic;0xa1627a0e1d0ebca9326d2219b84df0c600bed4b1;0xf6f87073cf8929c206a77b0694619dc776f89885;0x3fa042fbf6385e01ac21c6089895f477d091375f;eoa;0;0;0;USDC
Sonic;0xa1627a0e1d0ebca9326d2219b84df0c600bed4b1;0xf6f87073cf8929c206a77b0694619dc776f89885;0x402885b54b4764948bd5ec9e66bf53a9aa569be7;eoa;0;0;0;USDC
Sonic;0xa1627a0e1d0ebca9326d2219b84df0c600bed4b1;0xf6f87073cf8929c206a77b0694619dc776f89885;0x402a61e972707213e83448fea274f3540178da3d;eoa;2,087901;0;2,087901;USDC
Sonic;0xa1627a0e1d0ebca9326d2219b84df0c600bed4b1;0xf6f87073cf8929c206a77b0694619dc776f89885;0x405042ef31a1dbf6f12de8052213351db156a5ef;eoa;309,423815;0;0,000001;USDC
Sonic;0xa1627a0e1d0ebca9326d2219b84df0c600bed4b1;0xf6f87073cf8929c206a77b0694619dc776f89885;0x41137699199a4e8ab4d9affe07aaaae5d8b539c2;eoa;0,001468;0;0,001468;USDC
Sonic;0xa1627a0e1d0ebca9326d2219b84df0c600bed4b1;0xf6f87073cf8929c206a77b0694619dc776f89885;0x4129c177f7dc3d18003abe251fa4ae2452e2cfe1;eoa;0;0;0;USDC
Sonic;0xa1627a0e1d0ebca9326d2219b84df0c600bed4b1;0xf6f87073cf8929c206a77b0694619dc776f89885;0x415669455d93b755efe7f20ef6f1dbdce7f68f7d;erc4626_unresolved;0,000051;0;0,000051;USDC
Sonic;0xa1627a0e1d0ebca9326d2219b84df0c600bed4b1;0xf6f87073cf8929c206a77b0694619dc776f89885;0x41a6ac7f4e4dbffeb934f95f1db58b68c76dc4df;eoa;0,000003;0;0;USDC
Sonic;0xa1627a0e1d0ebca9326d2219b84df0c600bed4b1;0xf6f87073cf8929c206a77b0694619dc776f89885;0x41e16b3d6415c0f8889fa38de5c21e6384710f73;eoa;3653,569022;0;3653,569022;USDC
Sonic;0xa1627a0e1d0ebca9326d2219b84df0c600bed4b1;0xf6f87073cf8929c206a77b0694619dc776f89885;0x41ec34df925bdb08110732f23d7434e2d2dbb915;eoa;0,000004;0;0,000004;USDC
Sonic;0xa1627a0e1d0ebca9326d2219b84df0c600bed4b1;0xf6f87073cf8929c206a77b0694619dc776f89885;0x424e5af4a2fb8933f1d31cc5b00b105049a9a09d;eoa;0;0;0;USDC
Sonic;0xa1627a0e1d0ebca9326d2219b84df0c600bed4b1;0xf6f87073cf8929c206a77b0694619dc776f89885;0x425559619e91b1dce00c0eccdcdb43d88d71059b;eoa;0,000007;0;0,000007;USDC
Sonic;0xa1627a0e1d0ebca9326d2219b84df0c600bed4b1;0xf6f87073cf8929c206a77b0694619dc776f89885;0x42a5a7143d4b4c1db8efe7278ab4e06e29470ae7;eoa;0,000002;0;0,000002;USDC
Sonic;0xa1627a0e1d0ebca9326d2219b84df0c600bed4b1;0xf6f87073cf8929c206a77b0694619dc776f89885;0x42eeb8e6fe1c6e6ca3a58863d136bdd94d21afad;eoa;0;0;0;USDC
Sonic;0xa1627a0e1d0ebca9326d2219b84df0c600bed4b1;0xf6f87073cf8929c206a77b0694619dc776f89885;0x434ea185508d3d2e06e6326328f68472028ab062;eoa;0;0;0;USDC
Sonic;0xa1627a0e1d0ebca9326d2219b84df0c600bed4b1;0xf6f87073cf8929c206a77b0694619dc776f89885;0x4408e04e4d8aeb7edbc0bc0ae66028762fdf29e5;eoa;0,003218;0;5,054139;USDC
Sonic;0xa1627a0e1d0ebca9326d2219b84df0c600bed4b1;0xf6f87073cf8929c206a77b0694619dc776f89885;0x446c4af07cfec258015e11651331120423ae9e78;eoa;92,163909;0;92,163909;USDC
Sonic;0xa1627a0e1d0ebca9326d2219b84df0c600bed4b1;0xf6f87073cf8929c206a77b0694619dc776f89885;0x452eef5b538e3fed4fca31326678a0a51e0e335d;eoa;0,000004;0;0,000004;USDC
Sonic;0xa1627a0e1d0ebca9326d2219b84df0c600bed4b1;0xf6f87073cf8929c206a77b0694619dc776f89885;0x4533e03d983fae04741131c5f7cb35f1b32a1acd;eoa;0;0;0;USDC
Sonic;0xa1627a0e1d0ebca9326d2219b84df0c600bed4b1;0xf6f87073cf8929c206a77b0694619dc776f89885;0x4576a0ba4040cc3c5a235de4406beacebd5b1f10;eoa;0;0;0;USDC
Sonic;0xa1627a0e1d0ebca9326d2219b84df0c600bed4b1;0xf6f87073cf8929c206a77b0694619dc776f89885;0x460803e4bbb48647ddeaadcfc3698f23060c3106;eoa;13,700566;0;13,700566;USDC
Sonic;0xa1627a0e1d0ebca9326d2219b84df0c600bed4b1;0xf6f87073cf8929c206a77b0694619dc776f89885;0x461e9fc1585c958fd4a748fd8afc807bc4d90c60;eoa;0;0;0;USDC
Sonic;0xa1627a0e1d0ebca9326d2219b84df0c600bed4b1;0xf6f87073cf8929c206a77b0694619dc776f89885;0x466307f3acea18126560e2453b391a61f74252b5;eoa;0;0;0;USDC
Sonic;0xa1627a0e1d0ebca9326d2219b84df0c600bed4b1;0xf6f87073cf8929c206a77b0694619dc776f89885;0x46aaf7c9cde1c76d910fd7720458e217aeb09c98;eoa;0;0;0;USDC
Sonic;0xa1627a0e1d0ebca9326d2219b84df0c600bed4b1;0xf6f87073cf8929c206a77b0694619dc776f89885;0x46d02f3e285dcb57359b0f1cfb7b5b069fc7c3a8;eoa;0;0;0;USDC
Sonic;0xa1627a0e1d0ebca9326d2219b84df0c600bed4b1;0xf6f87073cf8929c206a77b0694619dc776f89885;0x46de309fdc62484cd9f061e46b4d1489065c6e38;eoa;0;0;0;USDC
Sonic;0xa1627a0e1d0ebca9326d2219b84df0c600bed4b1;0xf6f87073cf8929c206a77b0694619dc776f89885;0x4713c27883248f388a451982b8e9e4c970f515b5;eoa;0;0;0;USDC
Sonic;0xa1627a0e1d0ebca9326d2219b84df0c600bed4b1;0xf6f87073cf8929c206a77b0694619dc776f89885;0x481e0c2a0c89369607f0e1eeeb7d114815574967;eoa;7,150658;0;7,150658;USDC
Sonic;0xa1627a0e1d0ebca9326d2219b84df0c600bed4b1;0xf6f87073cf8929c206a77b0694619dc776f89885;0x4830c4ba5f446ce87c144ef92b5f68df9cb77100;eoa;0,000031;0;0,000031;USDC
Sonic;0xa1627a0e1d0ebca9326d2219b84df0c600bed4b1;0xf6f87073cf8929c206a77b0694619dc776f89885;0x48b5b27512435553f87c46e36ee312867d5ebfa3;eoa;0;0;0;USDC
Sonic;0xa1627a0e1d0ebca9326d2219b84df0c600bed4b1;0xf6f87073cf8929c206a77b0694619dc776f89885;0x48cd090c9e8a9954b0955c8b87754031d90c4955;eoa;0;0;0;USDC
Sonic;0xa1627a0e1d0ebca9326d2219b84df0c600bed4b1;0xf6f87073cf8929c206a77b0694619dc776f89885;0x4908579e6e15881f37846524365ccdb09d9760d3;eoa;0;0;0;USDC
Sonic;0xa1627a0e1d0ebca9326d2219b84df0c600bed4b1;0xf6f87073cf8929c206a77b0694619dc776f89885;0x49437f9e3b59a1c7d3b6d66b7caf01d7af52d02c;eoa;20,907739;0;20,907739;USDC
Sonic;0xa1627a0e1d0ebca9326d2219b84df0c600bed4b1;0xf6f87073cf8929c206a77b0694619dc776f89885;0x494c68311042a3bd66c40d58e9913ba0480f514a;eoa;0;0;0;USDC
Sonic;0xa1627a0e1d0ebca9326d2219b84df0c600bed4b1;0xf6f87073cf8929c206a77b0694619dc776f89885;0x4966c5e5c1f55e0f2cc06e14e148b67bc3be1dc3;eoa;1495,834955;0;1495,834955;USDC
Sonic;0xa1627a0e1d0ebca9326d2219b84df0c600bed4b1;0xf6f87073cf8929c206a77b0694619dc776f89885;0x4a0904e50d759a9d70db078a2249ce638caeaa2e;eoa;0,000003;0;0,000003;USDC
Sonic;0xa1627a0e1d0ebca9326d2219b84df0c600bed4b1;0xf6f87073cf8929c206a77b0694619dc776f89885;0x4a15b527475977d9b0cb3fcfe825d6aa7428fafc;eoa;0;0;0;USDC
Sonic;0xa1627a0e1d0ebca9326d2219b84df0c600bed4b1;0xf6f87073cf8929c206a77b0694619dc776f89885;0x4a2129c4ea800718a78bd5940051642246fe33b2;contract_other;0;0;0;USDC
Sonic;0xa1627a0e1d0ebca9326d2219b84df0c600bed4b1;0xf6f87073cf8929c206a77b0694619dc776f89885;0x4a3f0cf3ba6089ec92a6d22b9b7c0eea1b7b0f37;eoa;11272,820281;0;11272,820281;USDC
Sonic;0xa1627a0e1d0ebca9326d2219b84df0c600bed4b1;0xf6f87073cf8929c206a77b0694619dc776f89885;0x4a72d75138b0aa90e80af47fc1854748633ec1ea;eoa;0;0;0;USDC
Sonic;0xa1627a0e1d0ebca9326d2219b84df0c600bed4b1;0xf6f87073cf8929c206a77b0694619dc776f89885;0x4ad8c6d982ea20c6b105c480c866fef79dde36db;eoa;0,000002;0;0,000002;USDC
Sonic;0xa1627a0e1d0ebca9326d2219b84df0c600bed4b1;0xf6f87073cf8929c206a77b0694619dc776f89885;0x4b0e1bcfbf5a6045b0ccbcc795a35c00c9ddabc9;eoa;0,000003;0;0,000003;USDC
Sonic;0xa1627a0e1d0ebca9326d2219b84df0c600bed4b1;0xf6f87073cf8929c206a77b0694619dc776f89885;0x4b1a5f1f92c852dca40ab1aaa1b74e7bee7c0eef;eoa;3170,256127;0;3170,256127;USDC
Sonic;0xa1627a0e1d0ebca9326d2219b84df0c600bed4b1;0xf6f87073cf8929c206a77b0694619dc776f89885;0x4bb3689f604b282428f434a8f30ff90ea7d353ba;eoa;1,568379;0;1,568379;USDC
Sonic;0xa1627a0e1d0ebca9326d2219b84df0c600bed4b1;0xf6f87073cf8929c206a77b0694619dc776f89885;0x4bc164dd01d83bf1469de86c3562133e9d8f02d9;eoa;0;0;0;USDC
Sonic;0xa1627a0e1d0ebca9326d2219b84df0c600bed4b1;0xf6f87073cf8929c206a77b0694619dc776f89885;0x4c06cf980d7e09f111acb7fb728487e9f7553d1a;eoa;0,000001;0;0,000001;USDC
Sonic;0xa1627a0e1d0ebca9326d2219b84df0c600bed4b1;0xf6f87073cf8929c206a77b0694619dc776f89885;0x4c764ed0cf2ad12c105d9e2d6de0b4320a9de3cb;eoa;0,000004;0;0,000004;USDC
Sonic;0xa1627a0e1d0ebca9326d2219b84df0c600bed4b1;0xf6f87073cf8929c206a77b0694619dc776f89885;0x4c8438b7918be55d5f401ee94e4f310bc65655ea;eoa;0,00002;0;0,00002;USDC
Sonic;0xa1627a0e1d0ebca9326d2219b84df0c600bed4b1;0xf6f87073cf8929c206a77b0694619dc776f89885;0x4c8cf639f184ef7789d87c4e9993d71cf3e37f9a;eoa;0;0;0;USDC
Sonic;0xa1627a0e1d0ebca9326d2219b84df0c600bed4b1;0xf6f87073cf8929c206a77b0694619dc776f89885;0x4caa02e0a0db025af25de5b4fda68a00427ba307;contract_other;0,000004;0;0,000004;USDC
Sonic;0xa1627a0e1d0ebca9326d2219b84df0c600bed4b1;0xf6f87073cf8929c206a77b0694619dc776f89885;0x4cf100cce352029e726185980e4611de835d6c7b;eoa;10,436057;0;10,436057;USDC
Sonic;0xa1627a0e1d0ebca9326d2219b84df0c600bed4b1;0xf6f87073cf8929c206a77b0694619dc776f89885;0x4d1e9c6a4294b49debf8c62cab911536081b71b8;eoa;128,987025;0;128,987025;USDC
Sonic;0xa1627a0e1d0ebca9326d2219b84df0c600bed4b1;0xf6f87073cf8929c206a77b0694619dc776f89885;0x4d2f4ce24a5dc999ce6300a8528029992145059b;eoa;0,000001;0;0,000001;USDC
Sonic;0xa1627a0e1d0ebca9326d2219b84df0c600bed4b1;0xf6f87073cf8929c206a77b0694619dc776f89885;0x4d4ca0b7dcc0f4bf6224eaabfafb48bf9adb0355;eoa;0;0;0;USDC
Sonic;0xa1627a0e1d0ebca9326d2219b84df0c600bed4b1;0xf6f87073cf8929c206a77b0694619dc776f89885;0x4d76484d9c1589d5a0958f25b9fedcb822900ba6;eoa;2628,893788;0;2628,893788;USDC
Sonic;0xa1627a0e1d0ebca9326d2219b84df0c600bed4b1;0xf6f87073cf8929c206a77b0694619dc776f89885;0x4d9bf58c49365846f0fce115e0069a65a3c35ec9;eoa;0;0;0;USDC
Sonic;0xa1627a0e1d0ebca9326d2219b84df0c600bed4b1;0xf6f87073cf8929c206a77b0694619dc776f89885;0x4db024248c5f97e4dd9ffd7d4a8d1f6fbc3652bb;eoa;0;0;0;USDC
Sonic;0xa1627a0e1d0ebca9326d2219b84df0c600bed4b1;0xf6f87073cf8929c206a77b0694619dc776f89885;0x4ddc8ac66cb49c6803c0eecc56c4dafcc2f196b2;eoa;0;0;0;USDC
Sonic;0xa1627a0e1d0ebca9326d2219b84df0c600bed4b1;0xf6f87073cf8929c206a77b0694619dc776f89885;0x4e8d6991adf3da0d0d793ce361ce672a8618344e;eoa;0;0;0;USDC
Sonic;0xa1627a0e1d0ebca9326d2219b84df0c600bed4b1;0xf6f87073cf8929c206a77b0694619dc776f89885;0x4ebecec91cc1338b8d46caa33f4eed5d443bb99f;eoa;0;0;0;USDC
Sonic;0xa1627a0e1d0ebca9326d2219b84df0c600bed4b1;0xf6f87073cf8929c206a77b0694619dc776f89885;0x4efe127e2975cf2703d74261298c72b6193a8270;eoa;0,000002;0;0,000002;USDC
Sonic;0xa1627a0e1d0ebca9326d2219b84df0c600bed4b1;0xf6f87073cf8929c206a77b0694619dc776f89885;0x4efe2304c67324c772b733610ae76e2079e18075;eoa;0,000002;0;0,000002;USDC
Sonic;0xa1627a0e1d0ebca9326d2219b84df0c600bed4b1;0xf6f87073cf8929c206a77b0694619dc776f89885;0x4f8d701f8e0d4fe568c1fd296e0a665a633b3f74;silo_vault;0,000001;0;0,000001;USDC
Sonic;0xa1627a0e1d0ebca9326d2219b84df0c600bed4b1;0xf6f87073cf8929c206a77b0694619dc776f89885;0x501400d829e576a23493d7ec380d223c2912bce4;eoa;0;0;0;USDC
Sonic;0xa1627a0e1d0ebca9326d2219b84df0c600bed4b1;0xf6f87073cf8929c206a77b0694619dc776f89885;0x501fe5232db4ad196a427a11275927a6e122681b;eoa;0,000001;0;0,000001;USDC
Sonic;0xa1627a0e1d0ebca9326d2219b84df0c600bed4b1;0xf6f87073cf8929c206a77b0694619dc776f89885;0x50352eae1bec8b25e7c47d55deeaf50610c10f30;eoa;0;0;0;USDC
Sonic;0xa1627a0e1d0ebca9326d2219b84df0c600bed4b1;0xf6f87073cf8929c206a77b0694619dc776f89885;0x504b096fc7ecee7cc235bd6fa5548208a8cc86c6;contract_other;0,000001;0;0,000001;USDC
Sonic;0xa1627a0e1d0ebca9326d2219b84df0c600bed4b1;0xf6f87073cf8929c206a77b0694619dc776f89885;0x5146b43ae9fd7c28ae40c79f321465a069ea4263;eoa;0;0;0;USDC
Sonic;0xa1627a0e1d0ebca9326d2219b84df0c600bed4b1;0xf6f87073cf8929c206a77b0694619dc776f89885;0x514b37ef4018a25a516c3b543312d99a4c602ee1;eoa;0,598408;0;0,603988;USDC
Sonic;0xa1627a0e1d0ebca9326d2219b84df0c600bed4b1;0xf6f87073cf8929c206a77b0694619dc776f89885;0x514ebea728f377563f66828300f27d36c81d8be0;contract_other;0,039702;0;0,039702;USDC
Sonic;0xa1627a0e1d0ebca9326d2219b84df0c600bed4b1;0xf6f87073cf8929c206a77b0694619dc776f89885;0x516649dbd606a980e767bdedbcd882d91c859c9c;eoa;0,000001;0;0,000001;USDC
Sonic;0xa1627a0e1d0ebca9326d2219b84df0c600bed4b1;0xf6f87073cf8929c206a77b0694619dc776f89885;0x51ba05662a3b00731d451014540049b08a4e9ea5;eoa;0,000001;0;0,000001;USDC
Sonic;0xa1627a0e1d0ebca9326d2219b84df0c600bed4b1;0xf6f87073cf8929c206a77b0694619dc776f89885;0x51f059c07e03d330b007b48630a857e582be8236;eoa;0,000001;0;0,000001;USDC
Sonic;0xa1627a0e1d0ebca9326d2219b84df0c600bed4b1;0xf6f87073cf8929c206a77b0694619dc776f89885;0x51f7d9398dbecb221cbe6ffc67fab3cf2efd540e;eoa;0,000003;0;0,000003;USDC
Sonic;0xa1627a0e1d0ebca9326d2219b84df0c600bed4b1;0xf6f87073cf8929c206a77b0694619dc776f89885;0x52621685cdd99bbda9250e50c6488bd3694a078a;eoa;0;0;0;USDC
Sonic;0xa1627a0e1d0ebca9326d2219b84df0c600bed4b1;0xf6f87073cf8929c206a77b0694619dc776f89885;0x52736cdac9358028c20d715d9c2eaaaa440214b7;eoa;0,000001;0;0,000001;USDC
Sonic;0xa1627a0e1d0ebca9326d2219b84df0c600bed4b1;0xf6f87073cf8929c206a77b0694619dc776f89885;0x52c7e3a333dfdcd5fcab4b53ef87262ae60b0467;eoa;0;0;0;USDC
Sonic;0xa1627a0e1d0ebca9326d2219b84df0c600bed4b1;0xf6f87073cf8929c206a77b0694619dc776f89885;0x530af70b57aa515c3746e140f2280c8971386e37;eoa;0,00001;0;0,00001;USDC
Sonic;0xa1627a0e1d0ebca9326d2219b84df0c600bed4b1;0xf6f87073cf8929c206a77b0694619dc776f89885;0x532ac6fa94797eb90745f4b140d05be1a9efee15;eoa;7,142016;0;87,590172;USDC
Sonic;0xa1627a0e1d0ebca9326d2219b84df0c600bed4b1;0xf6f87073cf8929c206a77b0694619dc776f89885;0x53353cc9ca9e80c0c5b347a8080435cb5e82a158;eoa;0;0;0;USDC
Sonic;0xa1627a0e1d0ebca9326d2219b84df0c600bed4b1;0xf6f87073cf8929c206a77b0694619dc776f89885;0x537a6066ca2019698db16646b52394d6d8a0c216;eoa;0,000001;0;0,000001;USDC
Sonic;0xa1627a0e1d0ebca9326d2219b84df0c600bed4b1;0xf6f87073cf8929c206a77b0694619dc776f89885;0x537cfb1b748fc2a30c9595932a00393b314f8433;eoa;0;0;0;USDC
Sonic;0xa1627a0e1d0ebca9326d2219b84df0c600bed4b1;0xf6f87073cf8929c206a77b0694619dc776f89885;0x544a40955ba1c7e56e161a59e1319e3313c25251;eoa;0;0;0;USDC
Sonic;0xa1627a0e1d0ebca9326d2219b84df0c600bed4b1;0xf6f87073cf8929c206a77b0694619dc776f89885;0x54aaa6bc9b6f3d3b364c55e0c967e0c8bbc044c3;eoa;20286,5555;0;20272,992127;USDC
Sonic;0xa1627a0e1d0ebca9326d2219b84df0c600bed4b1;0xf6f87073cf8929c206a77b0694619dc776f89885;0x54b9586a1f5e9352417f96beb5dcb3daac92f624;eoa;13,906872;0;13,906872;USDC
Sonic;0xa1627a0e1d0ebca9326d2219b84df0c600bed4b1;0xf6f87073cf8929c206a77b0694619dc776f89885;0x5526b05219cec263d41289d217fb87f7fdafbd96;eoa;21308,755202;0;21308,755202;USDC
Sonic;0xa1627a0e1d0ebca9326d2219b84df0c600bed4b1;0xf6f87073cf8929c206a77b0694619dc776f89885;0x5549a2052cab3dedd1bf0deb55bc8c755a637161;eoa;0,00002;0;0,00002;USDC
Sonic;0xa1627a0e1d0ebca9326d2219b84df0c600bed4b1;0xf6f87073cf8929c206a77b0694619dc776f89885;0x559a3d311ca2dbeb15f378005471a6de38791bd6;eoa;24,361314;0;324,151481;USDC
Sonic;0xa1627a0e1d0ebca9326d2219b84df0c600bed4b1;0xf6f87073cf8929c206a77b0694619dc776f89885;0x55dd18cc56d77e8ddca31a3599b7f8760be342f1;eoa;0;0;0;USDC
Sonic;0xa1627a0e1d0ebca9326d2219b84df0c600bed4b1;0xf6f87073cf8929c206a77b0694619dc776f89885;0x55f02c1dbe7790c6c0796475d3411b0ad84bd7e4;eoa;9,880366;0;9,880366;USDC
Sonic;0xa1627a0e1d0ebca9326d2219b84df0c600bed4b1;0xf6f87073cf8929c206a77b0694619dc776f89885;0x55f2945544c6a160067d2abbd0323527ffcf3813;eoa;0;0;0;USDC
Sonic;0xa1627a0e1d0ebca9326d2219b84df0c600bed4b1;0xf6f87073cf8929c206a77b0694619dc776f89885;0x567feb660e056aec8d62f197314014120c455af9;eoa;0,000004;0;0,000004;USDC
Sonic;0xa1627a0e1d0ebca9326d2219b84df0c600bed4b1;0xf6f87073cf8929c206a77b0694619dc776f89885;0x56889e0572fb9d9d038aa7007cad0e89e2923b9d;eoa;0;0;0;USDC
Sonic;0xa1627a0e1d0ebca9326d2219b84df0c600bed4b1;0xf6f87073cf8929c206a77b0694619dc776f89885;0x569fa8c1e62feab5b93a6252ddb8c0fd29423c50;eoa;0,000001;0;0,000001;USDC
Sonic;0xa1627a0e1d0ebca9326d2219b84df0c600bed4b1;0xf6f87073cf8929c206a77b0694619dc776f89885;0x56a07f2babfe70e9344fffc72091de8bd58a3c09;eoa;0;0;0;USDC
Sonic;0xa1627a0e1d0ebca9326d2219b84df0c600bed4b1;0xf6f87073cf8929c206a77b0694619dc776f89885;0x56e646f5eed8c5e47d7f0603065364174b5d3c50;eoa;0;0;0;USDC
Sonic;0xa1627a0e1d0ebca9326d2219b84df0c600bed4b1;0xf6f87073cf8929c206a77b0694619dc776f89885;0x56f2c4cb8518d0a4ec749593df574f7597a36140;eoa;7,421739;0;0,084948;USDC
Sonic;0xa1627a0e1d0ebca9326d2219b84df0c600bed4b1;0xf6f87073cf8929c206a77b0694619dc776f89885;0x5772100d9f740c66ac66cadda777a8afe870d1d8;eoa;1012,91636;0;1012,91636;USDC
Sonic;0xa1627a0e1d0ebca9326d2219b84df0c600bed4b1;0xf6f87073cf8929c206a77b0694619dc776f89885;0x577be3ed9a71e1c355f519bbdf5f09ba2018b1cc;eoa;0,000001;0;0,000001;USDC
Sonic;0xa1627a0e1d0ebca9326d2219b84df0c600bed4b1;0xf6f87073cf8929c206a77b0694619dc776f89885;0x579b7e00d630af04257c63b4b131ec0c4cbf7760;eoa;0;0;0;USDC
Sonic;0xa1627a0e1d0ebca9326d2219b84df0c600bed4b1;0xf6f87073cf8929c206a77b0694619dc776f89885;0x57af4249e57837df95644ff89738235d5a259f83;eoa;0,000166;0;0,000166;USDC
Sonic;0xa1627a0e1d0ebca9326d2219b84df0c600bed4b1;0xf6f87073cf8929c206a77b0694619dc776f89885;0x57ef2b98306d2c98f2fcebbdd05090c75982af72;eoa;0;0;0;USDC
Sonic;0xa1627a0e1d0ebca9326d2219b84df0c600bed4b1;0xf6f87073cf8929c206a77b0694619dc776f89885;0x57fd1260b14914e8e9dd468b6e2130eca353f749;eoa;0,000011;0;0,000011;USDC
Sonic;0xa1627a0e1d0ebca9326d2219b84df0c600bed4b1;0xf6f87073cf8929c206a77b0694619dc776f89885;0x582b4d38ee61f8d42b348c9d65871004571ae8a5;eoa;6,724069;0;6,724069;USDC
Sonic;0xa1627a0e1d0ebca9326d2219b84df0c600bed4b1;0xf6f87073cf8929c206a77b0694619dc776f89885;0x58604e6228cef466bbc553e840c09b0fb80f0785;eoa;0,000019;0;0,000019;USDC
Sonic;0xa1627a0e1d0ebca9326d2219b84df0c600bed4b1;0xf6f87073cf8929c206a77b0694619dc776f89885;0x587b496c171fee4e3bc75e2b9e225449bca5bbe2;eoa;0,000002;0;0,000002;USDC
Sonic;0xa1627a0e1d0ebca9326d2219b84df0c600bed4b1;0xf6f87073cf8929c206a77b0694619dc776f89885;0x58862abb727d61bc8e8e1151a4aeb07adec92741;eoa;0;0;0;USDC
Sonic;0xa1627a0e1d0ebca9326d2219b84df0c600bed4b1;0xf6f87073cf8929c206a77b0694619dc776f89885;0x5957145fab56dfe5af988a4f55eda4b205922c1d;eoa;0,000001;0;0,000001;USDC
Sonic;0xa1627a0e1d0ebca9326d2219b84df0c600bed4b1;0xf6f87073cf8929c206a77b0694619dc776f89885;0x5aac153c1d3552bd81590f5de5102c4a1a3a08ed;eoa;0;0;0;USDC
Sonic;0xa1627a0e1d0ebca9326d2219b84df0c600bed4b1;0xf6f87073cf8929c206a77b0694619dc776f89885;0x5b06c2006d5508f3d685ae21f6ba7225dadedacb;eoa;0;0;0;USDC
Sonic;0xa1627a0e1d0ebca9326d2219b84df0c600bed4b1;0xf6f87073cf8929c206a77b0694619dc776f89885;0x5b0fa49b274a49c8c8d82fd44745020fe6f13ef1;eoa;0;0;0;USDC
Sonic;0xa1627a0e1d0ebca9326d2219b84df0c600bed4b1;0xf6f87073cf8929c206a77b0694619dc776f89885;0x5b3067c5e26fec823d6fbf8f315e43632658d2f6;eoa;0;0;0;USDC
Sonic;0xa1627a0e1d0ebca9326d2219b84df0c600bed4b1;0xf6f87073cf8929c206a77b0694619dc776f89885;0x5b68f545836991354dd6408d28bde37584bc69eb;eoa;1,043639;0;1,043639;USDC
Sonic;0xa1627a0e1d0ebca9326d2219b84df0c600bed4b1;0xf6f87073cf8929c206a77b0694619dc776f89885;0x5b6c4987aa924b312419d754c4b0a3ea6edac7ab;eoa;2,089654;0;2,089654;USDC
Sonic;0xa1627a0e1d0ebca9326d2219b84df0c600bed4b1;0xf6f87073cf8929c206a77b0694619dc776f89885;0x5baa3012f9a96a1e032116a9a27c015911d0d935;eoa;0;0;0;USDC
Sonic;0xa1627a0e1d0ebca9326d2219b84df0c600bed4b1;0xf6f87073cf8929c206a77b0694619dc776f89885;0x5be66f4095f89bd18abe4ae9d2acd5021ec433bc;eoa;0,000002;0;0,000002;USDC
Sonic;0xa1627a0e1d0ebca9326d2219b84df0c600bed4b1;0xf6f87073cf8929c206a77b0694619dc776f89885;0x5bf1b05e03678164ad5156647dc2a80a05ca4b77;contract_other;0;0;0;USDC
Sonic;0xa1627a0e1d0ebca9326d2219b84df0c600bed4b1;0xf6f87073cf8929c206a77b0694619dc776f89885;0x5bfaad4a04ab0fab6d206c9ea1144da886d31f9a;eoa;0;0;0;USDC
Sonic;0xa1627a0e1d0ebca9326d2219b84df0c600bed4b1;0xf6f87073cf8929c206a77b0694619dc776f89885;0x5c64816e57c231907f3b3bd124c31fc5177f3718;eoa;0;0;0;USDC
Sonic;0xa1627a0e1d0ebca9326d2219b84df0c600bed4b1;0xf6f87073cf8929c206a77b0694619dc776f89885;0x5c97187261df4cbec2667053b313332d44ae23dd;eoa;0;0;0;USDC
Sonic;0xa1627a0e1d0ebca9326d2219b84df0c600bed4b1;0xf6f87073cf8929c206a77b0694619dc776f89885;0x5cc270b227dc0b892e2b630c7fa9405ebaf2b4ae;eoa;0;0;0;USDC
Sonic;0xa1627a0e1d0ebca9326d2219b84df0c600bed4b1;0xf6f87073cf8929c206a77b0694619dc776f89885;0x5ce150a7b27459abcac27cf87e95cbe2c9a12fc4;eoa;0;0;0;USDC
Sonic;0xa1627a0e1d0ebca9326d2219b84df0c600bed4b1;0xf6f87073cf8929c206a77b0694619dc776f89885;0x5d263197c2a37827eb41dadbab06bd901168ffa6;eoa;0;0;0;USDC
Sonic;0xa1627a0e1d0ebca9326d2219b84df0c600bed4b1;0xf6f87073cf8929c206a77b0694619dc776f89885;0x5d59e145f6f0bf51151083f44ef60f691391f1cd;eoa;0;0;0;USDC
Sonic;0xa1627a0e1d0ebca9326d2219b84df0c600bed4b1;0xf6f87073cf8929c206a77b0694619dc776f89885;0x5d960a8f6f26db4a667a5b1ba7ad37d43a87e31c;eoa;0;0;0;USDC
Sonic;0xa1627a0e1d0ebca9326d2219b84df0c600bed4b1;0xf6f87073cf8929c206a77b0694619dc776f89885;0x5da260f5b7771eeefeee45b78f2f96ac3a9d8642;eoa;2351,522558;0;2351,522558;USDC
Sonic;0xa1627a0e1d0ebca9326d2219b84df0c600bed4b1;0xf6f87073cf8929c206a77b0694619dc776f89885;0x5db60d88755ebb70d05073d6b41f0f8d0122823a;eoa;0,000001;0;0,000001;USDC
Sonic;0xa1627a0e1d0ebca9326d2219b84df0c600bed4b1;0xf6f87073cf8929c206a77b0694619dc776f89885;0x5e194bdf79fa0c07c82c18ad34827d1361b5768c;eoa;0;0;0;USDC
Sonic;0xa1627a0e1d0ebca9326d2219b84df0c600bed4b1;0xf6f87073cf8929c206a77b0694619dc776f89885;0x5e552e0a1f107b225116b525f0fbfe887d332068;eoa;0;0;0;USDC
Sonic;0xa1627a0e1d0ebca9326d2219b84df0c600bed4b1;0xf6f87073cf8929c206a77b0694619dc776f89885;0x5e97ce47d92afcaba6e0d5a113ec8f7309666cc7;eoa;0;0;0;USDC
Sonic;0xa1627a0e1d0ebca9326d2219b84df0c600bed4b1;0xf6f87073cf8929c206a77b0694619dc776f89885;0x5ea86f78866cfb1a75096367bd20568e6dc89e93;eoa;0,000001;0;0,000001;USDC
Sonic;0xa1627a0e1d0ebca9326d2219b84df0c600bed4b1;0xf6f87073cf8929c206a77b0694619dc776f89885;0x5ef24c043d558df8de81eef19fc6c9cfbe2ceff5;eoa;0,033406;0;0,033406;USDC
Sonic;0xa1627a0e1d0ebca9326d2219b84df0c600bed4b1;0xf6f87073cf8929c206a77b0694619dc776f89885;0x5f55f82ff1c5d7927d6784bd7fc7dc496b1712ad;eoa;2,097709;0;2,097709;USDC
Sonic;0xa1627a0e1d0ebca9326d2219b84df0c600bed4b1;0xf6f87073cf8929c206a77b0694619dc776f89885;0x5f57ec03370cd600294b77025020c464daf31640;eoa;0;0;0;USDC
Sonic;0xa1627a0e1d0ebca9326d2219b84df0c600bed4b1;0xf6f87073cf8929c206a77b0694619dc776f89885;0x5f609d5d25b0ca2d1287761b568f9a185b6629a8;eoa;0;0;0;USDC
Sonic;0xa1627a0e1d0ebca9326d2219b84df0c600bed4b1;0xf6f87073cf8929c206a77b0694619dc776f89885;0x5f67b2cc3975b724532e4b465e945666ad3ed6d3;eoa;0;0;0;USDC
Sonic;0xa1627a0e1d0ebca9326d2219b84df0c600bed4b1;0xf6f87073cf8929c206a77b0694619dc776f89885;0x5faa2de3efaa530db1061c904431ff47d00866a3;eoa;0;0;0;USDC
Sonic;0xa1627a0e1d0ebca9326d2219b84df0c600bed4b1;0xf6f87073cf8929c206a77b0694619dc776f89885;0x60583f22ada7b1352bb2faf694b3eaaf942696dd;eoa;0;0;0;USDC
Sonic;0xa1627a0e1d0ebca9326d2219b84df0c600bed4b1;0xf6f87073cf8929c206a77b0694619dc776f89885;0x60c4dbc9af47dd95670f64f9c1fddedeeaf62474;eoa;0,000002;0;0,000002;USDC
Sonic;0xa1627a0e1d0ebca9326d2219b84df0c600bed4b1;0xf6f87073cf8929c206a77b0694619dc776f89885;0x60c809705e045572ffe3c44badd4d680165960fa;eoa;11599,382104;0;11599,382104;USDC
Sonic;0xa1627a0e1d0ebca9326d2219b84df0c600bed4b1;0xf6f87073cf8929c206a77b0694619dc776f89885;0x615d54d75193c93f28166adcf7b615d5d47b4dbe;eoa;0;0;0;USDC
Sonic;0xa1627a0e1d0ebca9326d2219b84df0c600bed4b1;0xf6f87073cf8929c206a77b0694619dc776f89885;0x61925a8f9feb020ca4895510e5c545a44885cd5f;eoa;0,000002;0;0,000002;USDC
Sonic;0xa1627a0e1d0ebca9326d2219b84df0c600bed4b1;0xf6f87073cf8929c206a77b0694619dc776f89885;0x61c41492c69dd33a44e9e4861399736e53dbd4df;eoa;0,000007;0;0,000007;USDC
Sonic;0xa1627a0e1d0ebca9326d2219b84df0c600bed4b1;0xf6f87073cf8929c206a77b0694619dc776f89885;0x6207cfb086d18d5e4972a79934d25c0958ae3359;eoa;0;0;0;USDC
Sonic;0xa1627a0e1d0ebca9326d2219b84df0c600bed4b1;0xf6f87073cf8929c206a77b0694619dc776f89885;0x62674e024efaf75c437236d3512360c89e443389;eoa;45,278714;0;45,278714;USDC
Sonic;0xa1627a0e1d0ebca9326d2219b84df0c600bed4b1;0xf6f87073cf8929c206a77b0694619dc776f89885;0x627a85a348c81ec70ed9715e9561eeec3011b93c;eoa;0,000002;0;0,000002;USDC
Sonic;0xa1627a0e1d0ebca9326d2219b84df0c600bed4b1;0xf6f87073cf8929c206a77b0694619dc776f89885;0x627d8c893d7839bcaf407e93afbf8bc46774a432;eoa;0;0;0;USDC
Sonic;0xa1627a0e1d0ebca9326d2219b84df0c600bed4b1;0xf6f87073cf8929c206a77b0694619dc776f89885;0x6289071a919d25e5ae90754e851e6f8507108245;eoa;14068,484821;0;14068,484821;USDC
Sonic;0xa1627a0e1d0ebca9326d2219b84df0c600bed4b1;0xf6f87073cf8929c206a77b0694619dc776f89885;0x6322f09926406e7f117ba488c094720e1c4cd089;eoa;0;0;0;USDC
Sonic;0xa1627a0e1d0ebca9326d2219b84df0c600bed4b1;0xf6f87073cf8929c206a77b0694619dc776f89885;0x63242a4ea82847b20e506b63b0e2e2eff0cc6cb0;contract_other;0;0;0,000055;USDC
Sonic;0xa1627a0e1d0ebca9326d2219b84df0c600bed4b1;0xf6f87073cf8929c206a77b0694619dc776f89885;0x6344a022d033efea17ea537d2c515aa3e4cdfb23;eoa;0;0;0;USDC
Sonic;0xa1627a0e1d0ebca9326d2219b84df0c600bed4b1;0xf6f87073cf8929c206a77b0694619dc776f89885;0x63b41621562a0dda3bf4521b3b14582cda18c62f;eoa;0;0;0;USDC
Sonic;0xa1627a0e1d0ebca9326d2219b84df0c600bed4b1;0xf6f87073cf8929c206a77b0694619dc776f89885;0x63de5b86b9ea4ac07d82751dda2cd8bc8e10bad0;eoa;1213,532866;0;1213,532866;USDC
Sonic;0xa1627a0e1d0ebca9326d2219b84df0c600bed4b1;0xf6f87073cf8929c206a77b0694619dc776f89885;0x64362046cb1419a89ac39e20eeb64945298ea85d;eoa;0,000001;0;0,000001;USDC
Sonic;0xa1627a0e1d0ebca9326d2219b84df0c600bed4b1;0xf6f87073cf8929c206a77b0694619dc776f89885;0x6446092a04e7f7bcda5a3440455079343afc2937;eoa;0,000001;0;0,000001;USDC
Sonic;0xa1627a0e1d0ebca9326d2219b84df0c600bed4b1;0xf6f87073cf8929c206a77b0694619dc776f89885;0x6495decdda0d5e7711b0dc2febf83c6c763dd7f1;eoa;0;0;0;USDC
Sonic;0xa1627a0e1d0ebca9326d2219b84df0c600bed4b1;0xf6f87073cf8929c206a77b0694619dc776f89885;0x6512cc5ec5643d92f1b6a32e5756130143f438f5;eoa;0;0;0;USDC
Sonic;0xa1627a0e1d0ebca9326d2219b84df0c600bed4b1;0xf6f87073cf8929c206a77b0694619dc776f89885;0x651556576d92f62f5d0d2a0b91d7ccfd0d923498;eoa;0,000001;0;0,000001;USDC
Sonic;0xa1627a0e1d0ebca9326d2219b84df0c600bed4b1;0xf6f87073cf8929c206a77b0694619dc776f89885;0x65378b0d59e2fb8f33eaa47eeddc6019bbf8f39d;eoa;0,00388;0;0,00388;USDC
Sonic;0xa1627a0e1d0ebca9326d2219b84df0c600bed4b1;0xf6f87073cf8929c206a77b0694619dc776f89885;0x654e8f7fe107b8d6ff5352cd456691b29c8d6811;eoa;0;0;26,319782;USDC
Sonic;0xa1627a0e1d0ebca9326d2219b84df0c600bed4b1;0xf6f87073cf8929c206a77b0694619dc776f89885;0x655301eb3992fa35ff6fec91567240310a9756a6;eoa;0,000016;0;0,000016;USDC
Sonic;0xa1627a0e1d0ebca9326d2219b84df0c600bed4b1;0xf6f87073cf8929c206a77b0694619dc776f89885;0x65cec720ac2ee4e2a3ded3f6617332b373bccf27;eoa;0,043083;0;31,315448;USDC
Sonic;0xa1627a0e1d0ebca9326d2219b84df0c600bed4b1;0xf6f87073cf8929c206a77b0694619dc776f89885;0x65da0970b9a0153db222056b50a84a46d8cf40b5;eoa;0,000003;0;0,000003;USDC
Sonic;0xa1627a0e1d0ebca9326d2219b84df0c600bed4b1;0xf6f87073cf8929c206a77b0694619dc776f89885;0x65e0f8fad7072d57c2ea643f90ecb5a960b457ad;eoa;241627,409815;0;241627,347107;USDC
Sonic;0xa1627a0e1d0ebca9326d2219b84df0c600bed4b1;0xf6f87073cf8929c206a77b0694619dc776f89885;0x65e1640c7400a0662041d943ea9566f3b26f8241;eoa;820,489985;0;820,489985;USDC
Sonic;0xa1627a0e1d0ebca9326d2219b84df0c600bed4b1;0xf6f87073cf8929c206a77b0694619dc776f89885;0x663862d6f4c84088b77ff6a38a6e2d7b37411d2f;eoa;0;0;0;USDC
Sonic;0xa1627a0e1d0ebca9326d2219b84df0c600bed4b1;0xf6f87073cf8929c206a77b0694619dc776f89885;0x66be1da4e559fb6032be5e4d56fd7905e94cb7b0;eoa;0;0;0;USDC
Sonic;0xa1627a0e1d0ebca9326d2219b84df0c600bed4b1;0xf6f87073cf8929c206a77b0694619dc776f89885;0x66e359ec96093235f41c9bb4dca96a8fed872402;eoa;0;0;0;USDC
Sonic;0xa1627a0e1d0ebca9326d2219b84df0c600bed4b1;0xf6f87073cf8929c206a77b0694619dc776f89885;0x673a25b2871c1c1560e8aae8faf84b60b70e4940;eoa;0;0;0;USDC
Sonic;0xa1627a0e1d0ebca9326d2219b84df0c600bed4b1;0xf6f87073cf8929c206a77b0694619dc776f89885;0x676c4f2c77f2ed2cf046f92747af654a1b40aabe;eoa;5,218049;0;5,218049;USDC
Sonic;0xa1627a0e1d0ebca9326d2219b84df0c600bed4b1;0xf6f87073cf8929c206a77b0694619dc776f89885;0x6794471ebc084a4ca462c506afeabb93d9657c25;eoa;0,000002;0;0,000002;USDC
Sonic;0xa1627a0e1d0ebca9326d2219b84df0c600bed4b1;0xf6f87073cf8929c206a77b0694619dc776f89885;0x680481c7b683c3d7f3e255dbae1c396044f70eb5;Gnosis Safe;1,057416;0;1,057416;USDC
Sonic;0xa1627a0e1d0ebca9326d2219b84df0c600bed4b1;0xf6f87073cf8929c206a77b0694619dc776f89885;0x683f511df0bdbb80347c4e04e1cc0195c288eb0c;eoa;0;0;0;USDC
Sonic;0xa1627a0e1d0ebca9326d2219b84df0c600bed4b1;0xf6f87073cf8929c206a77b0694619dc776f89885;0x689a91f0668149f2e0588ba5e33ef43cea11d856;eoa;0,000001;0;0,000001;USDC
Sonic;0xa1627a0e1d0ebca9326d2219b84df0c600bed4b1;0xf6f87073cf8929c206a77b0694619dc776f89885;0x6925fd3479bd83e62f025176a626a72ba2839edb;eoa;0,000001;0;0,000001;USDC
Sonic;0xa1627a0e1d0ebca9326d2219b84df0c600bed4b1;0xf6f87073cf8929c206a77b0694619dc776f89885;0x6998fe700015f04fb192f46ec1dcb59320334f4b;eoa;0;0;0;USDC
Sonic;0xa1627a0e1d0ebca9326d2219b84df0c600bed4b1;0xf6f87073cf8929c206a77b0694619dc776f89885;0x69afc5ce15d954ea37c76ecfb92a87c5cd5bcc05;eoa;1,088786;0;1,088786;USDC
Sonic;0xa1627a0e1d0ebca9326d2219b84df0c600bed4b1;0xf6f87073cf8929c206a77b0694619dc776f89885;0x69b235c1c3f16f828b2394193a7abea79ee40c07;eoa;0,000003;0;0,000003;USDC
Sonic;0xa1627a0e1d0ebca9326d2219b84df0c600bed4b1;0xf6f87073cf8929c206a77b0694619dc776f89885;0x69e3c891450161b7bf27f181ee85e7bae69e5b07;contract_other;0,00004;0;0,00004;USDC
Sonic;0xa1627a0e1d0ebca9326d2219b84df0c600bed4b1;0xf6f87073cf8929c206a77b0694619dc776f89885;0x6a26fe32cbc9c782fcfd33b5a5998d0631927a1d;eoa;66,214894;0;66,214894;USDC
Sonic;0xa1627a0e1d0ebca9326d2219b84df0c600bed4b1;0xf6f87073cf8929c206a77b0694619dc776f89885;0x6a45de91b516c17cacec184506d719947613465e;eoa;0,000019;0;0,000019;USDC
Sonic;0xa1627a0e1d0ebca9326d2219b84df0c600bed4b1;0xf6f87073cf8929c206a77b0694619dc776f89885;0x6abf790d3b4a80ebfce25dccbfa07f6f8e5cab1a;eoa;0;0;0;USDC
Sonic;0xa1627a0e1d0ebca9326d2219b84df0c600bed4b1;0xf6f87073cf8929c206a77b0694619dc776f89885;0x6ac54906d7eae6bec5c7fbd26988de4bebd621a7;eoa;0;0;0;USDC
Sonic;0xa1627a0e1d0ebca9326d2219b84df0c600bed4b1;0xf6f87073cf8929c206a77b0694619dc776f89885;0x6adad84fb10addfa588b1fdf078067fde800c699;eoa;0;0;0;USDC
Sonic;0xa1627a0e1d0ebca9326d2219b84df0c600bed4b1;0xf6f87073cf8929c206a77b0694619dc776f89885;0x6bbf2cd79890f2ac5a6e598a75d782aa5b7f759c;eoa;0,000001;0;0,000001;USDC
Sonic;0xa1627a0e1d0ebca9326d2219b84df0c600bed4b1;0xf6f87073cf8929c206a77b0694619dc776f89885;0x6bfe1830046d92877bb11229cede23e8590dc2c4;contract_other;0,00001;0;0,00001;USDC
Sonic;0xa1627a0e1d0ebca9326d2219b84df0c600bed4b1;0xf6f87073cf8929c206a77b0694619dc776f89885;0x6c3f1f34ced16638db14c30fba69506d62031e7e;eoa;0;0;0;USDC
Sonic;0xa1627a0e1d0ebca9326d2219b84df0c600bed4b1;0xf6f87073cf8929c206a77b0694619dc776f89885;0x6c76edcd9b067f6867aea819b0b4103ff93779fd;eoa;0,000001;0;0,000001;USDC
Sonic;0xa1627a0e1d0ebca9326d2219b84df0c600bed4b1;0xf6f87073cf8929c206a77b0694619dc776f89885;0x6cb94b8b9108f5c277f5af7ba9243305b9f995e4;eoa;0,000002;0;0,000002;USDC
Sonic;0xa1627a0e1d0ebca9326d2219b84df0c600bed4b1;0xf6f87073cf8929c206a77b0694619dc776f89885;0x6cc19692eabf3dae59e3eeea81dcb9340f159506;eoa;7079,521866;0;0,000001;USDC
Sonic;0xa1627a0e1d0ebca9326d2219b84df0c600bed4b1;0xf6f87073cf8929c206a77b0694619dc776f89885;0x6d3fd1f49626e40a83fe6ff92e4d267a10e62b8c;eoa;0;0;0;USDC
Sonic;0xa1627a0e1d0ebca9326d2219b84df0c600bed4b1;0xf6f87073cf8929c206a77b0694619dc776f89885;0x6dad2932bfa780573156d8741dd8b1b885b2fc8a;eoa;0;0;0;USDC
Sonic;0xa1627a0e1d0ebca9326d2219b84df0c600bed4b1;0xf6f87073cf8929c206a77b0694619dc776f89885;0x6e81417b312917305d12f76fa3b6bd66ffaa75e7;eoa;0,000001;0;0,000001;USDC
Sonic;0xa1627a0e1d0ebca9326d2219b84df0c600bed4b1;0xf6f87073cf8929c206a77b0694619dc776f89885;0x6ec43d72138e143b3f869c21c4b59bf81d2ce6dc;eoa;0;0;0;USDC
Sonic;0xa1627a0e1d0ebca9326d2219b84df0c600bed4b1;0xf6f87073cf8929c206a77b0694619dc776f89885;0x6f5111029d5b88280124c4140fdcbbb0473ac0cd;eoa;0;0;0;USDC
Sonic;0xa1627a0e1d0ebca9326d2219b84df0c600bed4b1;0xf6f87073cf8929c206a77b0694619dc776f89885;0x6fb66dc3c84f32cc3f872a55c6a8ba91c405f0f3;eoa;0,000002;0;-0,076498;USDC
Sonic;0xa1627a0e1d0ebca9326d2219b84df0c600bed4b1;0xf6f87073cf8929c206a77b0694619dc776f89885;0x6fb737d1ebb73cda6cfa36fd16d9273065d1b084;eoa;193,19993;0;202,015562;USDC
Sonic;0xa1627a0e1d0ebca9326d2219b84df0c600bed4b1;0xf6f87073cf8929c206a77b0694619dc776f89885;0x6fcf84ed928985db6084cb993a7d0f764987dceb;contract_other;6,26014;0;6,26014;USDC
Sonic;0xa1627a0e1d0ebca9326d2219b84df0c600bed4b1;0xf6f87073cf8929c206a77b0694619dc776f89885;0x6fdb03ec52932c0bbb48f1367c7739480e78b785;eoa;0;0;0;USDC
Sonic;0xa1627a0e1d0ebca9326d2219b84df0c600bed4b1;0xf6f87073cf8929c206a77b0694619dc776f89885;0x70a955ad98b3515105619c729f3b35602e5da165;eoa;0;0;0;USDC
Sonic;0xa1627a0e1d0ebca9326d2219b84df0c600bed4b1;0xf6f87073cf8929c206a77b0694619dc776f89885;0x70c2829361a83b7a0e38cb51db4015c32f44d890;contract_other;0,007206;0;0,007206;USDC
Sonic;0xa1627a0e1d0ebca9326d2219b84df0c600bed4b1;0xf6f87073cf8929c206a77b0694619dc776f89885;0x70d7ab475e468b324bf4aa18906e54222104993f;eoa;0;0;0;USDC
Sonic;0xa1627a0e1d0ebca9326d2219b84df0c600bed4b1;0xf6f87073cf8929c206a77b0694619dc776f89885;0x70ddf043d521aaea0ed98f39eac0183fdc9e3640;eoa;0;0;0;USDC
Sonic;0xa1627a0e1d0ebca9326d2219b84df0c600bed4b1;0xf6f87073cf8929c206a77b0694619dc776f89885;0x70de66d675e79f62d6884245c4399a80eed142cc;eoa;1034,923433;0;1034,923433;USDC
Sonic;0xa1627a0e1d0ebca9326d2219b84df0c600bed4b1;0xf6f87073cf8929c206a77b0694619dc776f89885;0x7125cf479508bd6a35cf0a737b13758e65eb63aa;eoa;0;0;0;USDC
Sonic;0xa1627a0e1d0ebca9326d2219b84df0c600bed4b1;0xf6f87073cf8929c206a77b0694619dc776f89885;0x71742cc139223c3ad78a5f63d518f3c792a3f4c6;eoa;1,051712;0;1,051712;USDC
Sonic;0xa1627a0e1d0ebca9326d2219b84df0c600bed4b1;0xf6f87073cf8929c206a77b0694619dc776f89885;0x71dfed73231dc7374f5d2034f4f690c8f111164d;eoa;0;0;0;USDC
Sonic;0xa1627a0e1d0ebca9326d2219b84df0c600bed4b1;0xf6f87073cf8929c206a77b0694619dc776f89885;0x7229834031aba4ce2c80fd3e52eee9ea0563fb1d;eoa;0;0;0;USDC
Sonic;0xa1627a0e1d0ebca9326d2219b84df0c600bed4b1;0xf6f87073cf8929c206a77b0694619dc776f89885;0x7240bfc8bcb39ddd0f0b96234f1c519a4b1ee1b9;eoa;0;0;0;USDC
Sonic;0xa1627a0e1d0ebca9326d2219b84df0c600bed4b1;0xf6f87073cf8929c206a77b0694619dc776f89885;0x725b173519530f94bf77455b596acb54d007bc26;contract_other;4964,350809;0;4180,242919;USDC
Sonic;0xa1627a0e1d0ebca9326d2219b84df0c600bed4b1;0xf6f87073cf8929c206a77b0694619dc776f89885;0x7263270673c3b6c9d62154e6f3f70b2caa619db6;eoa;5,218428;0;5,218428;USDC
Sonic;0xa1627a0e1d0ebca9326d2219b84df0c600bed4b1;0xf6f87073cf8929c206a77b0694619dc776f89885;0x72718b587bb239d5c8ce1278412768c414e44113;eoa;0;0;0;USDC
Sonic;0xa1627a0e1d0ebca9326d2219b84df0c600bed4b1;0xf6f87073cf8929c206a77b0694619dc776f89885;0x72f4e8b893527e3884bb4ac5a28d5fc65172ec4a;eoa;0;0;0;USDC
Sonic;0xa1627a0e1d0ebca9326d2219b84df0c600bed4b1;0xf6f87073cf8929c206a77b0694619dc776f89885;0x72fc4eb059a1d3ffa85fe897d9c4ce004a306c2a;eoa;3,135935;0;3,135935;USDC
Sonic;0xa1627a0e1d0ebca9326d2219b84df0c600bed4b1;0xf6f87073cf8929c206a77b0694619dc776f89885;0x730e48b75ceac21679d77adc3f5e2344f453532e;eoa;633,814427;0;633,814427;USDC
Sonic;0xa1627a0e1d0ebca9326d2219b84df0c600bed4b1;0xf6f87073cf8929c206a77b0694619dc776f89885;0x741d05960b0461574a16bc253e0ba037aa85df4b;eoa;0,000001;0;0,000001;USDC
Sonic;0xa1627a0e1d0ebca9326d2219b84df0c600bed4b1;0xf6f87073cf8929c206a77b0694619dc776f89885;0x742b278560f91c762ad1f0580b37ec3c91592099;eoa;0,000002;0;0,000002;USDC
Sonic;0xa1627a0e1d0ebca9326d2219b84df0c600bed4b1;0xf6f87073cf8929c206a77b0694619dc776f89885;0x748a264c8ec842bde592bab75b3fdcdbf7956fde;eoa;0;0;0;USDC
Sonic;0xa1627a0e1d0ebca9326d2219b84df0c600bed4b1;0xf6f87073cf8929c206a77b0694619dc776f89885;0x74b6987d3e5055611f7a7873d5abf3f23e7d97dc;eoa;0;0;0;USDC
Sonic;0xa1627a0e1d0ebca9326d2219b84df0c600bed4b1;0xf6f87073cf8929c206a77b0694619dc776f89885;0x752d5a59d9cd3ed8af87e0c8939d5d19db168331;eoa;0,010312;0;0,010312;USDC
Sonic;0xa1627a0e1d0ebca9326d2219b84df0c600bed4b1;0xf6f87073cf8929c206a77b0694619dc776f89885;0x7539472dad6a371e6e152c5a203469aa32314130;eoa;1,149966;0;1,149966;USDC
Sonic;0xa1627a0e1d0ebca9326d2219b84df0c600bed4b1;0xf6f87073cf8929c206a77b0694619dc776f89885;0x756c89f08dde3b06be2ad09bafa57468169879ca;eoa;1342,663489;0;1342,663489;USDC
Sonic;0xa1627a0e1d0ebca9326d2219b84df0c600bed4b1;0xf6f87073cf8929c206a77b0694619dc776f89885;0x7599176a07a9cdbbdd9eff087b5a25d8412679db;eoa;0;0;0;USDC
Sonic;0xa1627a0e1d0ebca9326d2219b84df0c600bed4b1;0xf6f87073cf8929c206a77b0694619dc776f89885;0x765113e7533f86bdbd7a19a95affddf4b119f49c;eoa;103,497504;0;103,497504;USDC
Sonic;0xa1627a0e1d0ebca9326d2219b84df0c600bed4b1;0xf6f87073cf8929c206a77b0694619dc776f89885;0x76e7db1a3dc0f5f4fc4d5c055c361db861e500f4;eoa;0;0;0;USDC
Sonic;0xa1627a0e1d0ebca9326d2219b84df0c600bed4b1;0xf6f87073cf8929c206a77b0694619dc776f89885;0x7700f677ddd087ca83ecd12f38442bdae9a54fa9;eoa;0,000001;0;0,000001;USDC
Sonic;0xa1627a0e1d0ebca9326d2219b84df0c600bed4b1;0xf6f87073cf8929c206a77b0694619dc776f89885;0x771477af9428d232857478ebc209ba7dabc0189d;eoa;5200,753702;0;5200,753702;USDC
Sonic;0xa1627a0e1d0ebca9326d2219b84df0c600bed4b1;0xf6f87073cf8929c206a77b0694619dc776f89885;0x77379c1827e19126a8f94b327da111a6dfc7b5b3;eoa;0;0;0;USDC
Sonic;0xa1627a0e1d0ebca9326d2219b84df0c600bed4b1;0xf6f87073cf8929c206a77b0694619dc776f89885;0x7768c8443fdd6fa0b487b326c86efeec7c6e0bc4;eoa;0;0;0;USDC
Sonic;0xa1627a0e1d0ebca9326d2219b84df0c600bed4b1;0xf6f87073cf8929c206a77b0694619dc776f89885;0x77bed4760ee17cb9704308f84ccde8cbd7adac2e;eoa;0,000001;0;0,000001;USDC
Sonic;0xa1627a0e1d0ebca9326d2219b84df0c600bed4b1;0xf6f87073cf8929c206a77b0694619dc776f89885;0x77e5cafb1a1466ce514dd9f7e80fd576377875bc;eoa;0,000004;0;0,000004;USDC
Sonic;0xa1627a0e1d0ebca9326d2219b84df0c600bed4b1;0xf6f87073cf8929c206a77b0694619dc776f89885;0x77f2f9320408b90a2f036bbb8c0af47631c87d78;eoa;0,000004;0;0,000004;USDC
Sonic;0xa1627a0e1d0ebca9326d2219b84df0c600bed4b1;0xf6f87073cf8929c206a77b0694619dc776f89885;0x783b642755e3afc2dcb5ad96fb1271e01c6ce4a9;silo_vault;0;0;0;USDC
Sonic;0xa1627a0e1d0ebca9326d2219b84df0c600bed4b1;0xf6f87073cf8929c206a77b0694619dc776f89885;0x788b8b3e7063d17fb0c6dfdbf26d45b82f51c82c;eoa;0;0;0;USDC
Sonic;0xa1627a0e1d0ebca9326d2219b84df0c600bed4b1;0xf6f87073cf8929c206a77b0694619dc776f89885;0x788bf4757a3bd2b93a83a3f64d72eef2923b5ab0;eoa;0,000001;0;0,000001;USDC
Sonic;0xa1627a0e1d0ebca9326d2219b84df0c600bed4b1;0xf6f87073cf8929c206a77b0694619dc776f89885;0x78bae8879bb8a7ce4cd788d9c5328f9eb257b2f7;eoa;0,000013;0;0,000013;USDC
Sonic;0xa1627a0e1d0ebca9326d2219b84df0c600bed4b1;0xf6f87073cf8929c206a77b0694619dc776f89885;0x790b7fd80043aafd0b6b040990fb6fe74f482293;eoa;0,000001;0;0,000001;USDC
Sonic;0xa1627a0e1d0ebca9326d2219b84df0c600bed4b1;0xf6f87073cf8929c206a77b0694619dc776f89885;0x792402469631bf84097238fe208892a9d9bccaa3;eoa;0;0;0;USDC
Sonic;0xa1627a0e1d0ebca9326d2219b84df0c600bed4b1;0xf6f87073cf8929c206a77b0694619dc776f89885;0x793446713526f307853b8a23c3162a5d853e03a1;contract_other;0,000205;0;0,000205;USDC
Sonic;0xa1627a0e1d0ebca9326d2219b84df0c600bed4b1;0xf6f87073cf8929c206a77b0694619dc776f89885;0x79422ac65ae5d068babc04570970a0ba0d21bd21;eoa;77,065516;0;78,1509;USDC
Sonic;0xa1627a0e1d0ebca9326d2219b84df0c600bed4b1;0xf6f87073cf8929c206a77b0694619dc776f89885;0x7ac01acf8ac1984349f1aeb10d9eb11c90e120f8;eoa;0;0;0;USDC
Sonic;0xa1627a0e1d0ebca9326d2219b84df0c600bed4b1;0xf6f87073cf8929c206a77b0694619dc776f89885;0x7ae573b4bd3ac8a48ead9332b699da5573ac0a86;eoa;0;0;0;USDC
Sonic;0xa1627a0e1d0ebca9326d2219b84df0c600bed4b1;0xf6f87073cf8929c206a77b0694619dc776f89885;0x7ae94d1374e622e4c9b75b919c82f749bfd121bf;eoa;9153,488111;0;9153,488111;USDC
Sonic;0xa1627a0e1d0ebca9326d2219b84df0c600bed4b1;0xf6f87073cf8929c206a77b0694619dc776f89885;0x7b0a7e6845ebd3460c63641f3ba19394227cba2c;eoa;84432,316413;0;84432,316413;USDC
Sonic;0xa1627a0e1d0ebca9326d2219b84df0c600bed4b1;0xf6f87073cf8929c206a77b0694619dc776f89885;0x7b1dac408ada0017b0a7bbb4ffad30922717d389;eoa;373,877439;0;0;USDC
Sonic;0xa1627a0e1d0ebca9326d2219b84df0c600bed4b1;0xf6f87073cf8929c206a77b0694619dc776f89885;0x7b8135db002d27f745ef7f9f284fe9f641e6b217;eoa;0,000002;0;0,000002;USDC
Sonic;0xa1627a0e1d0ebca9326d2219b84df0c600bed4b1;0xf6f87073cf8929c206a77b0694619dc776f89885;0x7bfa50ae7fd21b9d0f3615ee6666255abe7bcdf6;eoa;0,000001;0;0,000001;USDC
Sonic;0xa1627a0e1d0ebca9326d2219b84df0c600bed4b1;0xf6f87073cf8929c206a77b0694619dc776f89885;0x7c99794f7e145e006be694ede8f3c8c64e87f820;eoa;0;0;0;USDC
Sonic;0xa1627a0e1d0ebca9326d2219b84df0c600bed4b1;0xf6f87073cf8929c206a77b0694619dc776f89885;0x7cd89748411cd0b8d27d319869d8fa974df04754;eoa;0;0;0;USDC
Sonic;0xa1627a0e1d0ebca9326d2219b84df0c600bed4b1;0xf6f87073cf8929c206a77b0694619dc776f89885;0x7cf80eb70b99251463a5fa981e3592873e47d5c7;eoa;0,009939;0;106,674387;USDC
Sonic;0xa1627a0e1d0ebca9326d2219b84df0c600bed4b1;0xf6f87073cf8929c206a77b0694619dc776f89885;0x7d5030c120ccc460de2d80698c1814802612f6a4;eoa;39,398831;0;39,398831;USDC
Sonic;0xa1627a0e1d0ebca9326d2219b84df0c600bed4b1;0xf6f87073cf8929c206a77b0694619dc776f89885;0x7d569c1e98e4f3826affce7fe036dc2e44cd4837;eoa;0,0278;0;0,0278;USDC
Sonic;0xa1627a0e1d0ebca9326d2219b84df0c600bed4b1;0xf6f87073cf8929c206a77b0694619dc776f89885;0x7dd9c8b0db70cfe1ecb2596e87e3d4fb74010105;eoa;0;0;0;USDC
Sonic;0xa1627a0e1d0ebca9326d2219b84df0c600bed4b1;0xf6f87073cf8929c206a77b0694619dc776f89885;0x7de25058b5bb3ba9672b6e11de8c86f1cbfc236e;eoa;0;0;0;USDC
Sonic;0xa1627a0e1d0ebca9326d2219b84df0c600bed4b1;0xf6f87073cf8929c206a77b0694619dc776f89885;0x7df054a9dcfc46317c8f8039253b54d3d1978b24;eoa;0;0;0;USDC
Sonic;0xa1627a0e1d0ebca9326d2219b84df0c600bed4b1;0xf6f87073cf8929c206a77b0694619dc776f89885;0x7dfd44160c65379f6d838c2b7d1fc84d93c2d842;eoa;0,000011;0;0,000011;USDC
Sonic;0xa1627a0e1d0ebca9326d2219b84df0c600bed4b1;0xf6f87073cf8929c206a77b0694619dc776f89885;0x7e755653a0c7ab5f7445a2d64665a3ab893ca085;eoa;0;0;0;USDC
Sonic;0xa1627a0e1d0ebca9326d2219b84df0c600bed4b1;0xf6f87073cf8929c206a77b0694619dc776f89885;0x7ed4cc291174448727bb95e3ae0b2d499f49702e;eoa;0;0;0;USDC
Sonic;0xa1627a0e1d0ebca9326d2219b84df0c600bed4b1;0xf6f87073cf8929c206a77b0694619dc776f89885;0x7ee89d98b5731107a2a9cebc3d9a4e729d070262;eoa;0;0;0;USDC
Sonic;0xa1627a0e1d0ebca9326d2219b84df0c600bed4b1;0xf6f87073cf8929c206a77b0694619dc776f89885;0x7f121e5e1624915e084c7cdde4e3072403770269;eoa;0,000001;0;0,000001;USDC
Sonic;0xa1627a0e1d0ebca9326d2219b84df0c600bed4b1;0xf6f87073cf8929c206a77b0694619dc776f89885;0x7f514ea5abb2099e075eff21231427ca0279e979;eoa;0,000002;0;0,000002;USDC
Sonic;0xa1627a0e1d0ebca9326d2219b84df0c600bed4b1;0xf6f87073cf8929c206a77b0694619dc776f89885;0x7f9adb20217a0dabd313123c03421b58952fd740;eoa;0;0;0;USDC
Sonic;0xa1627a0e1d0ebca9326d2219b84df0c600bed4b1;0xf6f87073cf8929c206a77b0694619dc776f89885;0x7f9c107f7502c7c22472e6dd1bc08ee3b01fc4d6;eoa;0,000191;0;0,000191;USDC
Sonic;0xa1627a0e1d0ebca9326d2219b84df0c600bed4b1;0xf6f87073cf8929c206a77b0694619dc776f89885;0x7fad8361f8eecd2a0d922eaec653f7e70dcd710b;eoa;0;0;0;USDC
Sonic;0xa1627a0e1d0ebca9326d2219b84df0c600bed4b1;0xf6f87073cf8929c206a77b0694619dc776f89885;0x7febf0878c8d3a266fb16aef1b92eafbce91a12e;eoa;308,736192;0;308,736192;USDC
Sonic;0xa1627a0e1d0ebca9326d2219b84df0c600bed4b1;0xf6f87073cf8929c206a77b0694619dc776f89885;0x800db334a1975fdbf0d7ab1164965b45d364fd82;eoa;0;0;0;USDC
Sonic;0xa1627a0e1d0ebca9326d2219b84df0c600bed4b1;0xf6f87073cf8929c206a77b0694619dc776f89885;0x802b8abfda0af980b6b42b1fc42f590b3c354386;eoa;0,000008;0;0,000008;USDC
Sonic;0xa1627a0e1d0ebca9326d2219b84df0c600bed4b1;0xf6f87073cf8929c206a77b0694619dc776f89885;0x80841d48420f90b5a6d99fd5506864ae9dd4937f;eoa;0;0;0;USDC
Sonic;0xa1627a0e1d0ebca9326d2219b84df0c600bed4b1;0xf6f87073cf8929c206a77b0694619dc776f89885;0x80b49f989dede20c973e4db3d2a1a4d35d32e64a;eoa;0;0;0;USDC
Sonic;0xa1627a0e1d0ebca9326d2219b84df0c600bed4b1;0xf6f87073cf8929c206a77b0694619dc776f89885;0x81931d1d45c517ee218a3a9065d4c43a375b4814;eoa;0;0;0;USDC
Sonic;0xa1627a0e1d0ebca9326d2219b84df0c600bed4b1;0xf6f87073cf8929c206a77b0694619dc776f89885;0x81e14e07493bd2a3ad29bb7dab1f26de9c98151b;eoa;0,001785;0;0;USDC
Sonic;0xa1627a0e1d0ebca9326d2219b84df0c600bed4b1;0xf6f87073cf8929c206a77b0694619dc776f89885;0x8322961c710571556ec8bc91554f675cd1828e85;eoa;0,000001;0;0,000001;USDC
Sonic;0xa1627a0e1d0ebca9326d2219b84df0c600bed4b1;0xf6f87073cf8929c206a77b0694619dc776f89885;0x8325aff2ccc014468cdf20f2538d8534db7a100f;eoa;2574,279425;0;2574,279425;USDC
Sonic;0xa1627a0e1d0ebca9326d2219b84df0c600bed4b1;0xf6f87073cf8929c206a77b0694619dc776f89885;0x832fdd7d994ebac6fd3c3e99046d7da59a302973;eoa;0;0;0;USDC
Sonic;0xa1627a0e1d0ebca9326d2219b84df0c600bed4b1;0xf6f87073cf8929c206a77b0694619dc776f89885;0x8366782726afac41b1b38761094f2d93cbb8e2d4;eoa;5167,208628;0;5167,208628;USDC
Sonic;0xa1627a0e1d0ebca9326d2219b84df0c600bed4b1;0xf6f87073cf8929c206a77b0694619dc776f89885;0x83678fbcbcf8af5a083027097098fae2734edfd4;eoa;722,13552;0;722,13552;USDC
Sonic;0xa1627a0e1d0ebca9326d2219b84df0c600bed4b1;0xf6f87073cf8929c206a77b0694619dc776f89885;0x8390618bc761431a266eb7b2d54c2290c57c653f;eoa;0;0;0;USDC
Sonic;0xa1627a0e1d0ebca9326d2219b84df0c600bed4b1;0xf6f87073cf8929c206a77b0694619dc776f89885;0x839435084253cfbcf01b2aa99870586f9aa82449;eoa;0;0;0;USDC
Sonic;0xa1627a0e1d0ebca9326d2219b84df0c600bed4b1;0xf6f87073cf8929c206a77b0694619dc776f89885;0x83a2077ce2f911dcb3016fdb1853a58274b1a63a;eoa;0;0;0;USDC
Sonic;0xa1627a0e1d0ebca9326d2219b84df0c600bed4b1;0xf6f87073cf8929c206a77b0694619dc776f89885;0x83d551f4b638fa349a41ede3c3efaa94fc6dafc0;eoa;0;0;0;USDC
Sonic;0xa1627a0e1d0ebca9326d2219b84df0c600bed4b1;0xf6f87073cf8929c206a77b0694619dc776f89885;0x83ebe392824c046be3c7942299bfbb8163759ee9;eoa;0;0;0;USDC
Sonic;0xa1627a0e1d0ebca9326d2219b84df0c600bed4b1;0xf6f87073cf8929c206a77b0694619dc776f89885;0x84b6a9dcb7f0fdccfcb68c09eef0ca5646ab7f59;eoa;0;0;0;USDC
Sonic;0xa1627a0e1d0ebca9326d2219b84df0c600bed4b1;0xf6f87073cf8929c206a77b0694619dc776f89885;0x84e39518b9a8b298709604e8fd5525307d53a710;eoa;0;0;0;USDC
Sonic;0xa1627a0e1d0ebca9326d2219b84df0c600bed4b1;0xf6f87073cf8929c206a77b0694619dc776f89885;0x85644679fd440cd55c7046f2748ec5479cb3c3ab;eoa;57,645497;0;57,645497;USDC
Sonic;0xa1627a0e1d0ebca9326d2219b84df0c600bed4b1;0xf6f87073cf8929c206a77b0694619dc776f89885;0x86164c2beef132d98cf29a5f684a5d635b04a20a;eoa;0,000001;0;0,000001;USDC
Sonic;0xa1627a0e1d0ebca9326d2219b84df0c600bed4b1;0xf6f87073cf8929c206a77b0694619dc776f89885;0x88023c305b471649d326b7b95149146f4b5308b5;eoa;0,000002;0;0,000002;USDC
Sonic;0xa1627a0e1d0ebca9326d2219b84df0c600bed4b1;0xf6f87073cf8929c206a77b0694619dc776f89885;0x8836fd691a0eb523d552286663697e37f18d60f0;eoa;0;0;0;USDC
Sonic;0xa1627a0e1d0ebca9326d2219b84df0c600bed4b1;0xf6f87073cf8929c206a77b0694619dc776f89885;0x8873b9bf783c3e7404397e0226776f79a15341d1;eoa;0,000009;0;0,000009;USDC
Sonic;0xa1627a0e1d0ebca9326d2219b84df0c600bed4b1;0xf6f87073cf8929c206a77b0694619dc776f89885;0x88888887c3ebd4a33e34a15db4254c74c75e5d4a;eoa;0,000003;0;-2,05882;USDC
Sonic;0xa1627a0e1d0ebca9326d2219b84df0c600bed4b1;0xf6f87073cf8929c206a77b0694619dc776f89885;0x889fc25bf1568ba596f1c8d13690e66663716784;eoa;0;0;0;USDC
Sonic;0xa1627a0e1d0ebca9326d2219b84df0c600bed4b1;0xf6f87073cf8929c206a77b0694619dc776f89885;0x88c2cf0cf7470381cc33c6e5c02f77825a82765f;eoa;0,000001;0;0,000001;USDC
Sonic;0xa1627a0e1d0ebca9326d2219b84df0c600bed4b1;0xf6f87073cf8929c206a77b0694619dc776f89885;0x8905cbc93d00f26e3ce63c62daa03cbc662e0c2d;eoa;0,000004;0;0,000004;USDC
Sonic;0xa1627a0e1d0ebca9326d2219b84df0c600bed4b1;0xf6f87073cf8929c206a77b0694619dc776f89885;0x8927d3d9036bdab539456e1aa0711b8e71c585a6;eoa;0;0;0;USDC
Sonic;0xa1627a0e1d0ebca9326d2219b84df0c600bed4b1;0xf6f87073cf8929c206a77b0694619dc776f89885;0x894f1fdf83c322a6b35afde5f2942ebeb670ed30;eoa;0,000001;0;0,000001;USDC
Sonic;0xa1627a0e1d0ebca9326d2219b84df0c600bed4b1;0xf6f87073cf8929c206a77b0694619dc776f89885;0x8985d5c3465d07321e981f3289eae1789ee13c79;eoa;1,013809;0;1,013809;USDC
Sonic;0xa1627a0e1d0ebca9326d2219b84df0c600bed4b1;0xf6f87073cf8929c206a77b0694619dc776f89885;0x899e6d9f1746be441b457175f8d339ad5462c943;eoa;6484,343711;0;6472,237811;USDC
Sonic;0xa1627a0e1d0ebca9326d2219b84df0c600bed4b1;0xf6f87073cf8929c206a77b0694619dc776f89885;0x89add83aed3dcaedcfdda730ff25d8baf19471b9;eoa;0,000003;0;0,000003;USDC
Sonic;0xa1627a0e1d0ebca9326d2219b84df0c600bed4b1;0xf6f87073cf8929c206a77b0694619dc776f89885;0x8a24c908f6f692e15686bfbbf42cef2bf2949c06;eoa;0,061113;0;0,061113;USDC
Sonic;0xa1627a0e1d0ebca9326d2219b84df0c600bed4b1;0xf6f87073cf8929c206a77b0694619dc776f89885;0x8a80086904d34e7daf0312e26a6fcaa88212bd13;eoa;0,000001;0;0,000001;USDC
Sonic;0xa1627a0e1d0ebca9326d2219b84df0c600bed4b1;0xf6f87073cf8929c206a77b0694619dc776f89885;0x8a81f57a71ce5945fa14132ba58c108b85afa6b6;contract_other;0,000003;0;0,000003;USDC
Sonic;0xa1627a0e1d0ebca9326d2219b84df0c600bed4b1;0xf6f87073cf8929c206a77b0694619dc776f89885;0x8a881fb7bc78796e206bdd61cba223df44316f90;eoa;0;0;0;USDC
Sonic;0xa1627a0e1d0ebca9326d2219b84df0c600bed4b1;0xf6f87073cf8929c206a77b0694619dc776f89885;0x8a9705fae082f5f017988a9e495552b5e1295404;eoa;0;0;0;USDC
Sonic;0xa1627a0e1d0ebca9326d2219b84df0c600bed4b1;0xf6f87073cf8929c206a77b0694619dc776f89885;0x8ab3c21a040cc6fd3791657a657cc9860b58c0cc;contract_other;1,045687;0;1,045687;USDC
Sonic;0xa1627a0e1d0ebca9326d2219b84df0c600bed4b1;0xf6f87073cf8929c206a77b0694619dc776f89885;0x8ad37552ac456e36a43251fc284e5a8298131499;eoa;0;0;0;USDC
Sonic;0xa1627a0e1d0ebca9326d2219b84df0c600bed4b1;0xf6f87073cf8929c206a77b0694619dc776f89885;0x8afa333d7472fdc6f2be8e9b49b8c8f5ac53693d;eoa;0;0;0;USDC
Sonic;0xa1627a0e1d0ebca9326d2219b84df0c600bed4b1;0xf6f87073cf8929c206a77b0694619dc776f89885;0x8b43c323b03e9dd312a5736ea3fb598baa92e6f9;eoa;0;0;0;USDC
Sonic;0xa1627a0e1d0ebca9326d2219b84df0c600bed4b1;0xf6f87073cf8929c206a77b0694619dc776f89885;0x8b4f13c14f1369f89f26f2c6b9ac58a0f2d3f4cc;eoa;0,000002;0;0,000002;USDC
Sonic;0xa1627a0e1d0ebca9326d2219b84df0c600bed4b1;0xf6f87073cf8929c206a77b0694619dc776f89885;0x8b71fa4917841ce4bfbd0c3cfb3c568bc1b9410c;eoa;1,054718;0;1,054718;USDC
Sonic;0xa1627a0e1d0ebca9326d2219b84df0c600bed4b1;0xf6f87073cf8929c206a77b0694619dc776f89885;0x8bac163321bd04c77d45cea5636051813e0a331c;eoa;0,000002;0;0,000002;USDC
Sonic;0xa1627a0e1d0ebca9326d2219b84df0c600bed4b1;0xf6f87073cf8929c206a77b0694619dc776f89885;0x8bc7acebea62b2e358997150431b78ffd022715a;eoa;0;0;0;USDC
Sonic;0xa1627a0e1d0ebca9326d2219b84df0c600bed4b1;0xf6f87073cf8929c206a77b0694619dc776f89885;0x8c15d5d5df361cbf8e33b1f019e35f47324d9500;Gnosis Safe;0;0;0;USDC
Sonic;0xa1627a0e1d0ebca9326d2219b84df0c600bed4b1;0xf6f87073cf8929c206a77b0694619dc776f89885;0x8c2df3da1e11ac79c398d4c85f55087b59d3a6f6;eoa;0,000001;0;0,000001;USDC
Sonic;0xa1627a0e1d0ebca9326d2219b84df0c600bed4b1;0xf6f87073cf8929c206a77b0694619dc776f89885;0x8ca32d1f41d4a55a400fd485374a9d0b5ad954f7;eoa;1013,441837;0;1013,441837;USDC
Sonic;0xa1627a0e1d0ebca9326d2219b84df0c600bed4b1;0xf6f87073cf8929c206a77b0694619dc776f89885;0x8cac1694208f461a192f95c7fed8de18aa74c542;eoa;0;0;0;USDC
Sonic;0xa1627a0e1d0ebca9326d2219b84df0c600bed4b1;0xf6f87073cf8929c206a77b0694619dc776f89885;0x8cbe0e70513178e65aaf6721955f6202262145d6;eoa;0;0;0;USDC
Sonic;0xa1627a0e1d0ebca9326d2219b84df0c600bed4b1;0xf6f87073cf8929c206a77b0694619dc776f89885;0x8d02f47ada375c301186fd212947f84097be852a;eoa;0,000001;0;0,000001;USDC
Sonic;0xa1627a0e1d0ebca9326d2219b84df0c600bed4b1;0xf6f87073cf8929c206a77b0694619dc776f89885;0x8d285e28f27656666458a52be2983000ffa06897;eoa;41,462986;0;41,462986;USDC
Sonic;0xa1627a0e1d0ebca9326d2219b84df0c600bed4b1;0xf6f87073cf8929c206a77b0694619dc776f89885;0x8d655b1af80200a6b81e11482fdea66328b16e05;eoa;0;0;0;USDC
Sonic;0xa1627a0e1d0ebca9326d2219b84df0c600bed4b1;0xf6f87073cf8929c206a77b0694619dc776f89885;0x8ddcb0b10de8cf175456a627d6d09eaca175c2b6;eoa;6,267838;0;6,267838;USDC
Sonic;0xa1627a0e1d0ebca9326d2219b84df0c600bed4b1;0xf6f87073cf8929c206a77b0694619dc776f89885;0x8dddedebf97b2048a539da89bc1de6e2eca7aee3;eoa;0;0;0;USDC
Sonic;0xa1627a0e1d0ebca9326d2219b84df0c600bed4b1;0xf6f87073cf8929c206a77b0694619dc776f89885;0x8e1ffa4413300212f652e0369e9869d9217d78a7;eoa;2631,691739;0;2631,691739;USDC
Sonic;0xa1627a0e1d0ebca9326d2219b84df0c600bed4b1;0xf6f87073cf8929c206a77b0694619dc776f89885;0x8e442c7f8e605f3b06b8f348921b0b79ed2da86a;eoa;533,473795;0;533,473795;USDC
Sonic;0xa1627a0e1d0ebca9326d2219b84df0c600bed4b1;0xf6f87073cf8929c206a77b0694619dc776f89885;0x8e4b3ab218e93e506c4fa9a3f93f94ae34ff9847;eoa;0,000001;0;0,000001;USDC
Sonic;0xa1627a0e1d0ebca9326d2219b84df0c600bed4b1;0xf6f87073cf8929c206a77b0694619dc776f89885;0x8e7ce0300d600a2be8756142f0259cdc8129aa7a;eoa;0;0;0;USDC
Sonic;0xa1627a0e1d0ebca9326d2219b84df0c600bed4b1;0xf6f87073cf8929c206a77b0694619dc776f89885;0x8e97a2be1f1cee87e3c50fe1420168e176b1b068;eoa;0;0;0;USDC
Sonic;0xa1627a0e1d0ebca9326d2219b84df0c600bed4b1;0xf6f87073cf8929c206a77b0694619dc776f89885;0x8ec9d9c1b89f0126c7852deaf73d61789eb37454;eoa;0;0;0;USDC
Sonic;0xa1627a0e1d0ebca9326d2219b84df0c600bed4b1;0xf6f87073cf8929c206a77b0694619dc776f89885;0x8f075e12d025d41d2b024a3cc8b44d1abb16c3d9;eoa;173763,970184;0;173741,504342;USDC
Sonic;0xa1627a0e1d0ebca9326d2219b84df0c600bed4b1;0xf6f87073cf8929c206a77b0694619dc776f89885;0x8f32fcf79be6efe7a8353447e2756806e2ca87e2;eoa;4,175484;0;4,175484;USDC
Sonic;0xa1627a0e1d0ebca9326d2219b84df0c600bed4b1;0xf6f87073cf8929c206a77b0694619dc776f89885;0x8f486ad5da783b0aa53ca4e6816e6f4121170968;eoa;0;0;0;USDC
Sonic;0xa1627a0e1d0ebca9326d2219b84df0c600bed4b1;0xf6f87073cf8929c206a77b0694619dc776f89885;0x8f71361638a54bbeb9d5a6e62aa14da823fc0094;eoa;0;0;0;USDC
Sonic;0xa1627a0e1d0ebca9326d2219b84df0c600bed4b1;0xf6f87073cf8929c206a77b0694619dc776f89885;0x8f8ec374f2b871d8eb79489c68ced103611a6f3a;eoa;0;0;0;USDC
Sonic;0xa1627a0e1d0ebca9326d2219b84df0c600bed4b1;0xf6f87073cf8929c206a77b0694619dc776f89885;0x8fc3f6ba72cbc29cf693081f7447980402b2b6e5;eoa;0;0;0;USDC
Sonic;0xa1627a0e1d0ebca9326d2219b84df0c600bed4b1;0xf6f87073cf8929c206a77b0694619dc776f89885;0x8fd7e8b6d238390c107c17124f5b9743bcdee61b;eoa;0,000002;0;0,000002;USDC
Sonic;0xa1627a0e1d0ebca9326d2219b84df0c600bed4b1;0xf6f87073cf8929c206a77b0694619dc776f89885;0x90e21c4a1412859e236c2ec98d87cacaeeca86b1;eoa;0;0;0;USDC
Sonic;0xa1627a0e1d0ebca9326d2219b84df0c600bed4b1;0xf6f87073cf8929c206a77b0694619dc776f89885;0x910cf273f165bd90d5a1b199462a59be798c84c0;contract_other;0,000001;0;0,000001;USDC
Sonic;0xa1627a0e1d0ebca9326d2219b84df0c600bed4b1;0xf6f87073cf8929c206a77b0694619dc776f89885;0x91ddeb35264287785762e666b5fba5da9e83b5c8;eoa;0;0;0;USDC
Sonic;0xa1627a0e1d0ebca9326d2219b84df0c600bed4b1;0xf6f87073cf8929c206a77b0694619dc776f89885;0x922164bbbd36acf9e854acbbf32facc949fcaeef;eoa;0,274586;0;0,275222;USDC
Sonic;0xa1627a0e1d0ebca9326d2219b84df0c600bed4b1;0xf6f87073cf8929c206a77b0694619dc776f89885;0x922c8a6da1aac513353baf69384e893e1ccfff48;eoa;5848,461372;0;5848,461372;USDC
Sonic;0xa1627a0e1d0ebca9326d2219b84df0c600bed4b1;0xf6f87073cf8929c206a77b0694619dc776f89885;0x9296011bc2f144e8b7c174644dc08ca1c79a03a0;eoa;0,000051;0;0,000051;USDC
Sonic;0xa1627a0e1d0ebca9326d2219b84df0c600bed4b1;0xf6f87073cf8929c206a77b0694619dc776f89885;0x92ba6d53e6c3ed270d27ec18fb9054d1d70ac383;eoa;0;0;0;USDC
Sonic;0xa1627a0e1d0ebca9326d2219b84df0c600bed4b1;0xf6f87073cf8929c206a77b0694619dc776f89885;0x92d23c502c9eee79b32f68e7621a6bbfff4b73d6;contract_other;0,000003;0;0,000003;USDC
Sonic;0xa1627a0e1d0ebca9326d2219b84df0c600bed4b1;0xf6f87073cf8929c206a77b0694619dc776f89885;0x92d3c29537ddeeaa075233e692106894f5a08f75;eoa;0,000007;0;0,000007;USDC
Sonic;0xa1627a0e1d0ebca9326d2219b84df0c600bed4b1;0xf6f87073cf8929c206a77b0694619dc776f89885;0x930ffe3d8033500ca207c2445690d17080120e63;eoa;511,568819;0;511,568819;USDC
Sonic;0xa1627a0e1d0ebca9326d2219b84df0c600bed4b1;0xf6f87073cf8929c206a77b0694619dc776f89885;0x9324829ccd07b08c8d27096308f37d7cc6ea6edf;eoa;0;0;0;USDC
Sonic;0xa1627a0e1d0ebca9326d2219b84df0c600bed4b1;0xf6f87073cf8929c206a77b0694619dc776f89885;0x9333c471fb0abb0a189189933bfc0d1a4584c9f7;eoa;10,443802;0;10,443802;USDC
Sonic;0xa1627a0e1d0ebca9326d2219b84df0c600bed4b1;0xf6f87073cf8929c206a77b0694619dc776f89885;0x93a9e19e10518080b6114c90ac1e6c9278a5c46e;eoa;0;0;19,906395;USDC
Sonic;0xa1627a0e1d0ebca9326d2219b84df0c600bed4b1;0xf6f87073cf8929c206a77b0694619dc776f89885;0x93b0c5daa1518bb65c42eb25ce198b5231759647;eoa;0;0;0;USDC
Sonic;0xa1627a0e1d0ebca9326d2219b84df0c600bed4b1;0xf6f87073cf8929c206a77b0694619dc776f89885;0x93bf27a3512f28a4ce66ebd0bc0fc8dfd0602448;eoa;0,000001;0;0,000001;USDC
Sonic;0xa1627a0e1d0ebca9326d2219b84df0c600bed4b1;0xf6f87073cf8929c206a77b0694619dc776f89885;0x93d7e6386cf04eae79459e45be0fbf63deecf7f6;contract_other;0;0;0;USDC
Sonic;0xa1627a0e1d0ebca9326d2219b84df0c600bed4b1;0xf6f87073cf8929c206a77b0694619dc776f89885;0x93f2c2cc76ab71c3b99565a07f0c19b690de2842;eoa;10,516169;0;10,516169;USDC
Sonic;0xa1627a0e1d0ebca9326d2219b84df0c600bed4b1;0xf6f87073cf8929c206a77b0694619dc776f89885;0x941b6117f7059c484d66e8f24ed38cb40a1667cd;eoa;2183,57551;0;2183,57551;USDC
Sonic;0xa1627a0e1d0ebca9326d2219b84df0c600bed4b1;0xf6f87073cf8929c206a77b0694619dc776f89885;0x94327dce136d69350b0bdc77bd32c50d6b934c49;contract_other;0,000001;0;0,000001;USDC
Sonic;0xa1627a0e1d0ebca9326d2219b84df0c600bed4b1;0xf6f87073cf8929c206a77b0694619dc776f89885;0x95333df86727053ba59db90e8005b5fbacbb5208;eoa;0,000003;0;0,000003;USDC
Sonic;0xa1627a0e1d0ebca9326d2219b84df0c600bed4b1;0xf6f87073cf8929c206a77b0694619dc776f89885;0x955883fa51d4d91946faf574946d78da5daddf22;eoa;0,000001;0;0,000001;USDC
Sonic;0xa1627a0e1d0ebca9326d2219b84df0c600bed4b1;0xf6f87073cf8929c206a77b0694619dc776f89885;0x95dbf6d1648cf3a40639cc2c87656d7c45822f9b;eoa;1009,696552;0;1009,696552;USDC
Sonic;0xa1627a0e1d0ebca9326d2219b84df0c600bed4b1;0xf6f87073cf8929c206a77b0694619dc776f89885;0x960906a1d73684cd2c60da6c8b9f109f10d55bc4;eoa;0;0;0;USDC
Sonic;0xa1627a0e1d0ebca9326d2219b84df0c600bed4b1;0xf6f87073cf8929c206a77b0694619dc776f89885;0x9616766c0df03668dd0c828b5db455644998f037;eoa;1,045279;0;1,045279;USDC
Sonic;0xa1627a0e1d0ebca9326d2219b84df0c600bed4b1;0xf6f87073cf8929c206a77b0694619dc776f89885;0x9673ac8dfa66238243d6d528c416376ef2957102;eoa;59,586481;0;59,586481;USDC
Sonic;0xa1627a0e1d0ebca9326d2219b84df0c600bed4b1;0xf6f87073cf8929c206a77b0694619dc776f89885;0x9674fc77a3f5773002877cae189a51ea89cc4316;eoa;0,000006;0;0,000006;USDC
Sonic;0xa1627a0e1d0ebca9326d2219b84df0c600bed4b1;0xf6f87073cf8929c206a77b0694619dc776f89885;0x968d7a11b5c0a3b9b7d07bfb635c8153187b9e41;eoa;0;0;45,156945;USDC
Sonic;0xa1627a0e1d0ebca9326d2219b84df0c600bed4b1;0xf6f87073cf8929c206a77b0694619dc776f89885;0x96abca2c6934e6887e9e58c48b421d608357e3b2;eoa;0;0;0;USDC
Sonic;0xa1627a0e1d0ebca9326d2219b84df0c600bed4b1;0xf6f87073cf8929c206a77b0694619dc776f89885;0x96d77bac5749ea39263bd9bd1b400b3f9d8c91b6;eoa;0;0;0;USDC
Sonic;0xa1627a0e1d0ebca9326d2219b84df0c600bed4b1;0xf6f87073cf8929c206a77b0694619dc776f89885;0x96fe1f4e49b0c803f5633d3dd6cdba62c3e9c280;eoa;1,038601;0;1,038601;USDC
Sonic;0xa1627a0e1d0ebca9326d2219b84df0c600bed4b1;0xf6f87073cf8929c206a77b0694619dc776f89885;0x97006db48f27a1312bbed5e96de146a97a78e396;eoa;16209,085215;0;16209,085215;USDC
Sonic;0xa1627a0e1d0ebca9326d2219b84df0c600bed4b1;0xf6f87073cf8929c206a77b0694619dc776f89885;0x9721b9afc405aaf61d0a2dc9f220a0a6fdcd232d;Gnosis Safe;3257,832276;0;3257,832276;USDC
Sonic;0xa1627a0e1d0ebca9326d2219b84df0c600bed4b1;0xf6f87073cf8929c206a77b0694619dc776f89885;0x97988fc6443fcfaaa001ee320d5ebfcbf510a521;eoa;0,000001;0;0,000001;USDC
Sonic;0xa1627a0e1d0ebca9326d2219b84df0c600bed4b1;0xf6f87073cf8929c206a77b0694619dc776f89885;0x97ee2adc4e577766bf48690fefa3e5d6e5c804a3;eoa;0;0;0;USDC
Sonic;0xa1627a0e1d0ebca9326d2219b84df0c600bed4b1;0xf6f87073cf8929c206a77b0694619dc776f89885;0x9809675e4dad5fae3bd8145a92a9fb49f4684c45;eoa;0;0;0;USDC
Sonic;0xa1627a0e1d0ebca9326d2219b84df0c600bed4b1;0xf6f87073cf8929c206a77b0694619dc776f89885;0x9881efbba207b10846eebf3bbcf39d95c59733de;eoa;1,1497;0;1,1497;USDC
Sonic;0xa1627a0e1d0ebca9326d2219b84df0c600bed4b1;0xf6f87073cf8929c206a77b0694619dc776f89885;0x98a0efc622cdc86b38484ce6a6729606d26e500e;eoa;0;0;0;USDC
Sonic;0xa1627a0e1d0ebca9326d2219b84df0c600bed4b1;0xf6f87073cf8929c206a77b0694619dc776f89885;0x98c98daed4e5df266c7dcae72186a133d7b7281d;eoa;0,000001;0;0,000001;USDC
Sonic;0xa1627a0e1d0ebca9326d2219b84df0c600bed4b1;0xf6f87073cf8929c206a77b0694619dc776f89885;0x992c76325138013025d81ea907109842db2721d9;eoa;18,747008;0;18,747008;USDC
Sonic;0xa1627a0e1d0ebca9326d2219b84df0c600bed4b1;0xf6f87073cf8929c206a77b0694619dc776f89885;0x99a7baa6eb43bb9f76960dd1ca71bd3b43e9b878;eoa;0,000001;0;0,000001;USDC
Sonic;0xa1627a0e1d0ebca9326d2219b84df0c600bed4b1;0xf6f87073cf8929c206a77b0694619dc776f89885;0x99b943107ebcac233ebe89478efa7d1783c6d689;eoa;0;0;0;USDC
Sonic;0xa1627a0e1d0ebca9326d2219b84df0c600bed4b1;0xf6f87073cf8929c206a77b0694619dc776f89885;0x9a93da4fdb484659b9dca9da211d73d9b408b0e1;eoa;0,000001;0;0,000001;USDC
Sonic;0xa1627a0e1d0ebca9326d2219b84df0c600bed4b1;0xf6f87073cf8929c206a77b0694619dc776f89885;0x9a9ec2cf2037091776fc6492841f218c8ad531fa;eoa;0;0;0;USDC
Sonic;0xa1627a0e1d0ebca9326d2219b84df0c600bed4b1;0xf6f87073cf8929c206a77b0694619dc776f89885;0x9aa36b54763ce1eb9591619bb2795336a498cada;eoa;20,896382;0;20,896382;USDC
Sonic;0xa1627a0e1d0ebca9326d2219b84df0c600bed4b1;0xf6f87073cf8929c206a77b0694619dc776f89885;0x9b139f8d81c34667764e9db1d21f5472d9be1d4e;eoa;116,733361;0;116,733361;USDC
Sonic;0xa1627a0e1d0ebca9326d2219b84df0c600bed4b1;0xf6f87073cf8929c206a77b0694619dc776f89885;0x9b350b26b82f3c088e1c0c345a904ee5eb655e15;contract_other;0,000031;0;0,000031;USDC
Sonic;0xa1627a0e1d0ebca9326d2219b84df0c600bed4b1;0xf6f87073cf8929c206a77b0694619dc776f89885;0x9b6e01454fa30d52467a55f0d31c06a9d77ff776;eoa;197,29582;0;197,29582;USDC
Sonic;0xa1627a0e1d0ebca9326d2219b84df0c600bed4b1;0xf6f87073cf8929c206a77b0694619dc776f89885;0x9b7676940ae92ebc1604cefb0fb9203ccde25249;eoa;18581,872925;0;18581,872925;USDC
Sonic;0xa1627a0e1d0ebca9326d2219b84df0c600bed4b1;0xf6f87073cf8929c206a77b0694619dc776f89885;0x9ba961989dd6609ed091f512be947118c40f2291;eoa;0;0;0;USDC
Sonic;0xa1627a0e1d0ebca9326d2219b84df0c600bed4b1;0xf6f87073cf8929c206a77b0694619dc776f89885;0x9bb6e6dbd2a4f9989a1d7b3e6825fe5937816382;eoa;0,000001;0;0,000001;USDC
Sonic;0xa1627a0e1d0ebca9326d2219b84df0c600bed4b1;0xf6f87073cf8929c206a77b0694619dc776f89885;0x9bc34ded927e0f336c5c81e15a900461a0608863;eoa;0,000001;0;0,000001;USDC
Sonic;0xa1627a0e1d0ebca9326d2219b84df0c600bed4b1;0xf6f87073cf8929c206a77b0694619dc776f89885;0x9c125478446b664ce7590563b78e46a27c8891d6;eoa;0,000001;0;0,000001;USDC
Sonic;0xa1627a0e1d0ebca9326d2219b84df0c600bed4b1;0xf6f87073cf8929c206a77b0694619dc776f89885;0x9cba756d2ea30542ea4d05c911ba1ca16250a65e;eoa;0;0;0;USDC
Sonic;0xa1627a0e1d0ebca9326d2219b84df0c600bed4b1;0xf6f87073cf8929c206a77b0694619dc776f89885;0x9db3f130411a5bc4857f4eb5bb68dd3c03534650;eoa;0,193116;0;0,193116;USDC
Sonic;0xa1627a0e1d0ebca9326d2219b84df0c600bed4b1;0xf6f87073cf8929c206a77b0694619dc776f89885;0x9dde2a2fb63f0d45533f338f05ae16f93a58099f;eoa;0;0;0;USDC
Sonic;0xa1627a0e1d0ebca9326d2219b84df0c600bed4b1;0xf6f87073cf8929c206a77b0694619dc776f89885;0x9e6e1f28a62af7e4e00498491113cc28df4e07c4;eoa;0;0;0;USDC
Sonic;0xa1627a0e1d0ebca9326d2219b84df0c600bed4b1;0xf6f87073cf8929c206a77b0694619dc776f89885;0x9e89ef8566207628279b3b5835c7ac89ac329131;eoa;0;0;0;USDC
Sonic;0xa1627a0e1d0ebca9326d2219b84df0c600bed4b1;0xf6f87073cf8929c206a77b0694619dc776f89885;0x9e9f9e1d0208a39d99d9dc29aad7e8fa9ae4919f;eoa;0;0;0;USDC
Sonic;0xa1627a0e1d0ebca9326d2219b84df0c600bed4b1;0xf6f87073cf8929c206a77b0694619dc776f89885;0x9eb2d5311edbafd2137b9292d5683c35bf301cc8;eoa;0,000008;0;0,000008;USDC
Sonic;0xa1627a0e1d0ebca9326d2219b84df0c600bed4b1;0xf6f87073cf8929c206a77b0694619dc776f89885;0x9f652733459ef1dbbf8dc270be0cdfd5443d0b56;eoa;0;0;27,713115;USDC
Sonic;0xa1627a0e1d0ebca9326d2219b84df0c600bed4b1;0xf6f87073cf8929c206a77b0694619dc776f89885;0x9f6cec11318b69e58065ebab173ac00f7b9f195c;eoa;939,283504;0;939,283504;USDC
Sonic;0xa1627a0e1d0ebca9326d2219b84df0c600bed4b1;0xf6f87073cf8929c206a77b0694619dc776f89885;0x9fad1330bbf3571f3df42b36f5c428543303bc77;eoa;0;0;0;USDC
Sonic;0xa1627a0e1d0ebca9326d2219b84df0c600bed4b1;0xf6f87073cf8929c206a77b0694619dc776f89885;0x9fd634393707ad07739d63c81011ba067681a19a;eoa;0;0;0;USDC
Sonic;0xa1627a0e1d0ebca9326d2219b84df0c600bed4b1;0xf6f87073cf8929c206a77b0694619dc776f89885;0x9fe1381bbf84af2bd3d1c1ee48eed57e475f3f30;eoa;1,043606;0;1,043606;USDC
Sonic;0xa1627a0e1d0ebca9326d2219b84df0c600bed4b1;0xf6f87073cf8929c206a77b0694619dc776f89885;0x9ffd2924924d951a7bb7e2990e1ffdec83e33778;eoa;0;0;42,167636;USDC
Sonic;0xa1627a0e1d0ebca9326d2219b84df0c600bed4b1;0xf6f87073cf8929c206a77b0694619dc776f89885;0xa011d83fc3c430156fa2c4e26b9fa1182317dae6;eoa;40,846753;0;40,846753;USDC
Sonic;0xa1627a0e1d0ebca9326d2219b84df0c600bed4b1;0xf6f87073cf8929c206a77b0694619dc776f89885;0xa0170b6935fef8ff2c514703fcb2c597a9bc2076;eoa;0;0;0;USDC
Sonic;0xa1627a0e1d0ebca9326d2219b84df0c600bed4b1;0xf6f87073cf8929c206a77b0694619dc776f89885;0xa09bc385421f18d5d5072924f9d3709bb2b76281;contract_other;90,616695;0;1718,903421;USDC
Sonic;0xa1627a0e1d0ebca9326d2219b84df0c600bed4b1;0xf6f87073cf8929c206a77b0694619dc776f89885;0xa0e9651d1bc9214807915735966a02913cb79941;eoa;0;0;0;USDC
Sonic;0xa1627a0e1d0ebca9326d2219b84df0c600bed4b1;0xf6f87073cf8929c206a77b0694619dc776f89885;0xa14a265fa3cb4e2c1e53967b355eb57f85141dbe;eoa;126,689891;0;126,689891;USDC
Sonic;0xa1627a0e1d0ebca9326d2219b84df0c600bed4b1;0xf6f87073cf8929c206a77b0694619dc776f89885;0xa1756a88a583feae17a8f3b1b15aa4e9d8873ccd;eoa;0;0;0;USDC
Sonic;0xa1627a0e1d0ebca9326d2219b84df0c600bed4b1;0xf6f87073cf8929c206a77b0694619dc776f89885;0xa18f48afa5fb254c300c1ac67330072d16552dd4;eoa;682,9431;0;682,9431;USDC
Sonic;0xa1627a0e1d0ebca9326d2219b84df0c600bed4b1;0xf6f87073cf8929c206a77b0694619dc776f89885;0xa1eb063e50bd82f3b511bac3084abd67cf79afd4;eoa;0;0;0;USDC
Sonic;0xa1627a0e1d0ebca9326d2219b84df0c600bed4b1;0xf6f87073cf8929c206a77b0694619dc776f89885;0xa212e7c2e2e237dbe2ac5d6d21f9e5bfc9377d7d;eoa;0,000147;0;0,000147;USDC
Sonic;0xa1627a0e1d0ebca9326d2219b84df0c600bed4b1;0xf6f87073cf8929c206a77b0694619dc776f89885;0xa270d2222d62500d2821f0c5dd2bc4fe4d497f08;eoa;1,054901;0;1,054901;USDC
Sonic;0xa1627a0e1d0ebca9326d2219b84df0c600bed4b1;0xf6f87073cf8929c206a77b0694619dc776f89885;0xa2808d78b4860cc03a10e69683815c1a4cf8c047;eoa;0;0;0;USDC
Sonic;0xa1627a0e1d0ebca9326d2219b84df0c600bed4b1;0xf6f87073cf8929c206a77b0694619dc776f89885;0xa358d0bcedd6f16a5a6ac46c96d910179b94fcbc;eoa;1,044326;0;1,044326;USDC
Sonic;0xa1627a0e1d0ebca9326d2219b84df0c600bed4b1;0xf6f87073cf8929c206a77b0694619dc776f89885;0xa364f6d1fa231231eb5945da778f2c3289ccaaad;eoa;0,041547;0;0,041547;USDC
Sonic;0xa1627a0e1d0ebca9326d2219b84df0c600bed4b1;0xf6f87073cf8929c206a77b0694619dc776f89885;0xa380dace2095adc258d2be066e2a60a9dbacf7ad;eoa;0,000001;0;0,000001;USDC
Sonic;0xa1627a0e1d0ebca9326d2219b84df0c600bed4b1;0xf6f87073cf8929c206a77b0694619dc776f89885;0xa3a211bdfba8d614c3d030da6cdbc98940db3ba8;eoa;14,810784;0;14,810784;USDC
Sonic;0xa1627a0e1d0ebca9326d2219b84df0c600bed4b1;0xf6f87073cf8929c206a77b0694619dc776f89885;0xa3ad77a6ff71ccd48e44f2d63a7c8208fc58fd08;eoa;1,150075;0;1,150075;USDC
Sonic;0xa1627a0e1d0ebca9326d2219b84df0c600bed4b1;0xf6f87073cf8929c206a77b0694619dc776f89885;0xa3dfd63d59cf2458b387cdcf94ff2fb7b3c159fa;eoa;0,000001;0;0,000001;USDC
Sonic;0xa1627a0e1d0ebca9326d2219b84df0c600bed4b1;0xf6f87073cf8929c206a77b0694619dc776f89885;0xa499f7167611382f75953de7bb6243c86fbf8720;eoa;0,000002;0;0,000002;USDC
Sonic;0xa1627a0e1d0ebca9326d2219b84df0c600bed4b1;0xf6f87073cf8929c206a77b0694619dc776f89885;0xa51a6f181d7bde6f4fc445ff844fa9329616c01a;eoa;0,000001;0;0,000001;USDC
Sonic;0xa1627a0e1d0ebca9326d2219b84df0c600bed4b1;0xf6f87073cf8929c206a77b0694619dc776f89885;0xa5cf45c0cfe73caf0c887941e87c6c222146fe44;eoa;2,027679;0;2,027679;USDC
Sonic;0xa1627a0e1d0ebca9326d2219b84df0c600bed4b1;0xf6f87073cf8929c206a77b0694619dc776f89885;0xa5e59b08943e09247cc92be7710223208cea7639;eoa;5,22251;0;5,221514;USDC
Sonic;0xa1627a0e1d0ebca9326d2219b84df0c600bed4b1;0xf6f87073cf8929c206a77b0694619dc776f89885;0xa5f1473f514a450dd38427947ddb9b3b7d1f539b;eoa;0;0;0;USDC
Sonic;0xa1627a0e1d0ebca9326d2219b84df0c600bed4b1;0xf6f87073cf8929c206a77b0694619dc776f89885;0xa5f754c21b3a9c8e0fe4f129ec8f5ac4a2536942;eoa;0;0;0;USDC
Sonic;0xa1627a0e1d0ebca9326d2219b84df0c600bed4b1;0xf6f87073cf8929c206a77b0694619dc776f89885;0xa670e8467a59948b8c5da4ae18ac8864d0fcc3d4;eoa;0;0;0;USDC
Sonic;0xa1627a0e1d0ebca9326d2219b84df0c600bed4b1;0xf6f87073cf8929c206a77b0694619dc776f89885;0xa6c446b86d2b12a6bf1927260ad8030bd374283b;eoa;11568,151955;0;11546,554855;USDC
Sonic;0xa1627a0e1d0ebca9326d2219b84df0c600bed4b1;0xf6f87073cf8929c206a77b0694619dc776f89885;0xa6e62f66c9033a5953882340a2a3d44f11974fad;eoa;1,046225;0;1,046225;USDC
Sonic;0xa1627a0e1d0ebca9326d2219b84df0c600bed4b1;0xf6f87073cf8929c206a77b0694619dc776f89885;0xa70bd90c897ed26d54e79aec2a51653e282e3c3f;eoa;0;0;0;USDC
Sonic;0xa1627a0e1d0ebca9326d2219b84df0c600bed4b1;0xf6f87073cf8929c206a77b0694619dc776f89885;0xa731c23d7c95436baaae9d52782f966e1ed07cc8;contract_other;4,147193;0;0,000654;USDC
Sonic;0xa1627a0e1d0ebca9326d2219b84df0c600bed4b1;0xf6f87073cf8929c206a77b0694619dc776f89885;0xa7b9840ef9b3f7d210d5c2f9ec3eb14a9f8294e2;eoa;0,000001;0;0,000001;USDC
Sonic;0xa1627a0e1d0ebca9326d2219b84df0c600bed4b1;0xf6f87073cf8929c206a77b0694619dc776f89885;0xa7e5732c37f398e6ad4174c4a339d6cede30d7aa;eoa;0;0;0;USDC
Sonic;0xa1627a0e1d0ebca9326d2219b84df0c600bed4b1;0xf6f87073cf8929c206a77b0694619dc776f89885;0xa81166522864e01ab36071dd8a61d88bc808c581;eoa;0;0;0;USDC
Sonic;0xa1627a0e1d0ebca9326d2219b84df0c600bed4b1;0xf6f87073cf8929c206a77b0694619dc776f89885;0xa815af4f59397c901155e2a252769d16535c45d8;eoa;0,000001;0;0,000001;USDC
Sonic;0xa1627a0e1d0ebca9326d2219b84df0c600bed4b1;0xf6f87073cf8929c206a77b0694619dc776f89885;0xa88f54b7754f8c5de32032bf621b91de208280f0;eoa;0;0;0;USDC
Sonic;0xa1627a0e1d0ebca9326d2219b84df0c600bed4b1;0xf6f87073cf8929c206a77b0694619dc776f89885;0xa89f1d3130616f917b0c559fb34734b5373ed1f1;eoa;0;0;0;USDC
Sonic;0xa1627a0e1d0ebca9326d2219b84df0c600bed4b1;0xf6f87073cf8929c206a77b0694619dc776f89885;0xa8a86a59d1edadcc6e907bc6e5c72a18d99db6c3;eoa;0;0;0;USDC
Sonic;0xa1627a0e1d0ebca9326d2219b84df0c600bed4b1;0xf6f87073cf8929c206a77b0694619dc776f89885;0xa9381e4fe4e000032f612bdbeb9a55921c117342;contract_other;0;0;0;USDC
Sonic;0xa1627a0e1d0ebca9326d2219b84df0c600bed4b1;0xf6f87073cf8929c206a77b0694619dc776f89885;0xa9714f7291251bc1b0d0dba6481959ef814e171a;eoa;0,000002;0;0,000002;USDC
Sonic;0xa1627a0e1d0ebca9326d2219b84df0c600bed4b1;0xf6f87073cf8929c206a77b0694619dc776f89885;0xa9811281c88408995b0a5827ae81dbc617dfd6ff;eoa;0;0;0;USDC
Sonic;0xa1627a0e1d0ebca9326d2219b84df0c600bed4b1;0xf6f87073cf8929c206a77b0694619dc776f89885;0xa9e9e0414d52658515eb9db6dcdc6055396a031a;eoa;0,000001;0;0,000001;USDC
Sonic;0xa1627a0e1d0ebca9326d2219b84df0c600bed4b1;0xf6f87073cf8929c206a77b0694619dc776f89885;0xa9f965f97f1fa4ee91f2b2f929cddf2698e1ca43;eoa;1050,741955;0;1050,741955;USDC
Sonic;0xa1627a0e1d0ebca9326d2219b84df0c600bed4b1;0xf6f87073cf8929c206a77b0694619dc776f89885;0xaaa0d02f315d801e8b79d290af05bc00a8bb9762;eoa;10,44032;0;10,44032;USDC
Sonic;0xa1627a0e1d0ebca9326d2219b84df0c600bed4b1;0xf6f87073cf8929c206a77b0694619dc776f89885;0xaad02dea3422ce7b1b7e9797b80039c2252b5463;eoa;0;0;0;USDC
Sonic;0xa1627a0e1d0ebca9326d2219b84df0c600bed4b1;0xf6f87073cf8929c206a77b0694619dc776f89885;0xaaf266381cc43c50750aa29518ed301e14941235;eoa;0;0;0;USDC
Sonic;0xa1627a0e1d0ebca9326d2219b84df0c600bed4b1;0xf6f87073cf8929c206a77b0694619dc776f89885;0xab3c75c4ffa4f7ba836836f0d8332cf1f1e686a1;eoa;0;0;0;USDC
Sonic;0xa1627a0e1d0ebca9326d2219b84df0c600bed4b1;0xf6f87073cf8929c206a77b0694619dc776f89885;0xab5bd221bd319beffd832366a5b28082145174db;eoa;0;0;0;USDC
Sonic;0xa1627a0e1d0ebca9326d2219b84df0c600bed4b1;0xf6f87073cf8929c206a77b0694619dc776f89885;0xab9cde6b97fc31278fe1e496bcc96c157692c17f;eoa;0,000001;0;0,000001;USDC
Sonic;0xa1627a0e1d0ebca9326d2219b84df0c600bed4b1;0xf6f87073cf8929c206a77b0694619dc776f89885;0xabc1fc77da4850ae0a770b963e4bb5136e5c46e3;contract_other;0;0;0;USDC
Sonic;0xa1627a0e1d0ebca9326d2219b84df0c600bed4b1;0xf6f87073cf8929c206a77b0694619dc776f89885;0xabc55860838c9338646fe77f4cd9137342b45cc1;eoa;0;0;0;USDC
Sonic;0xa1627a0e1d0ebca9326d2219b84df0c600bed4b1;0xf6f87073cf8929c206a77b0694619dc776f89885;0xabe21a7537cff588e6209492afca65d635a3b313;eoa;0;0;0;USDC
Sonic;0xa1627a0e1d0ebca9326d2219b84df0c600bed4b1;0xf6f87073cf8929c206a77b0694619dc776f89885;0xabf0f7bd0dc8ce44b084b4b66b8db97f1b9ce419;eoa;0,000003;0;0,000003;USDC
Sonic;0xa1627a0e1d0ebca9326d2219b84df0c600bed4b1;0xf6f87073cf8929c206a77b0694619dc776f89885;0xac23636345e41b4f3ed7d58e2555d7b3086930ce;eoa;0,000013;0;0,000013;USDC
Sonic;0xa1627a0e1d0ebca9326d2219b84df0c600bed4b1;0xf6f87073cf8929c206a77b0694619dc776f89885;0xac37f66774253de42d4dd28de680beb0eb019e44;eoa;0;0;0;USDC
Sonic;0xa1627a0e1d0ebca9326d2219b84df0c600bed4b1;0xf6f87073cf8929c206a77b0694619dc776f89885;0xac6b6e048ec51c859ec887745edecdd5fed3de72;eoa;0;0;0;USDC
Sonic;0xa1627a0e1d0ebca9326d2219b84df0c600bed4b1;0xf6f87073cf8929c206a77b0694619dc776f89885;0xacb0253f84784e92147594425a2e1b5971463931;eoa;0,000001;0;0,000001;USDC
Sonic;0xa1627a0e1d0ebca9326d2219b84df0c600bed4b1;0xf6f87073cf8929c206a77b0694619dc776f89885;0xacb17fc73cf202ebe532e107cec195d50dee61dd;eoa;0,000005;0;0,000005;USDC
Sonic;0xa1627a0e1d0ebca9326d2219b84df0c600bed4b1;0xf6f87073cf8929c206a77b0694619dc776f89885;0xad3864b39fc5b551769052ebfd0db9414644eda6;eoa;0,000003;0;0;USDC
Sonic;0xa1627a0e1d0ebca9326d2219b84df0c600bed4b1;0xf6f87073cf8929c206a77b0694619dc776f89885;0xad5e854b314c6fc3d266bc8198f8a0e84b076067;eoa;18433,039257;0;18433,039257;USDC
Sonic;0xa1627a0e1d0ebca9326d2219b84df0c600bed4b1;0xf6f87073cf8929c206a77b0694619dc776f89885;0xad7f321730941bc096f91066eee4295b4ced8fc9;eoa;0;0;0;USDC
Sonic;0xa1627a0e1d0ebca9326d2219b84df0c600bed4b1;0xf6f87073cf8929c206a77b0694619dc776f89885;0xadaa0cbec66c670d2598a2635c88ba55a8200e3d;eoa;0,000001;0;0,000001;USDC
Sonic;0xa1627a0e1d0ebca9326d2219b84df0c600bed4b1;0xf6f87073cf8929c206a77b0694619dc776f89885;0xae4779f1ccbe0a43d86738be7631f6c20583a359;eoa;0;0;0;USDC
Sonic;0xa1627a0e1d0ebca9326d2219b84df0c600bed4b1;0xf6f87073cf8929c206a77b0694619dc776f89885;0xae6f31c5e913a1f854727cfc7c1c3e2f7bb58348;eoa;0,000004;0;0,000004;USDC
Sonic;0xa1627a0e1d0ebca9326d2219b84df0c600bed4b1;0xf6f87073cf8929c206a77b0694619dc776f89885;0xaef3c3da0a1200cdfd161ca37394753b1d6ed82b;eoa;0,000022;0;0,000022;USDC
Sonic;0xa1627a0e1d0ebca9326d2219b84df0c600bed4b1;0xf6f87073cf8929c206a77b0694619dc776f89885;0xaef6e0996eb4624d41014f7eae870091bf7b0d56;eoa;0;0;0;USDC
Sonic;0xa1627a0e1d0ebca9326d2219b84df0c600bed4b1;0xf6f87073cf8929c206a77b0694619dc776f89885;0xaf1bff74708098db603e48aaebec1bbae03dcf11;eoa;12202,984924;0;12202,984924;USDC
Sonic;0xa1627a0e1d0ebca9326d2219b84df0c600bed4b1;0xf6f87073cf8929c206a77b0694619dc776f89885;0xaf2445d1e4fa8d6e9dff8484ea50d7733e9e4e79;eoa;0;0;0;USDC
Sonic;0xa1627a0e1d0ebca9326d2219b84df0c600bed4b1;0xf6f87073cf8929c206a77b0694619dc776f89885;0xaf8eaded7b223d58efc6f0e9cd9258689eeba957;eoa;0;0;0;USDC
Sonic;0xa1627a0e1d0ebca9326d2219b84df0c600bed4b1;0xf6f87073cf8929c206a77b0694619dc776f89885;0xafb8cc8fcd71cd768ce117c11eb723119fcdb1f8;contract_other;0,009544;0;0,01132;USDC
Sonic;0xa1627a0e1d0ebca9326d2219b84df0c600bed4b1;0xf6f87073cf8929c206a77b0694619dc776f89885;0xafd42839c6be9d8de6dc99336157520112904d79;eoa;0;0;0;USDC
Sonic;0xa1627a0e1d0ebca9326d2219b84df0c600bed4b1;0xf6f87073cf8929c206a77b0694619dc776f89885;0xb031e7f43a217b451d45754d3897a10c12ddd7a5;eoa;0;0;0;USDC
Sonic;0xa1627a0e1d0ebca9326d2219b84df0c600bed4b1;0xf6f87073cf8929c206a77b0694619dc776f89885;0xb0517950d179039382be686ba607a46bae643d84;eoa;59,361217;0;59,361217;USDC
Sonic;0xa1627a0e1d0ebca9326d2219b84df0c600bed4b1;0xf6f87073cf8929c206a77b0694619dc776f89885;0xb077cbd6a097d65835a7f78fdd93f0f4325b5c40;eoa;250,902856;0;250,902856;USDC
Sonic;0xa1627a0e1d0ebca9326d2219b84df0c600bed4b1;0xf6f87073cf8929c206a77b0694619dc776f89885;0xb0b2d1c46a953275c3f6d0995eda56c6f1426a45;eoa;0,000008;0;0,000008;USDC
Sonic;0xa1627a0e1d0ebca9326d2219b84df0c600bed4b1;0xf6f87073cf8929c206a77b0694619dc776f89885;0xb0d1f94b33a116bfc85677c90056be4de59e29c4;eoa;0,000002;0;0,000002;USDC
Sonic;0xa1627a0e1d0ebca9326d2219b84df0c600bed4b1;0xf6f87073cf8929c206a77b0694619dc776f89885;0xb0fabe3bcac50f065dbf68c0b271118ddc005402;eoa;0;0;9381,889417;USDC
Sonic;0xa1627a0e1d0ebca9326d2219b84df0c600bed4b1;0xf6f87073cf8929c206a77b0694619dc776f89885;0xb11b08bb78e16b35703e79c340f8a58926649111;eoa;0;0;0;USDC
Sonic;0xa1627a0e1d0ebca9326d2219b84df0c600bed4b1;0xf6f87073cf8929c206a77b0694619dc776f89885;0xb12ee780df6660f8fdd311e01233e89c3cc69e9d;eoa;0;0;0;USDC
Sonic;0xa1627a0e1d0ebca9326d2219b84df0c600bed4b1;0xf6f87073cf8929c206a77b0694619dc776f89885;0xb187f777f5ec424738167a475c4ccc99e3838c58;eoa;0;0;0;USDC
Sonic;0xa1627a0e1d0ebca9326d2219b84df0c600bed4b1;0xf6f87073cf8929c206a77b0694619dc776f89885;0xb1ab36018becdbeba12cb49ece3cba3a933a1e5d;eoa;52,576817;0;52,576817;USDC
Sonic;0xa1627a0e1d0ebca9326d2219b84df0c600bed4b1;0xf6f87073cf8929c206a77b0694619dc776f89885;0xb1b35c06dd13fb2ec826fc67f1856f5906b61209;eoa;0;0;0;USDC
Sonic;0xa1627a0e1d0ebca9326d2219b84df0c600bed4b1;0xf6f87073cf8929c206a77b0694619dc776f89885;0xb1da0e904ae341d162f1a69fc10db4241b1463c6;eoa;0,000043;0;0,000043;USDC
Sonic;0xa1627a0e1d0ebca9326d2219b84df0c600bed4b1;0xf6f87073cf8929c206a77b0694619dc776f89885;0xb209e7520b6bcaf1c1f35719d3f6f9c0c3748ede;eoa;1,043607;0;1,043607;USDC
Sonic;0xa1627a0e1d0ebca9326d2219b84df0c600bed4b1;0xf6f87073cf8929c206a77b0694619dc776f89885;0xb258f4b2fe57c0f7fac9bdcf7a67865b9809e951;eoa;0;0;0;USDC
Sonic;0xa1627a0e1d0ebca9326d2219b84df0c600bed4b1;0xf6f87073cf8929c206a77b0694619dc776f89885;0xb28da6b0d3294f279b2835cb4022a4981c89b9e6;eoa;0;0;0;USDC
Sonic;0xa1627a0e1d0ebca9326d2219b84df0c600bed4b1;0xf6f87073cf8929c206a77b0694619dc776f89885;0xb2bc4db2c131c4b75006464b5d69c95317e49ed9;eoa;0,000001;0;0,000001;USDC
Sonic;0xa1627a0e1d0ebca9326d2219b84df0c600bed4b1;0xf6f87073cf8929c206a77b0694619dc776f89885;0xb2e85adabf544d49d5a4b9d41cc900f53458a506;eoa;0;0;0;USDC
Sonic;0xa1627a0e1d0ebca9326d2219b84df0c600bed4b1;0xf6f87073cf8929c206a77b0694619dc776f89885;0xb3100260aa1d617a71dc84857b12e0e569e29b98;eoa;0,000002;0;0,000002;USDC
Sonic;0xa1627a0e1d0ebca9326d2219b84df0c600bed4b1;0xf6f87073cf8929c206a77b0694619dc776f89885;0xb32790c25e240cda43ca63eea1ed6326a76ebb11;eoa;0;0;0;USDC
Sonic;0xa1627a0e1d0ebca9326d2219b84df0c600bed4b1;0xf6f87073cf8929c206a77b0694619dc776f89885;0xb359439487ea89d5ebab5c3f68228fd45abebbf6;eoa;0;0;0;USDC
Sonic;0xa1627a0e1d0ebca9326d2219b84df0c600bed4b1;0xf6f87073cf8929c206a77b0694619dc776f89885;0xb36b61bd9407af28895782d97ae56229d7fc54a4;eoa;0;0;0;USDC
Sonic;0xa1627a0e1d0ebca9326d2219b84df0c600bed4b1;0xf6f87073cf8929c206a77b0694619dc776f89885;0xb38b9a414294865a2df88c76f10b2423d025091c;eoa;0;0;0;USDC
Sonic;0xa1627a0e1d0ebca9326d2219b84df0c600bed4b1;0xf6f87073cf8929c206a77b0694619dc776f89885;0xb3c38d73df5565c3855e58ac4ecbcfb02f82ecbf;eoa;73,915079;0;84,529942;USDC
Sonic;0xa1627a0e1d0ebca9326d2219b84df0c600bed4b1;0xf6f87073cf8929c206a77b0694619dc776f89885;0xb3cf13a28faaa995524e9ff3ea2756a8fc7dd9fa;eoa;277,186208;0;277,186208;USDC
Sonic;0xa1627a0e1d0ebca9326d2219b84df0c600bed4b1;0xf6f87073cf8929c206a77b0694619dc776f89885;0xb48894f4318a310a3bc6e96bfa77307e8aa6196e;eoa;0;0;0;USDC
Sonic;0xa1627a0e1d0ebca9326d2219b84df0c600bed4b1;0xf6f87073cf8929c206a77b0694619dc776f89885;0xb4bd807c9cdde19ae1498c7b7006713268e25997;eoa;0,000003;0;0,000003;USDC
Sonic;0xa1627a0e1d0ebca9326d2219b84df0c600bed4b1;0xf6f87073cf8929c206a77b0694619dc776f89885;0xb50685c25485ca8c520f5286bbbf1d3f216d6989;eoa;1,147625;0;1,147625;USDC
Sonic;0xa1627a0e1d0ebca9326d2219b84df0c600bed4b1;0xf6f87073cf8929c206a77b0694619dc776f89885;0xb55f689b658e69b8eb6093e3e93da4c842a06b02;eoa;0;0;0;USDC
Sonic;0xa1627a0e1d0ebca9326d2219b84df0c600bed4b1;0xf6f87073cf8929c206a77b0694619dc776f89885;0xb566a9796fca308e810e943a7a0296bf8b521561;eoa;10114,185025;0;10114,185025;USDC
Sonic;0xa1627a0e1d0ebca9326d2219b84df0c600bed4b1;0xf6f87073cf8929c206a77b0694619dc776f89885;0xb5a9ce6b722882ad1343e4ee710a82e6445897ff;eoa;0;0;0;USDC
Sonic;0xa1627a0e1d0ebca9326d2219b84df0c600bed4b1;0xf6f87073cf8929c206a77b0694619dc776f89885;0xb5e6b895734409df411a052195eb4ee7e40d8696;eoa;0,620112;0;5,622475;USDC
Sonic;0xa1627a0e1d0ebca9326d2219b84df0c600bed4b1;0xf6f87073cf8929c206a77b0694619dc776f89885;0xb5ecb41eb1f96b183619b43911eb4236cd1a7117;eoa;4243,739124;0;4243,739124;USDC
Sonic;0xa1627a0e1d0ebca9326d2219b84df0c600bed4b1;0xf6f87073cf8929c206a77b0694619dc776f89885;0xb609099b6bbab96b126d2542a8d521d6ecf448f0;eoa;0,000001;0;0,000001;USDC
Sonic;0xa1627a0e1d0ebca9326d2219b84df0c600bed4b1;0xf6f87073cf8929c206a77b0694619dc776f89885;0xb644ebf63b35a81ed341ebeff5fde6d789d1f352;eoa;0;0;0;USDC
Sonic;0xa1627a0e1d0ebca9326d2219b84df0c600bed4b1;0xf6f87073cf8929c206a77b0694619dc776f89885;0xb64c101f01f2da1297ee71142502514990814eb3;eoa;0;0;0;USDC
Sonic;0xa1627a0e1d0ebca9326d2219b84df0c600bed4b1;0xf6f87073cf8929c206a77b0694619dc776f89885;0xb72179515eefeb51bb9945701b810e249a39980c;eoa;0,000003;0;0,000003;USDC
Sonic;0xa1627a0e1d0ebca9326d2219b84df0c600bed4b1;0xf6f87073cf8929c206a77b0694619dc776f89885;0xb772a176e367245b7a22c171688b3cde545e8a60;eoa;2129,405556;0;2129,405556;USDC
Sonic;0xa1627a0e1d0ebca9326d2219b84df0c600bed4b1;0xf6f87073cf8929c206a77b0694619dc776f89885;0xb7b26210c482ab8d17bcee188d01dfcc6ddd30b9;eoa;0,000001;0;0,000001;USDC
Sonic;0xa1627a0e1d0ebca9326d2219b84df0c600bed4b1;0xf6f87073cf8929c206a77b0694619dc776f89885;0xb7ee0c25d87834c74815b82891fdd356b7fd9bb2;eoa;0;0;0;USDC
Sonic;0xa1627a0e1d0ebca9326d2219b84df0c600bed4b1;0xf6f87073cf8929c206a77b0694619dc776f89885;0xb8e84293a22bf7317ec0222656ab88185b076304;eoa;0,001013;0;0,001013;USDC
Sonic;0xa1627a0e1d0ebca9326d2219b84df0c600bed4b1;0xf6f87073cf8929c206a77b0694619dc776f89885;0xb96be0721713f1488154a8da7727688c40908e13;eoa;1,043585;0;1,043585;USDC
Sonic;0xa1627a0e1d0ebca9326d2219b84df0c600bed4b1;0xf6f87073cf8929c206a77b0694619dc776f89885;0xb9954e78109112f93ca11860f13f4487f1909ef8;eoa;0,000002;0;0,000002;USDC
Sonic;0xa1627a0e1d0ebca9326d2219b84df0c600bed4b1;0xf6f87073cf8929c206a77b0694619dc776f89885;0xb9a365ea3a7f688d16ad1977016aca91e2df1ba5;eoa;0,000002;0;0,000002;USDC
Sonic;0xa1627a0e1d0ebca9326d2219b84df0c600bed4b1;0xf6f87073cf8929c206a77b0694619dc776f89885;0xb9aae2e60a013154ad8d76a0cde3b9aba5eece62;eoa;2,081858;0;2,081858;USDC
Sonic;0xa1627a0e1d0ebca9326d2219b84df0c600bed4b1;0xf6f87073cf8929c206a77b0694619dc776f89885;0xb9c0aba138b98656ffea4309bfe2881b0b7c1d96;eoa;0,010851;0;0,010851;USDC
Sonic;0xa1627a0e1d0ebca9326d2219b84df0c600bed4b1;0xf6f87073cf8929c206a77b0694619dc776f89885;0xb9c44251e341d45b07aff34f376ba3e092c1c174;eoa;0,000002;0;0,000002;USDC
Sonic;0xa1627a0e1d0ebca9326d2219b84df0c600bed4b1;0xf6f87073cf8929c206a77b0694619dc776f89885;0xb9dd985c1b8b67bf8cea7cfa652fe001e8acd440;eoa;0,000001;0;0,000001;USDC
Sonic;0xa1627a0e1d0ebca9326d2219b84df0c600bed4b1;0xf6f87073cf8929c206a77b0694619dc776f89885;0xba1333333333a1ba1108e8412f11850a5c319ba9;contract_other;16229,371709;0;2393,410096;USDC
Sonic;0xa1627a0e1d0ebca9326d2219b84df0c600bed4b1;0xf6f87073cf8929c206a77b0694619dc776f89885;0xba5c08f90b5108c07de6dea884ee0c69ce486f2d;eoa;0;0;0;USDC
Sonic;0xa1627a0e1d0ebca9326d2219b84df0c600bed4b1;0xf6f87073cf8929c206a77b0694619dc776f89885;0xba6685a64ff72493cb14e00cce5b945b9cc10df6;eoa;0,000001;0;0,000001;USDC
Sonic;0xa1627a0e1d0ebca9326d2219b84df0c600bed4b1;0xf6f87073cf8929c206a77b0694619dc776f89885;0xba7a83a7f023b6b26f82d681a44b0f8ef0531c67;contract_other;1,057196;0;1,057196;USDC
Sonic;0xa1627a0e1d0ebca9326d2219b84df0c600bed4b1;0xf6f87073cf8929c206a77b0694619dc776f89885;0xbaf347957cefc99027af15a8ef4bc50ad1a56990;eoa;0;0;0;USDC
Sonic;0xa1627a0e1d0ebca9326d2219b84df0c600bed4b1;0xf6f87073cf8929c206a77b0694619dc776f89885;0xbb9261bcca1fa9037e067d48ee55e9cf29435c7a;eoa;0;0;0;USDC
Sonic;0xa1627a0e1d0ebca9326d2219b84df0c600bed4b1;0xf6f87073cf8929c206a77b0694619dc776f89885;0xbc0d853013aed34d31f9d0d73b1a49ebad118618;eoa;0;0;0;USDC
Sonic;0xa1627a0e1d0ebca9326d2219b84df0c600bed4b1;0xf6f87073cf8929c206a77b0694619dc776f89885;0xbc1f5bb06ee9e534c399fb78084e7468acaf404a;contract_other;0,000001;0;0,000001;USDC
Sonic;0xa1627a0e1d0ebca9326d2219b84df0c600bed4b1;0xf6f87073cf8929c206a77b0694619dc776f89885;0xbce90d0922d7ecabe587edda978e8711f7e84008;eoa;51,589797;0;51,589797;USDC
Sonic;0xa1627a0e1d0ebca9326d2219b84df0c600bed4b1;0xf6f87073cf8929c206a77b0694619dc776f89885;0xbd0cb89fdf3dc84abdeac5c611e9de1f0f1a5f0d;eoa;0;0;0;USDC
Sonic;0xa1627a0e1d0ebca9326d2219b84df0c600bed4b1;0xf6f87073cf8929c206a77b0694619dc776f89885;0xbd1bff03034ac340235e48ee35c85b1121b8198e;eoa;27309,116459;0;27258,131859;USDC
Sonic;0xa1627a0e1d0ebca9326d2219b84df0c600bed4b1;0xf6f87073cf8929c206a77b0694619dc776f89885;0xbd354f0d38c6dfee793336cbef87e297965aa810;eoa;0;0;0;USDC
Sonic;0xa1627a0e1d0ebca9326d2219b84df0c600bed4b1;0xf6f87073cf8929c206a77b0694619dc776f89885;0xbd6646a73c26dedcaa966bc067c74359dc0d8da9;eoa;0,000006;0;0,000006;USDC
Sonic;0xa1627a0e1d0ebca9326d2219b84df0c600bed4b1;0xf6f87073cf8929c206a77b0694619dc776f89885;0xbd90f0243173e91385224a8117212d17c2e9e494;eoa;11,484921;0;11,484921;USDC
Sonic;0xa1627a0e1d0ebca9326d2219b84df0c600bed4b1;0xf6f87073cf8929c206a77b0694619dc776f89885;0xbdab22932236fb0186d8ec5d382402a4512803cf;eoa;0;0;0;USDC
Sonic;0xa1627a0e1d0ebca9326d2219b84df0c600bed4b1;0xf6f87073cf8929c206a77b0694619dc776f89885;0xbdf05e45143d65139978c46ad5c3e2a7c3dd1aea;eoa;1,043645;0;1,043645;USDC
Sonic;0xa1627a0e1d0ebca9326d2219b84df0c600bed4b1;0xf6f87073cf8929c206a77b0694619dc776f89885;0xbe67c55dd0b4a9c858075753dbd247606e917666;eoa;0;0;0;USDC
Sonic;0xa1627a0e1d0ebca9326d2219b84df0c600bed4b1;0xf6f87073cf8929c206a77b0694619dc776f89885;0xbe7b402bf88819893322f9326ab9135d79a8db65;eoa;0,000003;0;0,000003;USDC
Sonic;0xa1627a0e1d0ebca9326d2219b84df0c600bed4b1;0xf6f87073cf8929c206a77b0694619dc776f89885;0xbe8deec6dfc9441487d18e28fb2d4f72f5be5f5a;eoa;0,000001;0;0,000001;USDC
Sonic;0xa1627a0e1d0ebca9326d2219b84df0c600bed4b1;0xf6f87073cf8929c206a77b0694619dc776f89885;0xbe9ef56539ce242e28f0e8bfed7d55d2ced0ddd2;eoa;0,000008;0;0,000008;USDC
Sonic;0xa1627a0e1d0ebca9326d2219b84df0c600bed4b1;0xf6f87073cf8929c206a77b0694619dc776f89885;0xbea2413f8a5aeabb4d3aa625c465caacca0425fe;eoa;1010,468993;0;0;USDC
Sonic;0xa1627a0e1d0ebca9326d2219b84df0c600bed4b1;0xf6f87073cf8929c206a77b0694619dc776f89885;0xbefaf1c1c28c821114434d689d9004e8a3279022;eoa;2,091067;0;2,091067;USDC
Sonic;0xa1627a0e1d0ebca9326d2219b84df0c600bed4b1;0xf6f87073cf8929c206a77b0694619dc776f89885;0xbf1b890f92b2f7deb2863ba79ec7420c04ae9571;eoa;0,000001;0;0,000001;USDC
Sonic;0xa1627a0e1d0ebca9326d2219b84df0c600bed4b1;0xf6f87073cf8929c206a77b0694619dc776f89885;0xbf307f47d1234261d4fc561eb8c18a95ab2f7046;eoa;0;0;0;USDC
Sonic;0xa1627a0e1d0ebca9326d2219b84df0c600bed4b1;0xf6f87073cf8929c206a77b0694619dc776f89885;0xbf8cb33574b663bb832ef14f0657d72d952f5995;eoa;0,000002;0;0,000002;USDC
Sonic;0xa1627a0e1d0ebca9326d2219b84df0c600bed4b1;0xf6f87073cf8929c206a77b0694619dc776f89885;0xbfc2630aedc2d98264298b0fac85bb8bfb0633a9;eoa;0;0;0;USDC
Sonic;0xa1627a0e1d0ebca9326d2219b84df0c600bed4b1;0xf6f87073cf8929c206a77b0694619dc776f89885;0xbff1eb114583632062932b28b821b51a8eaa4644;eoa;0;0;0;USDC
Sonic;0xa1627a0e1d0ebca9326d2219b84df0c600bed4b1;0xf6f87073cf8929c206a77b0694619dc776f89885;0xbff69bf6cfcc444103e070c14b5be935dd3cc91c;eoa;0;0;0;USDC
Sonic;0xa1627a0e1d0ebca9326d2219b84df0c600bed4b1;0xf6f87073cf8929c206a77b0694619dc776f89885;0xc000ba4953d028385a73ed9758ac1ce11edc852c;eoa;0;0;0;USDC
Sonic;0xa1627a0e1d0ebca9326d2219b84df0c600bed4b1;0xf6f87073cf8929c206a77b0694619dc776f89885;0xc011be69f6907df9ed51c34c58c1d3974bdd64ea;eoa;0,000001;0;0,000001;USDC
Sonic;0xa1627a0e1d0ebca9326d2219b84df0c600bed4b1;0xf6f87073cf8929c206a77b0694619dc776f89885;0xc02d68b1287534d8d12a9be01a5b4ef5a1771ba3;eoa;222,017857;0;928,868315;USDC
Sonic;0xa1627a0e1d0ebca9326d2219b84df0c600bed4b1;0xf6f87073cf8929c206a77b0694619dc776f89885;0xc037f1b94ec6e53033c5a54eb889e5f897566b8f;eoa;0;0;0;USDC
Sonic;0xa1627a0e1d0ebca9326d2219b84df0c600bed4b1;0xf6f87073cf8929c206a77b0694619dc776f89885;0xc04670e05195a560f9bba61cf7b6220662823a2f;contract_other;0;0;0;USDC
Sonic;0xa1627a0e1d0ebca9326d2219b84df0c600bed4b1;0xf6f87073cf8929c206a77b0694619dc776f89885;0xc088ddd17fba8242dcee31f2b85d5ae146051962;eoa;0,000001;0;0,000001;USDC
Sonic;0xa1627a0e1d0ebca9326d2219b84df0c600bed4b1;0xf6f87073cf8929c206a77b0694619dc776f89885;0xc09891f9d2209e87abf0433fa274610799eaf382;eoa;0,000002;0;0,000002;USDC
Sonic;0xa1627a0e1d0ebca9326d2219b84df0c600bed4b1;0xf6f87073cf8929c206a77b0694619dc776f89885;0xc0c226b735956a3c14b703d84c8c74fa4c7b3e50;eoa;0;0;0;USDC
Sonic;0xa1627a0e1d0ebca9326d2219b84df0c600bed4b1;0xf6f87073cf8929c206a77b0694619dc776f89885;0xc0c92a3fadabee6820d9e87528bcf0cd74c88988;eoa;0,000001;0;0,000001;USDC
Sonic;0xa1627a0e1d0ebca9326d2219b84df0c600bed4b1;0xf6f87073cf8929c206a77b0694619dc776f89885;0xc0cc0c65dd0dd452debcaa04184f8192929ad82a;eoa;0;0;0;USDC
Sonic;0xa1627a0e1d0ebca9326d2219b84df0c600bed4b1;0xf6f87073cf8929c206a77b0694619dc776f89885;0xc0e88f859de5c9ebdddd7e5c4c46ab7fcecd65d7;eoa;0;0;0;USDC
Sonic;0xa1627a0e1d0ebca9326d2219b84df0c600bed4b1;0xf6f87073cf8929c206a77b0694619dc776f89885;0xc109184f9aa05a0b3186a167b38b3624b3973da9;eoa;0;0;0;USDC
Sonic;0xa1627a0e1d0ebca9326d2219b84df0c600bed4b1;0xf6f87073cf8929c206a77b0694619dc776f89885;0xc186755575b27ced00f04641d1836343a47c29cf;eoa;6,262898;0;6,223498;USDC
Sonic;0xa1627a0e1d0ebca9326d2219b84df0c600bed4b1;0xf6f87073cf8929c206a77b0694619dc776f89885;0xc1abd0f6575343e5d66e8018f54a8ad73dd36da8;eoa;57,324054;0;57,324054;USDC
Sonic;0xa1627a0e1d0ebca9326d2219b84df0c600bed4b1;0xf6f87073cf8929c206a77b0694619dc776f89885;0xc1b5a2d23f22a4c748e5c3bcc9583ccc4632e354;eoa;0;0;0;USDC
Sonic;0xa1627a0e1d0ebca9326d2219b84df0c600bed4b1;0xf6f87073cf8929c206a77b0694619dc776f89885;0xc1f1d9c9322cddd420390113248792cf37630180;eoa;13,582645;0;13,582645;USDC
Sonic;0xa1627a0e1d0ebca9326d2219b84df0c600bed4b1;0xf6f87073cf8929c206a77b0694619dc776f89885;0xc20c94022182505a0c73d1f235acb86647bda29e;eoa;0;0;0;USDC
Sonic;0xa1627a0e1d0ebca9326d2219b84df0c600bed4b1;0xf6f87073cf8929c206a77b0694619dc776f89885;0xc24f4ef25ce769364daedf477a28e3398fc65273;eoa;1,044372;0;1,044372;USDC
Sonic;0xa1627a0e1d0ebca9326d2219b84df0c600bed4b1;0xf6f87073cf8929c206a77b0694619dc776f89885;0xc26795c6c1106aa27dc2a672511cf1332beb950e;eoa;0;0;0;USDC
Sonic;0xa1627a0e1d0ebca9326d2219b84df0c600bed4b1;0xf6f87073cf8929c206a77b0694619dc776f89885;0xc2c53b1b9c4ecdced7c545795a9cfa3f7912baec;eoa;65,771364;0;-0,000005;USDC
Sonic;0xa1627a0e1d0ebca9326d2219b84df0c600bed4b1;0xf6f87073cf8929c206a77b0694619dc776f89885;0xc2d0d7b1d50b07a14a4b0edcb39af283cd9e9781;eoa;0;0;0;USDC
Sonic;0xa1627a0e1d0ebca9326d2219b84df0c600bed4b1;0xf6f87073cf8929c206a77b0694619dc776f89885;0xc3068c798da3f91d2d5ad1b0e2c9bc58243eb3f2;eoa;0;0;0;USDC
Sonic;0xa1627a0e1d0ebca9326d2219b84df0c600bed4b1;0xf6f87073cf8929c206a77b0694619dc776f89885;0xc35741017bed414b6e0aae5a2320f24a07714972;eoa;0,029036;0;0,029036;USDC
Sonic;0xa1627a0e1d0ebca9326d2219b84df0c600bed4b1;0xf6f87073cf8929c206a77b0694619dc776f89885;0xc3ce22bcbe87bf7bd0976b370065027e869cfbfd;eoa;0,000003;0;0,000003;USDC
Sonic;0xa1627a0e1d0ebca9326d2219b84df0c600bed4b1;0xf6f87073cf8929c206a77b0694619dc776f89885;0xc4130e106837730560b534d64d488a502096fded;eoa;4,167357;0;4,167357;USDC
Sonic;0xa1627a0e1d0ebca9326d2219b84df0c600bed4b1;0xf6f87073cf8929c206a77b0694619dc776f89885;0xc44037c5ed8053571850a290495d163c0924505b;eoa;0;0;0;USDC
Sonic;0xa1627a0e1d0ebca9326d2219b84df0c600bed4b1;0xf6f87073cf8929c206a77b0694619dc776f89885;0xc49579a01c61477379f5da4636f8eaf25249f82d;eoa;0;0;38,469172;USDC
Sonic;0xa1627a0e1d0ebca9326d2219b84df0c600bed4b1;0xf6f87073cf8929c206a77b0694619dc776f89885;0xc4c6e038c1a126c57f540a4c5d57f8b02d05fda0;eoa;0;0;0;USDC
Sonic;0xa1627a0e1d0ebca9326d2219b84df0c600bed4b1;0xf6f87073cf8929c206a77b0694619dc776f89885;0xc4dcb599efc2c923fe09773c96150f5f3e8c4b9c;eoa;2,080285;0;2,080285;USDC
Sonic;0xa1627a0e1d0ebca9326d2219b84df0c600bed4b1;0xf6f87073cf8929c206a77b0694619dc776f89885;0xc4f9708e85c789eadbedf9cb5e24f51d9eccd3d0;eoa;13,760972;0;13,760972;USDC
Sonic;0xa1627a0e1d0ebca9326d2219b84df0c600bed4b1;0xf6f87073cf8929c206a77b0694619dc776f89885;0xc4fc92b0cf993b4fe0895aaabf4ba02ecbf45b50;eoa;0;0;0;USDC
Sonic;0xa1627a0e1d0ebca9326d2219b84df0c600bed4b1;0xf6f87073cf8929c206a77b0694619dc776f89885;0xc5085ce579b1b90cf74cf5b85b9c6f34eefe5be8;eoa;0;0;0;USDC
Sonic;0xa1627a0e1d0ebca9326d2219b84df0c600bed4b1;0xf6f87073cf8929c206a77b0694619dc776f89885;0xc5269095765a2a03646acd625098db4143634496;eoa;0;0;0;USDC
Sonic;0xa1627a0e1d0ebca9326d2219b84df0c600bed4b1;0xf6f87073cf8929c206a77b0694619dc776f89885;0xc52d313ae152445c889c498b3b18d18a5a072ea9;eoa;0;0;0;USDC
Sonic;0xa1627a0e1d0ebca9326d2219b84df0c600bed4b1;0xf6f87073cf8929c206a77b0694619dc776f89885;0xc53539fd4d109840dbfe8c759ba7fc2e7200709b;eoa;0;0;0;USDC
Sonic;0xa1627a0e1d0ebca9326d2219b84df0c600bed4b1;0xf6f87073cf8929c206a77b0694619dc776f89885;0xc558c575cead9344401e6b80a3ca0b87d48caec1;eoa;0,000011;0;0,000011;USDC
Sonic;0xa1627a0e1d0ebca9326d2219b84df0c600bed4b1;0xf6f87073cf8929c206a77b0694619dc776f89885;0xc58647a06402a9956b649507c59683d6988e6bce;eoa;1,044407;0;1,044407;USDC
Sonic;0xa1627a0e1d0ebca9326d2219b84df0c600bed4b1;0xf6f87073cf8929c206a77b0694619dc776f89885;0xc5a522a82d05d4efec069c5255cbebb6372ded87;eoa;521,492315;0;521,492315;USDC
Sonic;0xa1627a0e1d0ebca9326d2219b84df0c600bed4b1;0xf6f87073cf8929c206a77b0694619dc776f89885;0xc5db1931baa5b9146c28ece0eb177d6a99d2d525;eoa;0;0;0;USDC
Sonic;0xa1627a0e1d0ebca9326d2219b84df0c600bed4b1;0xf6f87073cf8929c206a77b0694619dc776f89885;0xc5eb9c1dce857e6191173a4077403ae5478f544b;eoa;10,517179;0;10,517179;USDC
Sonic;0xa1627a0e1d0ebca9326d2219b84df0c600bed4b1;0xf6f87073cf8929c206a77b0694619dc776f89885;0xc5fcdda6058e7be4293a163af21c50e7a886acf7;eoa;0,000002;0;0,000002;USDC
Sonic;0xa1627a0e1d0ebca9326d2219b84df0c600bed4b1;0xf6f87073cf8929c206a77b0694619dc776f89885;0xc6eb0bdc91b93f572f44018551780ae7665b647e;eoa;0;0;0;USDC
Sonic;0xa1627a0e1d0ebca9326d2219b84df0c600bed4b1;0xf6f87073cf8929c206a77b0694619dc776f89885;0xc720aad5b91dc6661d3ea32ddea7e11003a0c12f;eoa;0,000004;0;0,000004;USDC
Sonic;0xa1627a0e1d0ebca9326d2219b84df0c600bed4b1;0xf6f87073cf8929c206a77b0694619dc776f89885;0xc7331842cd079598093b17ef123f795f96112ae8;eoa;10245,523635;0;10245,523635;USDC
Sonic;0xa1627a0e1d0ebca9326d2219b84df0c600bed4b1;0xf6f87073cf8929c206a77b0694619dc776f89885;0xc73a0ba657374de66feb4268f3d2ea5f4fbd5350;eoa;57,279624;0;198,80444;USDC
Sonic;0xa1627a0e1d0ebca9326d2219b84df0c600bed4b1;0xf6f87073cf8929c206a77b0694619dc776f89885;0xc7e40e57f3e1b0a7b4d65f70e1855cf5f18d973a;eoa;0;0;0;USDC
Sonic;0xa1627a0e1d0ebca9326d2219b84df0c600bed4b1;0xf6f87073cf8929c206a77b0694619dc776f89885;0xc808314c359feb68317f00922bd8e6b3446457d3;eoa;0;0;0;USDC
Sonic;0xa1627a0e1d0ebca9326d2219b84df0c600bed4b1;0xf6f87073cf8929c206a77b0694619dc776f89885;0xc82e26f38df2c3ab2eb6a9af92744cba413257c9;eoa;0;0;0;USDC
Sonic;0xa1627a0e1d0ebca9326d2219b84df0c600bed4b1;0xf6f87073cf8929c206a77b0694619dc776f89885;0xc86e0e7f329b4b0a5dd941862f2ef6befff161e0;eoa;3242,948798;0;3236,894398;USDC
Sonic;0xa1627a0e1d0ebca9326d2219b84df0c600bed4b1;0xf6f87073cf8929c206a77b0694619dc776f89885;0xc8b96b28c8fb5ebeba10d837067b34eac96aae0c;eoa;0;0;0;USDC
Sonic;0xa1627a0e1d0ebca9326d2219b84df0c600bed4b1;0xf6f87073cf8929c206a77b0694619dc776f89885;0xc92d60af8001b1070ce40337205af18a0bbed142;eoa;0;0;0;USDC
Sonic;0xa1627a0e1d0ebca9326d2219b84df0c600bed4b1;0xf6f87073cf8929c206a77b0694619dc776f89885;0xc95078df8fd5e5af4d1c7a5702eedcb7cb6c35dd;eoa;0;0;0;USDC
Sonic;0xa1627a0e1d0ebca9326d2219b84df0c600bed4b1;0xf6f87073cf8929c206a77b0694619dc776f89885;0xc9715ef92824eddae905409bd97a3dad529fe1b9;eoa;110,677256;0;110,677256;USDC
Sonic;0xa1627a0e1d0ebca9326d2219b84df0c600bed4b1;0xf6f87073cf8929c206a77b0694619dc776f89885;0xc9b2644449332c459af6851baa79e7a6f2139c5a;eoa;0;0;0;USDC
Sonic;0xa1627a0e1d0ebca9326d2219b84df0c600bed4b1;0xf6f87073cf8929c206a77b0694619dc776f89885;0xca08827bff10916f2621c07945800259faa409c5;eoa;0;0;0;USDC
Sonic;0xa1627a0e1d0ebca9326d2219b84df0c600bed4b1;0xf6f87073cf8929c206a77b0694619dc776f89885;0xca6632aa7ce588d8e62620fc4e3d51e22e40b170;eoa;0,000001;0;0,000001;USDC
Sonic;0xa1627a0e1d0ebca9326d2219b84df0c600bed4b1;0xf6f87073cf8929c206a77b0694619dc776f89885;0xcaa78ddbe49461020528c001c3af1dac0d82faa9;contract_other;0;0;0;USDC
Sonic;0xa1627a0e1d0ebca9326d2219b84df0c600bed4b1;0xf6f87073cf8929c206a77b0694619dc776f89885;0xcab0b45b13b01e2969387f566816ebe296125657;eoa;0;0;0;USDC
Sonic;0xa1627a0e1d0ebca9326d2219b84df0c600bed4b1;0xf6f87073cf8929c206a77b0694619dc776f89885;0xcadbca088eb861ecd9b5b4807fbf00d67dc90bed;eoa;0;0;0;USDC
Sonic;0xa1627a0e1d0ebca9326d2219b84df0c600bed4b1;0xf6f87073cf8929c206a77b0694619dc776f89885;0xcaebdd12fb2225d3f10bec66c2c5bec79c2f13da;eoa;0,000007;0;0,000007;USDC
Sonic;0xa1627a0e1d0ebca9326d2219b84df0c600bed4b1;0xf6f87073cf8929c206a77b0694619dc776f89885;0xcafc58de1e6a071790efbb6b83b35397023e1544;eoa;0;0;0;USDC
Sonic;0xa1627a0e1d0ebca9326d2219b84df0c600bed4b1;0xf6f87073cf8929c206a77b0694619dc776f89885;0xcb01bd1dac87473da14d593cff889fddd7174680;eoa;0;0;0;USDC
Sonic;0xa1627a0e1d0ebca9326d2219b84df0c600bed4b1;0xf6f87073cf8929c206a77b0694619dc776f89885;0xcb6586874cc04b01cc4fdb777de502cea7b3d6c1;eoa;0,000002;0;0,000002;USDC
Sonic;0xa1627a0e1d0ebca9326d2219b84df0c600bed4b1;0xf6f87073cf8929c206a77b0694619dc776f89885;0xcb78a21421d4559b9f3728efd9d44c9c62349e19;eoa;0;0;0;USDC
Sonic;0xa1627a0e1d0ebca9326d2219b84df0c600bed4b1;0xf6f87073cf8929c206a77b0694619dc776f89885;0xcb94ddf02497c2389d29462a4871bfd658bdd0da;eoa;0,000001;0;0,000001;USDC
Sonic;0xa1627a0e1d0ebca9326d2219b84df0c600bed4b1;0xf6f87073cf8929c206a77b0694619dc776f89885;0xcbbd16f2ec1a5dde71d41f7c0eb74f3c1fca4c95;eoa;4326,656091;0;4326,656091;USDC
Sonic;0xa1627a0e1d0ebca9326d2219b84df0c600bed4b1;0xf6f87073cf8929c206a77b0694619dc776f89885;0xcbc61255c3fc15bfed07ba794e3119e7c8ffbad7;eoa;0,000033;0;0,000033;USDC
Sonic;0xa1627a0e1d0ebca9326d2219b84df0c600bed4b1;0xf6f87073cf8929c206a77b0694619dc776f89885;0xcbf4610f12ff0e1576d8dc7aa38696b6f6eeeaed;eoa;0,000001;0;0,000001;USDC
Sonic;0xa1627a0e1d0ebca9326d2219b84df0c600bed4b1;0xf6f87073cf8929c206a77b0694619dc776f89885;0xcc45d27a830a59db93fcff209b2ed92975d17b57;eoa;0;0;0;USDC
Sonic;0xa1627a0e1d0ebca9326d2219b84df0c600bed4b1;0xf6f87073cf8929c206a77b0694619dc776f89885;0xcc728909c644dd4e5f04e2410a1c1d482b23adf6;contract_other;0,000001;0;0,000001;USDC
Sonic;0xa1627a0e1d0ebca9326d2219b84df0c600bed4b1;0xf6f87073cf8929c206a77b0694619dc776f89885;0xcca241aa38ad3e4a252a42690c5642c9f981e33d;eoa;816,475886;0;816,475886;USDC
Sonic;0xa1627a0e1d0ebca9326d2219b84df0c600bed4b1;0xf6f87073cf8929c206a77b0694619dc776f89885;0xccd08c9520998b47b31c3768690ec6c1193cdc69;eoa;333,314485;0;333,314485;USDC
Sonic;0xa1627a0e1d0ebca9326d2219b84df0c600bed4b1;0xf6f87073cf8929c206a77b0694619dc776f89885;0xccf9e823a068ace4c8e605a391f1d6acda7d407d;eoa;0,00001;0;0,00001;USDC
Sonic;0xa1627a0e1d0ebca9326d2219b84df0c600bed4b1;0xf6f87073cf8929c206a77b0694619dc776f89885;0xcd07799e9e01c02c3b569cd42f3729713639081c;eoa;0;0;0;USDC
Sonic;0xa1627a0e1d0ebca9326d2219b84df0c600bed4b1;0xf6f87073cf8929c206a77b0694619dc776f89885;0xcd569c39f7a4b9d5bfeae61705188bfaccf1d5a5;eoa;0;0;0;USDC
Sonic;0xa1627a0e1d0ebca9326d2219b84df0c600bed4b1;0xf6f87073cf8929c206a77b0694619dc776f89885;0xcd6b980029e6e6e0733ac8ec3e02be9410d09799;eoa;0;0;0,014371;USDC
Sonic;0xa1627a0e1d0ebca9326d2219b84df0c600bed4b1;0xf6f87073cf8929c206a77b0694619dc776f89885;0xcd7215863ebbb76321e0bb5e215d2a0d5050a686;eoa;0,000005;0;0,000005;USDC
Sonic;0xa1627a0e1d0ebca9326d2219b84df0c600bed4b1;0xf6f87073cf8929c206a77b0694619dc776f89885;0xce52c2e8e54cc717d1b35ac730406141ddccb47d;eoa;51290,215282;0;51290,120949;USDC
Sonic;0xa1627a0e1d0ebca9326d2219b84df0c600bed4b1;0xf6f87073cf8929c206a77b0694619dc776f89885;0xce6c0bd926a76d715c829be4965ad064447d754f;eoa;0,000001;0;0,000001;USDC
Sonic;0xa1627a0e1d0ebca9326d2219b84df0c600bed4b1;0xf6f87073cf8929c206a77b0694619dc776f89885;0xcf304f5bc5490d5f4adfa62e9148ad01b0029a6c;contract_other;0,000001;0;0,000001;USDC
Sonic;0xa1627a0e1d0ebca9326d2219b84df0c600bed4b1;0xf6f87073cf8929c206a77b0694619dc776f89885;0xcf392f62151fe078a5c26c6fd7e6bc5f15d9735a;eoa;0;0;0;USDC
Sonic;0xa1627a0e1d0ebca9326d2219b84df0c600bed4b1;0xf6f87073cf8929c206a77b0694619dc776f89885;0xcf6981dec71b280d5051aba6fe7cca774cb2c41b;eoa;0,000001;0;0,000001;USDC
Sonic;0xa1627a0e1d0ebca9326d2219b84df0c600bed4b1;0xf6f87073cf8929c206a77b0694619dc776f89885;0xcf8827295adfd1cd901f692706420d3fa7d14259;eoa;13,832738;0;13,832738;USDC
Sonic;0xa1627a0e1d0ebca9326d2219b84df0c600bed4b1;0xf6f87073cf8929c206a77b0694619dc776f89885;0xcf8abaedefc16bdffefb68dcbd118b40edbc28b3;eoa;0;0;0;USDC
Sonic;0xa1627a0e1d0ebca9326d2219b84df0c600bed4b1;0xf6f87073cf8929c206a77b0694619dc776f89885;0xcfb571ee3f346cdaf4eff5fea6d803a84d35479f;eoa;0;0;0;USDC
Sonic;0xa1627a0e1d0ebca9326d2219b84df0c600bed4b1;0xf6f87073cf8929c206a77b0694619dc776f89885;0xcfe256dedd39de42d08b3954ac9ff8d0d9ccdd26;contract_other;0;0;0;USDC
Sonic;0xa1627a0e1d0ebca9326d2219b84df0c600bed4b1;0xf6f87073cf8929c206a77b0694619dc776f89885;0xd009bb1ad6a4c8fcba4c533e2b63c91b275afa43;eoa;0;0;0;USDC
Sonic;0xa1627a0e1d0ebca9326d2219b84df0c600bed4b1;0xf6f87073cf8929c206a77b0694619dc776f89885;0xd01bd97e365197cedae9ac6d65b28dbd238b66ee;eoa;0,97611;0;0,97611;USDC
Sonic;0xa1627a0e1d0ebca9326d2219b84df0c600bed4b1;0xf6f87073cf8929c206a77b0694619dc776f89885;0xd096f455e507dd57ad789ce912e595913f5314d6;eoa;0;0;0;USDC
Sonic;0xa1627a0e1d0ebca9326d2219b84df0c600bed4b1;0xf6f87073cf8929c206a77b0694619dc776f89885;0xd0ac404410ae9646656015d4b6346705a13f12f8;eoa;2386,917137;0;2386,917137;USDC
Sonic;0xa1627a0e1d0ebca9326d2219b84df0c600bed4b1;0xf6f87073cf8929c206a77b0694619dc776f89885;0xd0dba485e094b3f56de122cda08267b96f746f7a;eoa;1,045315;0;1,045315;USDC
Sonic;0xa1627a0e1d0ebca9326d2219b84df0c600bed4b1;0xf6f87073cf8929c206a77b0694619dc776f89885;0xd13d4c5df6dd3a8cfd063c995bfc737be5bafd13;eoa;0;0;0;USDC
Sonic;0xa1627a0e1d0ebca9326d2219b84df0c600bed4b1;0xf6f87073cf8929c206a77b0694619dc776f89885;0xd1f7317cdefe7f702033ca46dbae418e95e2154b;contract_other;0,000001;0;0,000001;USDC
Sonic;0xa1627a0e1d0ebca9326d2219b84df0c600bed4b1;0xf6f87073cf8929c206a77b0694619dc776f89885;0xd235ccc3f9eee2ed41f97177549a5c573d92c30c;eoa;0,000001;0;0,000001;USDC
Sonic;0xa1627a0e1d0ebca9326d2219b84df0c600bed4b1;0xf6f87073cf8929c206a77b0694619dc776f89885;0xd2625ca08ecd15693584e8b7e3e54c3a5a761c1b;eoa;0,000007;0;0,000007;USDC
Sonic;0xa1627a0e1d0ebca9326d2219b84df0c600bed4b1;0xf6f87073cf8929c206a77b0694619dc776f89885;0xd2a25a7c57db6a113c7aea2c14bbe90538dfac61;eoa;0;0;0;USDC
Sonic;0xa1627a0e1d0ebca9326d2219b84df0c600bed4b1;0xf6f87073cf8929c206a77b0694619dc776f89885;0xd2fba763affb71e49bf84d14a854ef4890ed4568;eoa;0;0;0;USDC
Sonic;0xa1627a0e1d0ebca9326d2219b84df0c600bed4b1;0xf6f87073cf8929c206a77b0694619dc776f89885;0xd39b2a01d4dca42f32ff52244a1b28811e40045f;eoa;1,040012;0;1,040012;USDC
Sonic;0xa1627a0e1d0ebca9326d2219b84df0c600bed4b1;0xf6f87073cf8929c206a77b0694619dc776f89885;0xd3b2211b084ea2cc9c1cafe95b4318a6e598331d;eoa;0,000002;0;0,000002;USDC
Sonic;0xa1627a0e1d0ebca9326d2219b84df0c600bed4b1;0xf6f87073cf8929c206a77b0694619dc776f89885;0xd3cef2f083cb827a11160c09015bbcbf0826c6af;eoa;0;0;0;USDC
Sonic;0xa1627a0e1d0ebca9326d2219b84df0c600bed4b1;0xf6f87073cf8929c206a77b0694619dc776f89885;0xd3f62ccbe87abf905c6611a524d76e6069883350;eoa;0,000008;0;0,000008;USDC
Sonic;0xa1627a0e1d0ebca9326d2219b84df0c600bed4b1;0xf6f87073cf8929c206a77b0694619dc776f89885;0xd3f67d2e2006b1f64c2967484ebd1f0b7afbb1b6;eoa;0,000001;0;0,000001;USDC
Sonic;0xa1627a0e1d0ebca9326d2219b84df0c600bed4b1;0xf6f87073cf8929c206a77b0694619dc776f89885;0xd4791a4a0b17a344c189c99884d2a6165197eeb3;eoa;0,00004;0;0,00004;USDC
Sonic;0xa1627a0e1d0ebca9326d2219b84df0c600bed4b1;0xf6f87073cf8929c206a77b0694619dc776f89885;0xd4afb5c5e7087a0c2127e04340b1b4b17a88f527;eoa;124,009656;0;124,009656;USDC
Sonic;0xa1627a0e1d0ebca9326d2219b84df0c600bed4b1;0xf6f87073cf8929c206a77b0694619dc776f89885;0xd549e258b1bb019d0b8ce3815038822be56e63db;eoa;7290,083983;0;7290,083983;USDC
Sonic;0xa1627a0e1d0ebca9326d2219b84df0c600bed4b1;0xf6f87073cf8929c206a77b0694619dc776f89885;0xd57497aed2324517f801b5cf8269edf996907a82;eoa;0;0;0;USDC
Sonic;0xa1627a0e1d0ebca9326d2219b84df0c600bed4b1;0xf6f87073cf8929c206a77b0694619dc776f89885;0xd5cc9763394741845a4848cb897cb684686d0000;eoa;0;0;0;USDC
Sonic;0xa1627a0e1d0ebca9326d2219b84df0c600bed4b1;0xf6f87073cf8929c206a77b0694619dc776f89885;0xd5f078020b1b561b092ed0e8b0bef65f31ad115d;eoa;64,722571;0;64,722571;USDC
Sonic;0xa1627a0e1d0ebca9326d2219b84df0c600bed4b1;0xf6f87073cf8929c206a77b0694619dc776f89885;0xd674d9dbea02b7457408ed2cd21051498ec8d13c;eoa;0,000001;0;0,000001;USDC
Sonic;0xa1627a0e1d0ebca9326d2219b84df0c600bed4b1;0xf6f87073cf8929c206a77b0694619dc776f89885;0xd68904df4155982cf975d06ea6c69f23bd77bcb6;eoa;0;0;0;USDC
Sonic;0xa1627a0e1d0ebca9326d2219b84df0c600bed4b1;0xf6f87073cf8929c206a77b0694619dc776f89885;0xd6c10b3a9135fd67f6489aa442f160c8556d4136;eoa;0,000002;0;0,000002;USDC
Sonic;0xa1627a0e1d0ebca9326d2219b84df0c600bed4b1;0xf6f87073cf8929c206a77b0694619dc776f89885;0xd6cc0984f4298d5791fbb4150093805db30ac747;eoa;0;0;0;USDC
Sonic;0xa1627a0e1d0ebca9326d2219b84df0c600bed4b1;0xf6f87073cf8929c206a77b0694619dc776f89885;0xd6f28dd46fd1406ec5f893c667cbfde955ee081a;eoa;1,044015;0;1,044015;USDC
Sonic;0xa1627a0e1d0ebca9326d2219b84df0c600bed4b1;0xf6f87073cf8929c206a77b0694619dc776f89885;0xd76b025f9b36194be6b5b98326efbd6bfd1e1165;eoa;0,000001;0;0,000001;USDC
Sonic;0xa1627a0e1d0ebca9326d2219b84df0c600bed4b1;0xf6f87073cf8929c206a77b0694619dc776f89885;0xd7f1d7be3177ab2df23bd39b63fcef5313452b3f;contract_other;0;0;0;USDC
Sonic;0xa1627a0e1d0ebca9326d2219b84df0c600bed4b1;0xf6f87073cf8929c206a77b0694619dc776f89885;0xd8454b3787c6aab1cf2846af7882f8c440c3903d;Gnosis Safe;1691,315927;0;1691,315927;USDC
Sonic;0xa1627a0e1d0ebca9326d2219b84df0c600bed4b1;0xf6f87073cf8929c206a77b0694619dc776f89885;0xd84cdf1229fcd789785c1c3af1d087729275525b;eoa;0;0;0;USDC
Sonic;0xa1627a0e1d0ebca9326d2219b84df0c600bed4b1;0xf6f87073cf8929c206a77b0694619dc776f89885;0xd84f88ac551b65ffd3007fc536b02c9b643e983d;eoa;0,00001;0;0,00001;USDC
Sonic;0xa1627a0e1d0ebca9326d2219b84df0c600bed4b1;0xf6f87073cf8929c206a77b0694619dc776f89885;0xd899141b9f06a11b227fcf2c3fae8652776facb2;eoa;0,000002;0;0,000002;USDC
Sonic;0xa1627a0e1d0ebca9326d2219b84df0c600bed4b1;0xf6f87073cf8929c206a77b0694619dc776f89885;0xd89d8b46bf938e814868eda8a2735c6f83d9c2db;eoa;0;0;0;USDC
Sonic;0xa1627a0e1d0ebca9326d2219b84df0c600bed4b1;0xf6f87073cf8929c206a77b0694619dc776f89885;0xd8a103bbaee5a27a48d49352e4e5f868533102ea;eoa;0;0;0;USDC
Sonic;0xa1627a0e1d0ebca9326d2219b84df0c600bed4b1;0xf6f87073cf8929c206a77b0694619dc776f89885;0xd8e5a6c7cd33d29778cff10ab27333e41f520965;eoa;1,566403;0;1,566403;USDC
Sonic;0xa1627a0e1d0ebca9326d2219b84df0c600bed4b1;0xf6f87073cf8929c206a77b0694619dc776f89885;0xd93bab51cd83881ce1228650b9798ee8fc3e746c;eoa;0,000367;0;0,000367;USDC
Sonic;0xa1627a0e1d0ebca9326d2219b84df0c600bed4b1;0xf6f87073cf8929c206a77b0694619dc776f89885;0xd9c3846f0534dcb787c9909e8ca691e31b2368d8;eoa;0,000001;0;0,000001;USDC
Sonic;0xa1627a0e1d0ebca9326d2219b84df0c600bed4b1;0xf6f87073cf8929c206a77b0694619dc776f89885;0xda232095d6ccea2728e6ba5111d435c605b3e049;eoa;0,034109;0;0,034109;USDC
Sonic;0xa1627a0e1d0ebca9326d2219b84df0c600bed4b1;0xf6f87073cf8929c206a77b0694619dc776f89885;0xdb5b4853ceabf6d8e08d73fddfa80f507ef9fba4;eoa;9,867721;0;9,867721;USDC
Sonic;0xa1627a0e1d0ebca9326d2219b84df0c600bed4b1;0xf6f87073cf8929c206a77b0694619dc776f89885;0xdbc47822a6fa5a6c03cc8df2a4f2178ae47b8ae8;eoa;0;0;0;USDC
Sonic;0xa1627a0e1d0ebca9326d2219b84df0c600bed4b1;0xf6f87073cf8929c206a77b0694619dc776f89885;0xdbdda15663cdfe1438a19d0126674420f7047b32;eoa;0;0;0;USDC
Sonic;0xa1627a0e1d0ebca9326d2219b84df0c600bed4b1;0xf6f87073cf8929c206a77b0694619dc776f89885;0xdbf4a4874e5bf633d8628e5272f9965ec1ee4dd9;eoa;0;0;0;USDC
Sonic;0xa1627a0e1d0ebca9326d2219b84df0c600bed4b1;0xf6f87073cf8929c206a77b0694619dc776f89885;0xdbfe1f354be3e4467591dd1033cd9ed49f79f144;eoa;0;0;0;USDC
Sonic;0xa1627a0e1d0ebca9326d2219b84df0c600bed4b1;0xf6f87073cf8929c206a77b0694619dc776f89885;0xdc0f9142246e33743eb2bf92bb89046f4c9ee7de;eoa;0;0;0;USDC
Sonic;0xa1627a0e1d0ebca9326d2219b84df0c600bed4b1;0xf6f87073cf8929c206a77b0694619dc776f89885;0xdc57d70f6c9843ab01dd8987ab477f9d51136fe8;eoa;121,357126;0;121,357126;USDC
Sonic;0xa1627a0e1d0ebca9326d2219b84df0c600bed4b1;0xf6f87073cf8929c206a77b0694619dc776f89885;0xdcc54c20c03f54da9e6dcb4b637d46d767c7f2b8;eoa;0,000002;0;0,000002;USDC
Sonic;0xa1627a0e1d0ebca9326d2219b84df0c600bed4b1;0xf6f87073cf8929c206a77b0694619dc776f89885;0xdd1fd039ab8afe2dfab19b454aa9a1b871a76569;eoa;0;0;0;USDC
Sonic;0xa1627a0e1d0ebca9326d2219b84df0c600bed4b1;0xf6f87073cf8929c206a77b0694619dc776f89885;0xddeda44b88e862f51d0a59b90be29e8af3eef3cd;eoa;0;0;0;USDC
Sonic;0xa1627a0e1d0ebca9326d2219b84df0c600bed4b1;0xf6f87073cf8929c206a77b0694619dc776f89885;0xde4901634990888102a7a017f36c7bd2f1dc2b1e;eoa;5967,009044;0;0,000001;USDC
Sonic;0xa1627a0e1d0ebca9326d2219b84df0c600bed4b1;0xf6f87073cf8929c206a77b0694619dc776f89885;0xde611a104878e4f0b506ef7be09b3038caa72a77;eoa;0;0;0;USDC
Sonic;0xa1627a0e1d0ebca9326d2219b84df0c600bed4b1;0xf6f87073cf8929c206a77b0694619dc776f89885;0xdeaa6c67cf79c1e6d3097c9501a72de678e3cd50;eoa;0;0;0;USDC
Sonic;0xa1627a0e1d0ebca9326d2219b84df0c600bed4b1;0xf6f87073cf8929c206a77b0694619dc776f89885;0xdedcf5806c4968c6397eee97e68047bda339d0c1;eoa;5,066185;0;5,066185;USDC
Sonic;0xa1627a0e1d0ebca9326d2219b84df0c600bed4b1;0xf6f87073cf8929c206a77b0694619dc776f89885;0xdedfc8dc9befacc2ed7bd4c2be6972107079ec79;eoa;102,441071;0;102,441071;USDC
Sonic;0xa1627a0e1d0ebca9326d2219b84df0c600bed4b1;0xf6f87073cf8929c206a77b0694619dc776f89885;0xdf2e6b8dc860123903a513f7bb5f7e814b9a1b7c;eoa;0,000001;0;0,000001;USDC
Sonic;0xa1627a0e1d0ebca9326d2219b84df0c600bed4b1;0xf6f87073cf8929c206a77b0694619dc776f89885;0xdf3e23824c6b35fc005db2951396669e48bee106;eoa;2,087355;0;2,087355;USDC
Sonic;0xa1627a0e1d0ebca9326d2219b84df0c600bed4b1;0xf6f87073cf8929c206a77b0694619dc776f89885;0xdf9134f23f39519cb8e5af048873facfb0154080;eoa;0,055615;0;11,204712;USDC
Sonic;0xa1627a0e1d0ebca9326d2219b84df0c600bed4b1;0xf6f87073cf8929c206a77b0694619dc776f89885;0xdfa1d82cad63732a6fd76f13315206c21e2e3a21;eoa;0,000001;0;0,000001;USDC
Sonic;0xa1627a0e1d0ebca9326d2219b84df0c600bed4b1;0xf6f87073cf8929c206a77b0694619dc776f89885;0xdfa27d9981ed8f88a8f9310f6d575a3df0051005;eoa;0;0;0;USDC
Sonic;0xa1627a0e1d0ebca9326d2219b84df0c600bed4b1;0xf6f87073cf8929c206a77b0694619dc776f89885;0xdfb12bf05af4fffbec2837ed890b48084c1f1c43;eoa;0,000003;0;0,000003;USDC
Sonic;0xa1627a0e1d0ebca9326d2219b84df0c600bed4b1;0xf6f87073cf8929c206a77b0694619dc776f89885;0xdff2425c57f2f930ff14d693dc913894053622ae;eoa;0;0;0;USDC
Sonic;0xa1627a0e1d0ebca9326d2219b84df0c600bed4b1;0xf6f87073cf8929c206a77b0694619dc776f89885;0xe0478582ecdc0545d3c060084e01343655911061;eoa;2,082932;0;89,543459;USDC
Sonic;0xa1627a0e1d0ebca9326d2219b84df0c600bed4b1;0xf6f87073cf8929c206a77b0694619dc776f89885;0xe0f3feb89a06c17dd9c4bce1cd9d18a8a84fd6eb;eoa;1053,346115;0;1053,346115;USDC
Sonic;0xa1627a0e1d0ebca9326d2219b84df0c600bed4b1;0xf6f87073cf8929c206a77b0694619dc776f89885;0xe17a3d8399ebc55cc9c6b5719687b70d5fbf44a4;eoa;0,000005;0;0,000005;USDC
Sonic;0xa1627a0e1d0ebca9326d2219b84df0c600bed4b1;0xf6f87073cf8929c206a77b0694619dc776f89885;0xe1e4481aca043ce4be697df13ca58e8370cc90fc;eoa;0;0;0;USDC
Sonic;0xa1627a0e1d0ebca9326d2219b84df0c600bed4b1;0xf6f87073cf8929c206a77b0694619dc776f89885;0xe25e95f75432a79d31256cc3026e24aaa5540882;contract_other;0,000998;0;0,000998;USDC
Sonic;0xa1627a0e1d0ebca9326d2219b84df0c600bed4b1;0xf6f87073cf8929c206a77b0694619dc776f89885;0xe29befd128ccac015cac0a6fc59a49d8b7c2f044;eoa;0,000002;0;0,000002;USDC
Sonic;0xa1627a0e1d0ebca9326d2219b84df0c600bed4b1;0xf6f87073cf8929c206a77b0694619dc776f89885;0xe2b130d9379289c7686a0c8baea590cca1a77416;eoa;0,000012;0;0,000012;USDC
Sonic;0xa1627a0e1d0ebca9326d2219b84df0c600bed4b1;0xf6f87073cf8929c206a77b0694619dc776f89885;0xe2d847dd5314501c213274fa8fe84d88b1b1a4e7;eoa;0;0;0;USDC
Sonic;0xa1627a0e1d0ebca9326d2219b84df0c600bed4b1;0xf6f87073cf8929c206a77b0694619dc776f89885;0xe2feca31c96d4872e54221d3060a8db1f82b3aa2;eoa;14,093231;0;14,093231;USDC
Sonic;0xa1627a0e1d0ebca9326d2219b84df0c600bed4b1;0xf6f87073cf8929c206a77b0694619dc776f89885;0xe38dd570aa7c0de83d3e7faa4c1524b8e398030e;eoa;1,153789;0;0;USDC
Sonic;0xa1627a0e1d0ebca9326d2219b84df0c600bed4b1;0xf6f87073cf8929c206a77b0694619dc776f89885;0xe39919542a1802eba69e280d358b606aab53a5b7;eoa;0,000001;0;0,000001;USDC
Sonic;0xa1627a0e1d0ebca9326d2219b84df0c600bed4b1;0xf6f87073cf8929c206a77b0694619dc776f89885;0xe4084c4530d9965d605d3dc5657f8afc6fcf6cfb;eoa;0;0;0;USDC
Sonic;0xa1627a0e1d0ebca9326d2219b84df0c600bed4b1;0xf6f87073cf8929c206a77b0694619dc776f89885;0xe427171b46406a572a39c2d76004b0c6d2a2fe92;eoa;0;0;0;USDC
Sonic;0xa1627a0e1d0ebca9326d2219b84df0c600bed4b1;0xf6f87073cf8929c206a77b0694619dc776f89885;0xe4727db0d9ef3ca11b9d177c2e92f63b512993a5;eoa;0,000004;0;0,000004;USDC
Sonic;0xa1627a0e1d0ebca9326d2219b84df0c600bed4b1;0xf6f87073cf8929c206a77b0694619dc776f89885;0xe482f04253e7b45fb69064e99dcf36a723c27d1f;eoa;0,000004;0;0,000004;USDC
Sonic;0xa1627a0e1d0ebca9326d2219b84df0c600bed4b1;0xf6f87073cf8929c206a77b0694619dc776f89885;0xe51a5ee79c1fc3907c3657b2243a427c40f70ad7;eoa;0,000001;0;0,000001;USDC
Sonic;0xa1627a0e1d0ebca9326d2219b84df0c600bed4b1;0xf6f87073cf8929c206a77b0694619dc776f89885;0xe54244dc4cec3afbe28b7aa1a573efc0e76b16a4;eoa;141,281362;0;141,281362;USDC
Sonic;0xa1627a0e1d0ebca9326d2219b84df0c600bed4b1;0xf6f87073cf8929c206a77b0694619dc776f89885;0xe57911881b16e676485fd217e0cb99a42631b16c;eoa;0,000008;0;0,000008;USDC
Sonic;0xa1627a0e1d0ebca9326d2219b84df0c600bed4b1;0xf6f87073cf8929c206a77b0694619dc776f89885;0xe5b479c0315f6ebe7e61272caffe54210fdc7671;eoa;0;0;0;USDC
Sonic;0xa1627a0e1d0ebca9326d2219b84df0c600bed4b1;0xf6f87073cf8929c206a77b0694619dc776f89885;0xe5fe443ee02b1b02043440cc8fd2bf06a6eb04f4;eoa;0;0;0;USDC
Sonic;0xa1627a0e1d0ebca9326d2219b84df0c600bed4b1;0xf6f87073cf8929c206a77b0694619dc776f89885;0xe61910654713485712ead8b58a846c5e7f7c565c;eoa;0,000002;0;0,000002;USDC
Sonic;0xa1627a0e1d0ebca9326d2219b84df0c600bed4b1;0xf6f87073cf8929c206a77b0694619dc776f89885;0xe61b0b4c0bbb91bd9b387696e120b1ea05025572;eoa;0;0;0;USDC
Sonic;0xa1627a0e1d0ebca9326d2219b84df0c600bed4b1;0xf6f87073cf8929c206a77b0694619dc776f89885;0xe62653b5328704c50b14e1ebb923a7cf5a033c3e;eoa;227,793634;0;227,793634;USDC
Sonic;0xa1627a0e1d0ebca9326d2219b84df0c600bed4b1;0xf6f87073cf8929c206a77b0694619dc776f89885;0xe643bea0678bec6ca9c386b20d2440c98a39b857;eoa;0,02103;0;9,530482;USDC
Sonic;0xa1627a0e1d0ebca9326d2219b84df0c600bed4b1;0xf6f87073cf8929c206a77b0694619dc776f89885;0xe7c4a890117ee160710f61ad3606573577828e66;eoa;0;0;0;USDC
Sonic;0xa1627a0e1d0ebca9326d2219b84df0c600bed4b1;0xf6f87073cf8929c206a77b0694619dc776f89885;0xe7d3cde588ebbd923598daf98adb3076436defc3;eoa;1724,663797;0;1724,663797;USDC
Sonic;0xa1627a0e1d0ebca9326d2219b84df0c600bed4b1;0xf6f87073cf8929c206a77b0694619dc776f89885;0xe857e0136a36217375cf3b489ca9427e51cc6a3b;eoa;0;0;0;USDC
Sonic;0xa1627a0e1d0ebca9326d2219b84df0c600bed4b1;0xf6f87073cf8929c206a77b0694619dc776f89885;0xe876084b9e0266dba674ebd367ba0363341e6dda;eoa;1,04359;0;1,04359;USDC
Sonic;0xa1627a0e1d0ebca9326d2219b84df0c600bed4b1;0xf6f87073cf8929c206a77b0694619dc776f89885;0xe8770f09190054248f64243732b71a043a7725b2;eoa;0,00001;0;0,00001;USDC
Sonic;0xa1627a0e1d0ebca9326d2219b84df0c600bed4b1;0xf6f87073cf8929c206a77b0694619dc776f89885;0xe8da24093f7cfda901bbf183c3d48e2a387e38e0;eoa;0,002195;0;0,002195;USDC
Sonic;0xa1627a0e1d0ebca9326d2219b84df0c600bed4b1;0xf6f87073cf8929c206a77b0694619dc776f89885;0xe8f42b5891d3a0ca637f8c68256bdb86de444554;eoa;0,000001;0;0,000001;USDC
Sonic;0xa1627a0e1d0ebca9326d2219b84df0c600bed4b1;0xf6f87073cf8929c206a77b0694619dc776f89885;0xe945ed0530da54c1af15c6b034be9ef3e6bbe7b1;eoa;0;0;0;USDC
Sonic;0xa1627a0e1d0ebca9326d2219b84df0c600bed4b1;0xf6f87073cf8929c206a77b0694619dc776f89885;0xe94fc1ddaab897ba5d42c535e27d39eab3aed479;eoa;0;0;0;USDC
Sonic;0xa1627a0e1d0ebca9326d2219b84df0c600bed4b1;0xf6f87073cf8929c206a77b0694619dc776f89885;0xe97135a6f64e4fcd5c3dc82f15e08881c7a0cced;eoa;0;0;0;USDC
Sonic;0xa1627a0e1d0ebca9326d2219b84df0c600bed4b1;0xf6f87073cf8929c206a77b0694619dc776f89885;0xe9755def636fe3a6fa28a59421616b144a772ae1;eoa;0,000006;0;0,000006;USDC
Sonic;0xa1627a0e1d0ebca9326d2219b84df0c600bed4b1;0xf6f87073cf8929c206a77b0694619dc776f89885;0xe9a71041a30aa685d19164561d699a8f33fa0730;eoa;0;0;0;USDC
Sonic;0xa1627a0e1d0ebca9326d2219b84df0c600bed4b1;0xf6f87073cf8929c206a77b0694619dc776f89885;0xe9c9b648b899e1662fab21e983725ed3f299f4e9;eoa;0;0;0;USDC
Sonic;0xa1627a0e1d0ebca9326d2219b84df0c600bed4b1;0xf6f87073cf8929c206a77b0694619dc776f89885;0xe9db81a85fdc1f28239bdca8d3054ad39f44a8d5;eoa;0,000001;0;0,000001;USDC
Sonic;0xa1627a0e1d0ebca9326d2219b84df0c600bed4b1;0xf6f87073cf8929c206a77b0694619dc776f89885;0xea0b0d16e5368e1db60366a0df607dd554d4b4cb;eoa;1970,677157;0;3199,423053;USDC
Sonic;0xa1627a0e1d0ebca9326d2219b84df0c600bed4b1;0xf6f87073cf8929c206a77b0694619dc776f89885;0xea574b738b131deda066ff720ee50951b757c6f3;eoa;0;0;0;USDC
Sonic;0xa1627a0e1d0ebca9326d2219b84df0c600bed4b1;0xf6f87073cf8929c206a77b0694619dc776f89885;0xea869669210a69b035b382e0f2a498b87dc6a45c;eoa;10095,720501;0;10095,720501;USDC
Sonic;0xa1627a0e1d0ebca9326d2219b84df0c600bed4b1;0xf6f87073cf8929c206a77b0694619dc776f89885;0xea8783ec6290c1dfb6e13ab31321b386793d464d;eoa;1,070009;0;1,070009;USDC
Sonic;0xa1627a0e1d0ebca9326d2219b84df0c600bed4b1;0xf6f87073cf8929c206a77b0694619dc776f89885;0xea9ebcb6966c7e0d0e1325556c2bee0ec9bb0a6b;eoa;0;0;0;USDC
Sonic;0xa1627a0e1d0ebca9326d2219b84df0c600bed4b1;0xf6f87073cf8929c206a77b0694619dc776f89885;0xead0f38065a0d4629ad324235063b9baa224d99d;eoa;0,000001;0;0,000001;USDC
Sonic;0xa1627a0e1d0ebca9326d2219b84df0c600bed4b1;0xf6f87073cf8929c206a77b0694619dc776f89885;0xeae43e21a658b41d741139854cafde9ef7a580ab;eoa;0,000001;0;0,000001;USDC
Sonic;0xa1627a0e1d0ebca9326d2219b84df0c600bed4b1;0xf6f87073cf8929c206a77b0694619dc776f89885;0xeb1fa9a111f1acbf04be2158849c91788ce7aff6;eoa;2,634521;0;2,634521;USDC
Sonic;0xa1627a0e1d0ebca9326d2219b84df0c600bed4b1;0xf6f87073cf8929c206a77b0694619dc776f89885;0xeb9aaa0a887436292245b7517ab2dfa15e46756f;eoa;0,000001;0;0,000001;USDC
Sonic;0xa1627a0e1d0ebca9326d2219b84df0c600bed4b1;0xf6f87073cf8929c206a77b0694619dc776f89885;0xeba297e240eddbae352b9c521077780f6b9ef29b;eoa;0;0;0;USDC
Sonic;0xa1627a0e1d0ebca9326d2219b84df0c600bed4b1;0xf6f87073cf8929c206a77b0694619dc776f89885;0xebd315be326798a4029b27bd247deefcad4733bf;eoa;0;0;0;USDC
Sonic;0xa1627a0e1d0ebca9326d2219b84df0c600bed4b1;0xf6f87073cf8929c206a77b0694619dc776f89885;0xec386fe0136efc8821186183e217e448f0fa235e;eoa;0;0;0;USDC
Sonic;0xa1627a0e1d0ebca9326d2219b84df0c600bed4b1;0xf6f87073cf8929c206a77b0694619dc776f89885;0xec605b5bb51199debff041befeb621d69d71a504;eoa;1,045399;0;1,045399;USDC
Sonic;0xa1627a0e1d0ebca9326d2219b84df0c600bed4b1;0xf6f87073cf8929c206a77b0694619dc776f89885;0xec65a51040838948ebb648ad1c37e3aa38119033;eoa;0,000002;0;0,000002;USDC
Sonic;0xa1627a0e1d0ebca9326d2219b84df0c600bed4b1;0xf6f87073cf8929c206a77b0694619dc776f89885;0xec6c7ef36aa0ab3cd43987fd438e88bab9ea9cf7;eoa;3089,667116;0;3089,667116;USDC
Sonic;0xa1627a0e1d0ebca9326d2219b84df0c600bed4b1;0xf6f87073cf8929c206a77b0694619dc776f89885;0xeccf528b9ccacd9336b70ad4d1228a6843567e02;eoa;0,000001;0;0,000001;USDC
Sonic;0xa1627a0e1d0ebca9326d2219b84df0c600bed4b1;0xf6f87073cf8929c206a77b0694619dc776f89885;0xed12174053096975c0d53ea663e85ca8f1c31897;eoa;9828,418102;0;9828,418102;USDC
Sonic;0xa1627a0e1d0ebca9326d2219b84df0c600bed4b1;0xf6f87073cf8929c206a77b0694619dc776f89885;0xed2a166db9b800c85c7fb2c9a1de706911b9e796;eoa;0;0;0;USDC
Sonic;0xa1627a0e1d0ebca9326d2219b84df0c600bed4b1;0xf6f87073cf8929c206a77b0694619dc776f89885;0xed8e924735f590572361b52657abd9a3260f35a0;eoa;0;0;0;USDC
Sonic;0xa1627a0e1d0ebca9326d2219b84df0c600bed4b1;0xf6f87073cf8929c206a77b0694619dc776f89885;0xeda49bce2f38d284f839be1f4f2e23e6c7cc7dbd;eoa;0,000998;0;0;USDC
Sonic;0xa1627a0e1d0ebca9326d2219b84df0c600bed4b1;0xf6f87073cf8929c206a77b0694619dc776f89885;0xee07dea66e9284a8ddeae1db612f2ce0c4824cac;eoa;0,006512;0;0,006512;USDC
Sonic;0xa1627a0e1d0ebca9326d2219b84df0c600bed4b1;0xf6f87073cf8929c206a77b0694619dc776f89885;0xeeee45bfce028e200def9a0d2bea7c526a3bca36;eoa;0;0;0;USDC
Sonic;0xa1627a0e1d0ebca9326d2219b84df0c600bed4b1;0xf6f87073cf8929c206a77b0694619dc776f89885;0xf07ffbaf4a7999fffab3ddb47e7f74364b6fd578;eoa;0;0;0;USDC
Sonic;0xa1627a0e1d0ebca9326d2219b84df0c600bed4b1;0xf6f87073cf8929c206a77b0694619dc776f89885;0xf09106646d2dbc0a0cc4bbc3178df84d5e32f29d;eoa;0,000185;0;0,000185;USDC
Sonic;0xa1627a0e1d0ebca9326d2219b84df0c600bed4b1;0xf6f87073cf8929c206a77b0694619dc776f89885;0xf09bef01836dabbcb8075b42fc9bb172d7d1141e;eoa;0;0;0;USDC
Sonic;0xa1627a0e1d0ebca9326d2219b84df0c600bed4b1;0xf6f87073cf8929c206a77b0694619dc776f89885;0xf09f478c31c247602c019c5c1b700e766ec5fe10;eoa;0;0;0;USDC
Sonic;0xa1627a0e1d0ebca9326d2219b84df0c600bed4b1;0xf6f87073cf8929c206a77b0694619dc776f89885;0xf0e8c524ff065adb331cf83fb45c0de0510e8055;eoa;0,000001;0;0,000001;USDC
Sonic;0xa1627a0e1d0ebca9326d2219b84df0c600bed4b1;0xf6f87073cf8929c206a77b0694619dc776f89885;0xf0fd4f83e4a43c1231e9209843e03549ef460cc9;eoa;0;0;0;USDC
Sonic;0xa1627a0e1d0ebca9326d2219b84df0c600bed4b1;0xf6f87073cf8929c206a77b0694619dc776f89885;0xf10cb901964991f02bc1942b55d364873fc26678;eoa;0;0;0;USDC
Sonic;0xa1627a0e1d0ebca9326d2219b84df0c600bed4b1;0xf6f87073cf8929c206a77b0694619dc776f89885;0xf15bdd0db2075a8f5a24b10c522a08ab23a428f5;eoa;0;0;0;USDC
Sonic;0xa1627a0e1d0ebca9326d2219b84df0c600bed4b1;0xf6f87073cf8929c206a77b0694619dc776f89885;0xf17ac82cb2c92853100f150591973857b1b48d7f;eoa;0;0;0;USDC
Sonic;0xa1627a0e1d0ebca9326d2219b84df0c600bed4b1;0xf6f87073cf8929c206a77b0694619dc776f89885;0xf1903b940a19349fd3bada1c00a5bf668e912a79;eoa;0;0;0;USDC
Sonic;0xa1627a0e1d0ebca9326d2219b84df0c600bed4b1;0xf6f87073cf8929c206a77b0694619dc776f89885;0xf1abd4cd33e8d6a1587a80c8cc6d61ef9aa9dc35;eoa;0;0;0;USDC
Sonic;0xa1627a0e1d0ebca9326d2219b84df0c600bed4b1;0xf6f87073cf8929c206a77b0694619dc776f89885;0xf20464fd66251ab19b357a7500ae89381074c127;eoa;93703,814011;0;93703,27701;USDC
Sonic;0xa1627a0e1d0ebca9326d2219b84df0c600bed4b1;0xf6f87073cf8929c206a77b0694619dc776f89885;0xf20be84c9e82df3c323e10968a254e448f71b518;eoa;1,045407;0;1,045407;USDC
Sonic;0xa1627a0e1d0ebca9326d2219b84df0c600bed4b1;0xf6f87073cf8929c206a77b0694619dc776f89885;0xf2842c6fc18f3070d3186664f45e06e1ce873663;eoa;0;0;0;USDC
Sonic;0xa1627a0e1d0ebca9326d2219b84df0c600bed4b1;0xf6f87073cf8929c206a77b0694619dc776f89885;0xf2d995bf313ffdfdef962c9380cc9c087ac66f8d;eoa;0,000001;0;0,000001;USDC
Sonic;0xa1627a0e1d0ebca9326d2219b84df0c600bed4b1;0xf6f87073cf8929c206a77b0694619dc776f89885;0xf31aec5bdf7b5a7647cdb08901ca090b700d38f5;eoa;0;0;0;USDC
Sonic;0xa1627a0e1d0ebca9326d2219b84df0c600bed4b1;0xf6f87073cf8929c206a77b0694619dc776f89885;0xf348b6ea01a3066f6a8f9a9bba70f344582bf7f4;eoa;0;0;0;USDC
Sonic;0xa1627a0e1d0ebca9326d2219b84df0c600bed4b1;0xf6f87073cf8929c206a77b0694619dc776f89885;0xf3930cbb9e0391306e7441565167ac00285a3dfe;eoa;1027,802634;0;1027,802634;USDC
Sonic;0xa1627a0e1d0ebca9326d2219b84df0c600bed4b1;0xf6f87073cf8929c206a77b0694619dc776f89885;0xf3b8d66a259e3f2adfdf51913b553ae4d4215e06;eoa;0;0;0;USDC
Sonic;0xa1627a0e1d0ebca9326d2219b84df0c600bed4b1;0xf6f87073cf8929c206a77b0694619dc776f89885;0xf4054880b73019f099d662a945ba595368de37c2;eoa;0;0;0;USDC
Sonic;0xa1627a0e1d0ebca9326d2219b84df0c600bed4b1;0xf6f87073cf8929c206a77b0694619dc776f89885;0xf4a223a879a1bef3b7bf79650153ba5d52510f3d;eoa;0,000001;0;0,000001;USDC
Sonic;0xa1627a0e1d0ebca9326d2219b84df0c600bed4b1;0xf6f87073cf8929c206a77b0694619dc776f89885;0xf4a3adf696838d8f8035cdb4fcfa9403e3a16863;eoa;502,25005;0;695,749007;USDC
Sonic;0xa1627a0e1d0ebca9326d2219b84df0c600bed4b1;0xf6f87073cf8929c206a77b0694619dc776f89885;0xf4d5c09d426d786eb4d375f896ac8423ff1c6254;eoa;0;0;0;USDC
Sonic;0xa1627a0e1d0ebca9326d2219b84df0c600bed4b1;0xf6f87073cf8929c206a77b0694619dc776f89885;0xf4f9b7dafbd145480d787ebfe615a3d05fdc0a0a;eoa;0;0;0;USDC
Sonic;0xa1627a0e1d0ebca9326d2219b84df0c600bed4b1;0xf6f87073cf8929c206a77b0694619dc776f89885;0xf4fc21ee9a6114d75434bea8c48c5c89acc3982d;eoa;0,000003;0;0,000003;USDC
Sonic;0xa1627a0e1d0ebca9326d2219b84df0c600bed4b1;0xf6f87073cf8929c206a77b0694619dc776f89885;0xf50242b4ec950818f197fc6e26e26dff1b50df04;eoa;521,839385;0;521,839385;USDC
Sonic;0xa1627a0e1d0ebca9326d2219b84df0c600bed4b1;0xf6f87073cf8929c206a77b0694619dc776f89885;0xf578ed9311b13df15d5f5579a45732504ac2004e;eoa;0;0;0;USDC
Sonic;0xa1627a0e1d0ebca9326d2219b84df0c600bed4b1;0xf6f87073cf8929c206a77b0694619dc776f89885;0xf60b7e4d3acb20857a141ad012887dd9d538c89e;eoa;98,036692;0;98,036692;USDC
Sonic;0xa1627a0e1d0ebca9326d2219b84df0c600bed4b1;0xf6f87073cf8929c206a77b0694619dc776f89885;0xf73bd5710d3e3d4e8db7ec6058f9fb77ff8414e9;eoa;0,000005;0;0,000005;USDC
Sonic;0xa1627a0e1d0ebca9326d2219b84df0c600bed4b1;0xf6f87073cf8929c206a77b0694619dc776f89885;0xf786b0717f045595c5a3904262b8ef649bd666f2;eoa;0;0;0;USDC
Sonic;0xa1627a0e1d0ebca9326d2219b84df0c600bed4b1;0xf6f87073cf8929c206a77b0694619dc776f89885;0xf79205412bf51600ce277e3b4e388b7746a476cf;eoa;1,279963;0;1,279963;USDC
Sonic;0xa1627a0e1d0ebca9326d2219b84df0c600bed4b1;0xf6f87073cf8929c206a77b0694619dc776f89885;0xf7cee8348aafe8595b5316f9dd018edbdfdcc783;eoa;0,000001;0;0,000001;USDC
Sonic;0xa1627a0e1d0ebca9326d2219b84df0c600bed4b1;0xf6f87073cf8929c206a77b0694619dc776f89885;0xf8017ca17ee67c64a0fe08f37cde237805d7640c;eoa;0;0;0;USDC
Sonic;0xa1627a0e1d0ebca9326d2219b84df0c600bed4b1;0xf6f87073cf8929c206a77b0694619dc776f89885;0xf801d8a7ac83498aad195fd1e67c2ec3e059728c;eoa;0;0;0;USDC
Sonic;0xa1627a0e1d0ebca9326d2219b84df0c600bed4b1;0xf6f87073cf8929c206a77b0694619dc776f89885;0xf8022e6310a26b5ecacbe1911486aed0f7164b65;eoa;0;0;0;USDC
Sonic;0xa1627a0e1d0ebca9326d2219b84df0c600bed4b1;0xf6f87073cf8929c206a77b0694619dc776f89885;0xf82ecc87018fe0cbb700b988c674749473669d19;eoa;0;0;0;USDC
Sonic;0xa1627a0e1d0ebca9326d2219b84df0c600bed4b1;0xf6f87073cf8929c206a77b0694619dc776f89885;0xf852df942b45a9f522a7a1e711dd8cc1c0ea004b;eoa;0,000001;0;0,000001;USDC
Sonic;0xa1627a0e1d0ebca9326d2219b84df0c600bed4b1;0xf6f87073cf8929c206a77b0694619dc776f89885;0xf868b39de670fc4384cf8c290883a8139af3296c;eoa;0,000002;0;0,000002;USDC
Sonic;0xa1627a0e1d0ebca9326d2219b84df0c600bed4b1;0xf6f87073cf8929c206a77b0694619dc776f89885;0xf8ea5d2cbe231e6bf74c2d54a8d2118beb315e38;eoa;0;0;0;USDC
Sonic;0xa1627a0e1d0ebca9326d2219b84df0c600bed4b1;0xf6f87073cf8929c206a77b0694619dc776f89885;0xf9cd810b52213c89b7f73a2da4d1260b65fc45d5;eoa;1,044361;0;1,044361;USDC
Sonic;0xa1627a0e1d0ebca9326d2219b84df0c600bed4b1;0xf6f87073cf8929c206a77b0694619dc776f89885;0xf9ce5d10977a75b73f06df0c37ba6a160736df6c;contract_other;0;0;0;USDC
Sonic;0xa1627a0e1d0ebca9326d2219b84df0c600bed4b1;0xf6f87073cf8929c206a77b0694619dc776f89885;0xfa66a01537f35080d453eeb1110568a0119ba5e6;eoa;0,000004;0;0,000004;USDC
Sonic;0xa1627a0e1d0ebca9326d2219b84df0c600bed4b1;0xf6f87073cf8929c206a77b0694619dc776f89885;0xfab1f75103c7afa1e8fd4acf874dc8c4d002d0b9;eoa;10,436646;0;10,436646;USDC
Sonic;0xa1627a0e1d0ebca9326d2219b84df0c600bed4b1;0xf6f87073cf8929c206a77b0694619dc776f89885;0xfab9f5717489b011d8d9202374b822198531646e;eoa;0;0;0;USDC
Sonic;0xa1627a0e1d0ebca9326d2219b84df0c600bed4b1;0xf6f87073cf8929c206a77b0694619dc776f89885;0xfad1e8ed39ce979bc5c2b02d2712da8b882d7b6a;eoa;0;0;0;USDC
Sonic;0xa1627a0e1d0ebca9326d2219b84df0c600bed4b1;0xf6f87073cf8929c206a77b0694619dc776f89885;0xfae9ab3bed27f92859727aa5de071079d8de44fa;eoa;0;0;0;USDC
Sonic;0xa1627a0e1d0ebca9326d2219b84df0c600bed4b1;0xf6f87073cf8929c206a77b0694619dc776f89885;0xfaecdf2356b1a0e08d302c43a5116ade490e93bc;eoa;0;0;0;USDC
Sonic;0xa1627a0e1d0ebca9326d2219b84df0c600bed4b1;0xf6f87073cf8929c206a77b0694619dc776f89885;0xfb85c9b9314c45661e0d553e271efefac154c839;eoa;5829,863784;0;5829,863784;USDC
Sonic;0xa1627a0e1d0ebca9326d2219b84df0c600bed4b1;0xf6f87073cf8929c206a77b0694619dc776f89885;0xfb894921ef1d8d29215422adf9842feb2a9c08c9;eoa;0;0;0;USDC
Sonic;0xa1627a0e1d0ebca9326d2219b84df0c600bed4b1;0xf6f87073cf8929c206a77b0694619dc776f89885;0xfba57ec021c36008282244f4ddbd974067e06bd2;eoa;0,000001;0;0,000001;USDC
Sonic;0xa1627a0e1d0ebca9326d2219b84df0c600bed4b1;0xf6f87073cf8929c206a77b0694619dc776f89885;0xfbd3c2ecf403ccd40d3f2d5f0b224f6a58b188b2;eoa;107,618392;0;107,618392;USDC
Sonic;0xa1627a0e1d0ebca9326d2219b84df0c600bed4b1;0xf6f87073cf8929c206a77b0694619dc776f89885;0xfbef07ac09f48a8fa43fa86919fa7eec6c853539;eoa;0,000002;0;0,000002;USDC
Sonic;0xa1627a0e1d0ebca9326d2219b84df0c600bed4b1;0xf6f87073cf8929c206a77b0694619dc776f89885;0xfcf995e9b204d71287bc9d7e511bec7794c52458;eoa;0;0;0;USDC
Sonic;0xa1627a0e1d0ebca9326d2219b84df0c600bed4b1;0xf6f87073cf8929c206a77b0694619dc776f89885;0xfd1762bde3ddc02a088e94201cc12c898a1e2a4f;eoa;0;0;0;USDC
Sonic;0xa1627a0e1d0ebca9326d2219b84df0c600bed4b1;0xf6f87073cf8929c206a77b0694619dc776f89885;0xfd184b39cd9152a09c1c895cafd7efcd93dbbad1;eoa;2920,554545;0;2920,554456;USDC
Sonic;0xa1627a0e1d0ebca9326d2219b84df0c600bed4b1;0xf6f87073cf8929c206a77b0694619dc776f89885;0xfd85fc3673b70b6ee53b74dcd3de02f7b1bd0a54;eoa;0,000001;0;0,000001;USDC
Sonic;0xa1627a0e1d0ebca9326d2219b84df0c600bed4b1;0xf6f87073cf8929c206a77b0694619dc776f89885;0xfda67d751aecf06e30d1e35d3da9cb89e1530e37;eoa;0,000001;0;0,000001;USDC
Sonic;0xa1627a0e1d0ebca9326d2219b84df0c600bed4b1;0xf6f87073cf8929c206a77b0694619dc776f89885;0xfdaa18041f44e3fffac79f781965d701da0e9913;eoa;0;0;0;USDC
Sonic;0xa1627a0e1d0ebca9326d2219b84df0c600bed4b1;0xf6f87073cf8929c206a77b0694619dc776f89885;0xfdc75731792b6efcc8c02429f61b9eef536a6f2e;eoa;5,384286;0;5,384286;USDC
Sonic;0xa1627a0e1d0ebca9326d2219b84df0c600bed4b1;0xf6f87073cf8929c206a77b0694619dc776f89885;0xfe84cf5acb6db044778c615107861f12390538c1;eoa;1,043634;0;1,043634;USDC
Sonic;0xa1627a0e1d0ebca9326d2219b84df0c600bed4b1;0xf6f87073cf8929c206a77b0694619dc776f89885;0xfe913d534998ef76108a6a561c6ddf3dd57b4256;eoa;0;0;0;USDC
Sonic;0xa1627a0e1d0ebca9326d2219b84df0c600bed4b1;0xf6f87073cf8929c206a77b0694619dc776f89885;0xfeaa6993c8f8f1cebf8b40666ac645b4c26b4dac;eoa;0;0;0;USDC
Sonic;0xa1627a0e1d0ebca9326d2219b84df0c600bed4b1;0xf6f87073cf8929c206a77b0694619dc776f89885;0xfeb06507e3749a49a9ea331a81037b78bb293305;eoa;1,097352;0;1,097352;USDC
Sonic;0xa1627a0e1d0ebca9326d2219b84df0c600bed4b1;0xf6f87073cf8929c206a77b0694619dc776f89885;0xff0bb9630e0c4285f0de14c7e07cde99706993ac;eoa;258,171257;0;258,171257;USDC
Sonic;0xa1627a0e1d0ebca9326d2219b84df0c600bed4b1;0xf6f87073cf8929c206a77b0694619dc776f89885;0xff50e30630d34ff0bb0a5ace3527ac9a36f25371;eoa;1,045467;0;1,045467;USDC
Sonic;0xa1627a0e1d0ebca9326d2219b84df0c600bed4b1;0xf6f87073cf8929c206a77b0694619dc776f89885;0xff5c79e09d12297454d5a31ddd63da26c8d37fb8;eoa;0,000001;0;-793,543776;USDC
Sonic;0xa1627a0e1d0ebca9326d2219b84df0c600bed4b1;0xf6f87073cf8929c206a77b0694619dc776f89885;0xffc5b2d63e36c5ab1e4a774c1b94ee3105dc3c69;eoa;0;0;0;USDC
Sonic;0xa1627a0e1d0ebca9326d2219b84df0c600bed4b1;0xf6f87073cf8929c206a77b0694619dc776f89885;0xffcaa153245ce13f857946ffa5ecb59f104dd8db;eoa;0,000001;0;38,942923;USDC
Sonic;0xa1627a0e1d0ebca9326d2219b84df0c600bed4b1;0xf6f87073cf8929c206a77b0694619dc776f89885;0xfff86782445bee51fdbd69f876c270176e16725d;eoa;0,000002;0;0,000002;USDC
Sonic;0xa1627a0e1d0ebca9326d2219b84df0c600bed4b1;0xf6f87073cf8929c206a77b0694619dc776f89885;0xdfd7856164147ae09fd0d5ee861593fab06b5ec3;eoa;0;0;0,000924;USDC
Sonic;0xa1627a0e1d0ebca9326d2219b84df0c600bed4b1;0xf6f87073cf8929c206a77b0694619dc776f89885;0x774d478cb54da2b9d36c1e1a9c4bbb95515eaf75;eoa;0;0;0,015484;USDC
Sonic;0xa1627a0e1d0ebca9326d2219b84df0c600bed4b1;0xf6f87073cf8929c206a77b0694619dc776f89885;0x78e3a6f85cd09e802f94dbfe7fcffa343c022f0f;eoa;0;0;0,000006;USDC
Sonic;0xa1627a0e1d0ebca9326d2219b84df0c600bed4b1;0xf6f87073cf8929c206a77b0694619dc776f89885;0xc73a3e5a887882d8e3d12dabdada470ac373718d;contract_other;0;0;0;USDC
Sonic;0xa1627a0e1d0ebca9326d2219b84df0c600bed4b1;0xf6f87073cf8929c206a77b0694619dc776f89885;0xaae415992e62228b30a1dd25842cbaca75f8de0a;eoa;0;0;0,02373;USDC
Sonic;0xa1627a0e1d0ebca9326d2219b84df0c600bed4b1;0xf6f87073cf8929c206a77b0694619dc776f89885;0xb6151e28e2126afdf84ad4a9e3f902785f6abf17;eoa;0;0;0,320354;USDC
Sonic;0xa1627a0e1d0ebca9326d2219b84df0c600bed4b1;0xf6f87073cf8929c206a77b0694619dc776f89885;0x230223736b358f628e6527fd7712b86317e0a643;eoa;0;0;1,613408;USDC
Sonic;0xa1627a0e1d0ebca9326d2219b84df0c600bed4b1;0xf6f87073cf8929c206a77b0694619dc776f89885;0x8ce314fb5540d46e2ac8d62002eba797f75e9726;eoa;0;0;-0,000002;USDC
Sonic;0xa1627a0e1d0ebca9326d2219b84df0c600bed4b1;0xf6f87073cf8929c206a77b0694619dc776f89885;0xec97f1c07b29e21cece5581fc3354c3feac7db7b;eoa;0;0;188,857457;USDC
Sonic;0xa1627a0e1d0ebca9326d2219b84df0c600bed4b1;0xf6f87073cf8929c206a77b0694619dc776f89885;0xa6174cb9779661a182f8207dbdc1458bb653fdcc;eoa;0;0;231,917889;USDC
Sonic;0xa1627a0e1d0ebca9326d2219b84df0c600bed4b1;0xf6f87073cf8929c206a77b0694619dc776f89885;0xfa7ef7c0fd0963511db952acce718d7c95064738;eoa;0;0;-0,000002;USDC
Sonic;0xa1627a0e1d0ebca9326d2219b84df0c600bed4b1;0xf6f87073cf8929c206a77b0694619dc776f89885;0x5c2c6245f4c2bfaff3f7925bcf549cb35bd90b89;eoa;0;0;117,431753;USDC
Sonic;0xa1627a0e1d0ebca9326d2219b84df0c600bed4b1;0xf6f87073cf8929c206a77b0694619dc776f89885;0xdee9034869f929e21272ffdd0d1500994b23672e;eoa;0;0;15,305789;USDC
Sonic;0xa1627a0e1d0ebca9326d2219b84df0c600bed4b1;0xf6f87073cf8929c206a77b0694619dc776f89885;0xb15d7daa4e21500102c7c57b21009cf3549ab890;eoa;0;0;522,841646;USDC
Sonic;0xa1627a0e1d0ebca9326d2219b84df0c600bed4b1;0xf6f87073cf8929c206a77b0694619dc776f89885;0xa7b114832112e4286dd72b2c22959c739d102a1a;eoa;0;0;1451,717963;USDC
Sonic;0xa1627a0e1d0ebca9326d2219b84df0c600bed4b1;0xf6f87073cf8929c206a77b0694619dc776f89885;0x9f18ab9cd47fe447437208471e8f216d698087e5;eoa;0;0;4715,839242;USDC
Sonic;0xa1627a0e1d0ebca9326d2219b84df0c600bed4b1;0xf6f87073cf8929c206a77b0694619dc776f89885;0x8f21994745d88e11045c26d3d4bd519b5fed925d;eoa;0;0;0,000094;USDC
Sonic;0xa1627a0e1d0ebca9326d2219b84df0c600bed4b1;0xf6f87073cf8929c206a77b0694619dc776f89885;0x888888888889758f76e7103c6cbf23abbf58f946;contract_other;0;0;0;USDC
Sonic;0xa1627a0e1d0ebca9326d2219b84df0c600bed4b1;0xf6f87073cf8929c206a77b0694619dc776f89885;0x306ed6e78d2eecdc8b3507a47318ea78894be8be;eoa;0;0;3,187621;USDC
Sonic;0xa1627a0e1d0ebca9326d2219b84df0c600bed4b1;0xf6f87073cf8929c206a77b0694619dc776f89885;0x33d730566fb2aeb4d93db15fcca7fd980cc53bad;eoa;0;0;146,524676;USDC
Sonic;0xa1627a0e1d0ebca9326d2219b84df0c600bed4b1;0xf6f87073cf8929c206a77b0694619dc776f89885;0xaa3163db743b6000d70439a0d410d24a8f9d172d;eoa;0;0;2,332078;USDC
Sonic;0xa1627a0e1d0ebca9326d2219b84df0c600bed4b1;0xf6f87073cf8929c206a77b0694619dc776f89885;0x05631891643a2e9dd5cc44293f14caa4b4cd98b2;eoa;0;0;-0,000001;USDC
Sonic;0xa1627a0e1d0ebca9326d2219b84df0c600bed4b1;0xf6f87073cf8929c206a77b0694619dc776f89885;0xc7b53473a3f3b7a8d341c0f5496ed365148aae4f;eoa;0;0;2301,321325;USDC
Sonic;0xa1627a0e1d0ebca9326d2219b84df0c600bed4b1;0xf6f87073cf8929c206a77b0694619dc776f89885;0x4e7bbbb225bbf227e1c97afe78a6b0d2bc08489b;eoa;0;0;3,885826;USDC
Sonic;0xa1627a0e1d0ebca9326d2219b84df0c600bed4b1;0xf6f87073cf8929c206a77b0694619dc776f89885;0x6719558682cbb76f7fa6c216c7b51791b163a6b8;eoa;0;0;186,577028;USDC
Sonic;0xa1627a0e1d0ebca9326d2219b84df0c600bed4b1;0xf6f87073cf8929c206a77b0694619dc776f89885;0x0f089078099748c8a196b52710b01d4cb404578d;eoa;0;0;-0,000191;USDC
Sonic;0xa1627a0e1d0ebca9326d2219b84df0c600bed4b1;0xf6f87073cf8929c206a77b0694619dc776f89885;0x000000000000c9b3e2c3ec88b1b4c0cd853f4321;contract_other;0;0;0;USDC
Sonic;0xa1627a0e1d0ebca9326d2219b84df0c600bed4b1;0xf6f87073cf8929c206a77b0694619dc776f89885;0xc41ac49915a7475ef55ba04e19a2c5d25709591a;eoa;0;0;970,650377;USDC
Sonic;0xa1627a0e1d0ebca9326d2219b84df0c600bed4b1;0xf6f87073cf8929c206a77b0694619dc776f89885;0x3acbc3da05a0fab1be6dcf370c5a104d1e3c78d3;eoa;0;0;3721,016133;USDC
Sonic;0xa1627a0e1d0ebca9326d2219b84df0c600bed4b1;0xf6f87073cf8929c206a77b0694619dc776f89885;0xb7b6654268d045b8e0393ec754de2bb6e4ff339b;eoa;0;0;290,161864;USDC
Sonic;0xa1627a0e1d0ebca9326d2219b84df0c600bed4b1;0xf6f87073cf8929c206a77b0694619dc776f89885;0x7d14ace170ad49aab07838f1ad1412541b1dba56;eoa;0;0;79,526431;USDC
Sonic;0xa1627a0e1d0ebca9326d2219b84df0c600bed4b1;0xf6f87073cf8929c206a77b0694619dc776f89885;0xc6aa0663740bb4418cbfad37267fb06962b5b11f;eoa;0;0;31,390502;USDC
Sonic;0xa1627a0e1d0ebca9326d2219b84df0c600bed4b1;0xf6f87073cf8929c206a77b0694619dc776f89885;0xd4f480965d2347d421f1bec7f545682e5ec2151d;contract_other;0;0;0;USDC
Sonic;0xa1627a0e1d0ebca9326d2219b84df0c600bed4b1;0xf6f87073cf8929c206a77b0694619dc776f89885;0xb3926def2e0989b0700a57034c9a211bfbcf858b;contract_other;0;0;0;USDC
Sonic;0xa1627a0e1d0ebca9326d2219b84df0c600bed4b1;0xf6f87073cf8929c206a77b0694619dc776f89885;0x9b6df1980540a62cb39788e6a02a32dade17c548;eoa;0;0;935,907116;USDC
Sonic;0xa1627a0e1d0ebca9326d2219b84df0c600bed4b1;0xf6f87073cf8929c206a77b0694619dc776f89885;0x4f82e73edb06d29ff62c91ec8f5ff06571bdeb29;eoa;0;0;0,107148;USDC
Sonic;0xa1627a0e1d0ebca9326d2219b84df0c600bed4b1;0xf6f87073cf8929c206a77b0694619dc776f89885;0x04954f93d189c9afb6e09c47a55d9a124537ab08;contract_other;0;0;0;USDC
Sonic;0xa1627a0e1d0ebca9326d2219b84df0c600bed4b1;0xf6f87073cf8929c206a77b0694619dc776f89885;0x1605d2893df5a34a7cc8ca0b2345a98283d82e14;eoa;0;0;30,314282;USDC
Sonic;0xa1627a0e1d0ebca9326d2219b84df0c600bed4b1;0xf6f87073cf8929c206a77b0694619dc776f89885;0xf58764c35ed1528ec78df18bebb24fa20f6a626f;eoa;0;0;21,670374;USDC
Sonic;0xa1627a0e1d0ebca9326d2219b84df0c600bed4b1;0xf6f87073cf8929c206a77b0694619dc776f89885;0x587ed0683581fe5bd127a3ce4450cfce7e00629c;eoa;0;0;0;USDC
Sonic;0xa1627a0e1d0ebca9326d2219b84df0c600bed4b1;0xf6f87073cf8929c206a77b0694619dc776f89885;0xf5bd0ffbf62294f067689e2cbcd10d473c7a6d8b;eoa;0;0;4261,830384;USDC
Sonic;0xa1627a0e1d0ebca9326d2219b84df0c600bed4b1;0xf6f87073cf8929c206a77b0694619dc776f89885;0xc74e6cdd6974e71b76e8a663be2d2c23530462b7;eoa;0;0;0,000578;USDC
Sonic;0xa1627a0e1d0ebca9326d2219b84df0c600bed4b1;0xf6f87073cf8929c206a77b0694619dc776f89885;0x1edd56194359271b3d9066d54a5484f6a83458de;eoa;0;0;63,977607;USDC
Sonic;0xa1627a0e1d0ebca9326d2219b84df0c600bed4b1;0xf6f87073cf8929c206a77b0694619dc776f89885;0x21f4dc67c1a49dd77a38f0d329f614d998b9bcb0;eoa;0;0;474,241404;USDC
Sonic;0xa1627a0e1d0ebca9326d2219b84df0c600bed4b1;0xf6f87073cf8929c206a77b0694619dc776f89885;0xf05e75e42272ec60ba6157d647924fd2de7a9495;eoa;0;0;1104,941049;USDC
Sonic;0xa1627a0e1d0ebca9326d2219b84df0c600bed4b1;0xf6f87073cf8929c206a77b0694619dc776f89885;0x7d57b8b8a731cc1fc1e661842790e1864d5cf4e8;eoa;0;0;6606,367063;USDC
Sonic;0xa1627a0e1d0ebca9326d2219b84df0c600bed4b1;0xf6f87073cf8929c206a77b0694619dc776f89885;0xe80859feb98a1c6b8e1cd20960c347ed1e514816;eoa;0;0;1083,409813;USDC
Sonic;0xa1627a0e1d0ebca9326d2219b84df0c600bed4b1;0xf6f87073cf8929c206a77b0694619dc776f89885;0x893e2c8422970fff16601b47f2eeb074fd36c4e7;eoa;0;0;634,345907;USDC
Sonic;0xa1627a0e1d0ebca9326d2219b84df0c600bed4b1;0xf6f87073cf8929c206a77b0694619dc776f89885;0x4d96cb8a73b38e4e2a7848a88df13b4065ec5138;eoa;0;0;32,218249;USDC
Sonic;0xa1627a0e1d0ebca9326d2219b84df0c600bed4b1;0xf6f87073cf8929c206a77b0694619dc776f89885;0xf557d8c4bdbff7ebeef1ad5072885d5674793277;Gnosis Safe;0;0;0,000108;USDC
Sonic;0xa1627a0e1d0ebca9326d2219b84df0c600bed4b1;0xf6f87073cf8929c206a77b0694619dc776f89885;0x1231deb6f5749ef6ce6943a275a1d3e7486f4eae;contract_other;0;0;0;USDC
Sonic;0xa1627a0e1d0ebca9326d2219b84df0c600bed4b1;0xf6f87073cf8929c206a77b0694619dc776f89885;0x8fe83dab1d17185f091569b440b9e3c7ead1453d;eoa;0;0;0,000767;USDC
Sonic;0xa1627a0e1d0ebca9326d2219b84df0c600bed4b1;0xf6f87073cf8929c206a77b0694619dc776f89885;0x8b1fb4937bab5d02248a0825bf2564863237b00f;eoa;0;0;0,000752;USDC
Sonic;0xa1627a0e1d0ebca9326d2219b84df0c600bed4b1;0xf6f87073cf8929c206a77b0694619dc776f89885;0x550a195749a1c2e655f2040f30d2ffa0a703b95a;eoa;0;0;1851,709495;USDC
Sonic;0xa1627a0e1d0ebca9326d2219b84df0c600bed4b1;0xf6f87073cf8929c206a77b0694619dc776f89885;0xe9a2c3b504c89b1ff2981c9af4dfb60e3ddcc9cc;contract_other;0;0;0;USDC
Sonic;0xa1627a0e1d0ebca9326d2219b84df0c600bed4b1;0xf6f87073cf8929c206a77b0694619dc776f89885;0xe2a4a3d2d50c51ce4229f4d4f467261af4f76aec;eoa;0;0;0;USDC
Sonic;0xa1627a0e1d0ebca9326d2219b84df0c600bed4b1;0xf6f87073cf8929c206a77b0694619dc776f89885;0x731bfadaf268f6a388558fad07cfcc5ec9e9323f;eoa;0;0;1,899169;USDC
Sonic;0xa1627a0e1d0ebca9326d2219b84df0c600bed4b1;0xf6f87073cf8929c206a77b0694619dc776f89885;0xa1b5a7024a702aa9cdab3a5058ac8176648a3959;eoa;0;0;5443,303447;USDC
Sonic;0xa1627a0e1d0ebca9326d2219b84df0c600bed4b1;0xf6f87073cf8929c206a77b0694619dc776f89885;0xbbed0052975333d78e1cac5b86a6c999c23bc089;eoa;0;0;0,026718;USDC
Sonic;0xa1627a0e1d0ebca9326d2219b84df0c600bed4b1;0xf6f87073cf8929c206a77b0694619dc776f89885;0x1b648ade1ef219c87987cd60eba069a7faf1621f;eoa;0;0;1508,557891;USDC
Sonic;0xa1627a0e1d0ebca9326d2219b84df0c600bed4b1;0xf6f87073cf8929c206a77b0694619dc776f89885;0xc508958616284a7269842e2d2de49a4be08b9114;eoa;0;0;0,522875;USDC
Sonic;0xa1627a0e1d0ebca9326d2219b84df0c600bed4b1;0xf6f87073cf8929c206a77b0694619dc776f89885;0xc80d37f432009183a480321cf2037aa4799b7c49;eoa;0;0;1010,468993;USDC
Sonic;0xa1627a0e1d0ebca9326d2219b84df0c600bed4b1;0xf6f87073cf8929c206a77b0694619dc776f89885;0x61761b4ff620607295e894f7c529a4de35dec3b4;eoa;0;0;628,075149;USDC
Sonic;0xa1627a0e1d0ebca9326d2219b84df0c600bed4b1;0xf6f87073cf8929c206a77b0694619dc776f89885;0xe3cd03bdb20588c30aee538168ff5341891c9af7;eoa;0;0;695,416428;USDC
Sonic;0xa1627a0e1d0ebca9326d2219b84df0c600bed4b1;0xf6f87073cf8929c206a77b0694619dc776f89885;0x7f2038b9a6d80b34dc5ec66208bccfd9332aac65;eoa;0;0;0;USDC
Sonic;0xa1627a0e1d0ebca9326d2219b84df0c600bed4b1;0xf6f87073cf8929c206a77b0694619dc776f89885;0x18843778245f25a770ce4f4ce42431bed224b04c;eoa;0;0;1,896239;USDC
Sonic;0xa1627a0e1d0ebca9326d2219b84df0c600bed4b1;0xf6f87073cf8929c206a77b0694619dc776f89885;0x290d9c16f1b812e8dd283415c8e9a605ffa10991;eoa;0;0;65,457831;USDC
Sonic;0xa1627a0e1d0ebca9326d2219b84df0c600bed4b1;0xf6f87073cf8929c206a77b0694619dc776f89885;0x5cb92c891a28491a566ba10ac85936ebc1ad8528;eoa;0;0;0,511121;USDC
Sonic;0xa1627a0e1d0ebca9326d2219b84df0c600bed4b1;0xf6f87073cf8929c206a77b0694619dc776f89885;0x3c8dfa844409c5808b0d737301c4ad751e2962f2;eoa;0;0;0,266444;USDC
Sonic;0xa1627a0e1d0ebca9326d2219b84df0c600bed4b1;0xf6f87073cf8929c206a77b0694619dc776f89885;0x41a85377ad28eb78a09d7c3b4e5f70f4d53d963f;eoa;0;0;0,000024;USDC
Sonic;0xa1627a0e1d0ebca9326d2219b84df0c600bed4b1;0xf6f87073cf8929c206a77b0694619dc776f89885;0x4b1acaf94f81eb3ba74cf8897c9d8ccfff8a82ca;eoa;0;0;3,084153;USDC
Sonic;0xa1627a0e1d0ebca9326d2219b84df0c600bed4b1;0xf6f87073cf8929c206a77b0694619dc776f89885;0xedeed75328937a17749c1a59772e2ec79eb51314;eoa;0;0;0;USDC
Sonic;0xa1627a0e1d0ebca9326d2219b84df0c600bed4b1;0xf6f87073cf8929c206a77b0694619dc776f89885;0x91c9b4d1254f91889a9e28a0debd2dff1c0e521a;contract_other;0;0;0;USDC
Sonic;0xa1627a0e1d0ebca9326d2219b84df0c600bed4b1;0xf6f87073cf8929c206a77b0694619dc776f89885;0xa847bf87b63971781b8510a83393a5f348d7faf6;eoa;0;0;0;USDC
Sonic;0xa1627a0e1d0ebca9326d2219b84df0c600bed4b1;0xf6f87073cf8929c206a77b0694619dc776f89885;0x294b02df529b24d9ec88dc076000276bee7b1783;contract_other;0;0;0;USDC
Sonic;0xa1627a0e1d0ebca9326d2219b84df0c600bed4b1;0xf6f87073cf8929c206a77b0694619dc776f89885;0x6ee8626ec13acb0e9208cbfc45176964dfad06ea;contract_other;0;0;0,003289;USDC
Sonic;0xa1627a0e1d0ebca9326d2219b84df0c600bed4b1;0xf6f87073cf8929c206a77b0694619dc776f89885;0x19f0c7c7ce47f5a75073c353a3937be70f877159;eoa;0;0;722,021454;USDC
Sonic;0xa1627a0e1d0ebca9326d2219b84df0c600bed4b1;0xf6f87073cf8929c206a77b0694619dc776f89885;0x39c0282ee43fba5a91e0397e88add395e5e9f3fa;eoa;0;0;0,770177;USDC
Sonic;0xa1627a0e1d0ebca9326d2219b84df0c600bed4b1;0xf6f87073cf8929c206a77b0694619dc776f89885;0xa869788d2b2c3d25bf03b38a09706b013966b6ed;eoa;0;0;753,259438;USDC
Sonic;0xa1627a0e1d0ebca9326d2219b84df0c600bed4b1;0xf6f87073cf8929c206a77b0694619dc776f89885;0xe853711386941639115547d26ca445063b60634d;eoa;0;0;216,59667;USDC
Sonic;0xa1627a0e1d0ebca9326d2219b84df0c600bed4b1;0xf6f87073cf8929c206a77b0694619dc776f89885;0x3c66773a87bab490753130783b6c63f448417bd8;eoa;0;0;851,064428;USDC
Sonic;0xa1627a0e1d0ebca9326d2219b84df0c600bed4b1;0xf6f87073cf8929c206a77b0694619dc776f89885;0xd384a48947c7f109d316a2c38bf4fa3732b65ba0;eoa;0;0;13043,833012;USDC
Sonic;0xa1627a0e1d0ebca9326d2219b84df0c600bed4b1;0xf6f87073cf8929c206a77b0694619dc776f89885;0xde39832d15466129fc5e85b8d1e612b24cdea012;eoa;0;0;137,462592;USDC
Sonic;0xa1627a0e1d0ebca9326d2219b84df0c600bed4b1;0xf6f87073cf8929c206a77b0694619dc776f89885;0xcf4e19fef1178d82e02accd35636d58b7f63daac;eoa;0;0;224,551349;USDC
Sonic;0xa1627a0e1d0ebca9326d2219b84df0c600bed4b1;0xf6f87073cf8929c206a77b0694619dc776f89885;0xc6f6dcbdf1ae9741c720b61d6195c5641ea91a1a;eoa;0;0;0,63697;USDC
Sonic;0xa1627a0e1d0ebca9326d2219b84df0c600bed4b1;0xf6f87073cf8929c206a77b0694619dc776f89885;0xb597a6921a61571f6e64b7281d64c1d12d5c02f3;eoa;0;0;0,443741;USDC
Sonic;0xa1627a0e1d0ebca9326d2219b84df0c600bed4b1;0xf6f87073cf8929c206a77b0694619dc776f89885;0x5a6b7b6e0a9e0b83dd0f2326a6664b250a8eed5c;eoa;0;0;1541,008687;USDC
Sonic;0xa1627a0e1d0ebca9326d2219b84df0c600bed4b1;0xf6f87073cf8929c206a77b0694619dc776f89885;0xc169af7a0baa481b332b26fcd12a60cb9d71be19;eoa;0;0;510,112159;USDC
Sonic;0xa1627a0e1d0ebca9326d2219b84df0c600bed4b1;0xf6f87073cf8929c206a77b0694619dc776f89885;0xce11977e1564cd2400e741944cba46d2a4641a95;eoa;0;0;117,476785;USDC
Sonic;0xa1627a0e1d0ebca9326d2219b84df0c600bed4b1;0xf6f87073cf8929c206a77b0694619dc776f89885;0x4ffd0a59a26cb2aa76d403215e4cc2845c053994;eoa;0;0;4,535915;USDC
Sonic;0xa1627a0e1d0ebca9326d2219b84df0c600bed4b1;0xf6f87073cf8929c206a77b0694619dc776f89885;0x55e9877c8e66801313607396e7e563391753f800;eoa;0;0;66,230043;USDC
Sonic;0xa1627a0e1d0ebca9326d2219b84df0c600bed4b1;0xf6f87073cf8929c206a77b0694619dc776f89885;0xe602933d745d9a91be9a59877469e4e30b8a86a5;eoa;0;0;0,530538;USDC
Sonic;0xa1627a0e1d0ebca9326d2219b84df0c600bed4b1;0xf6f87073cf8929c206a77b0694619dc776f89885;0xea5297fb8c08104e9b6ce1346487646ffde8f328;eoa;0;0;0,000002;USDC
Sonic;0xa1627a0e1d0ebca9326d2219b84df0c600bed4b1;0xf6f87073cf8929c206a77b0694619dc776f89885;0x49c5744a92f91165d5286a461878878f024a8499;eoa;0;0;0,461515;USDC
Sonic;0xa1627a0e1d0ebca9326d2219b84df0c600bed4b1;0xf6f87073cf8929c206a77b0694619dc776f89885;0x020b61631cfc2caabd9bf5fd78ab6dfac4e9b87d;eoa;0;0;0,461515;USDC
Sonic;0xa1627a0e1d0ebca9326d2219b84df0c600bed4b1;0xf6f87073cf8929c206a77b0694619dc776f89885;0xcc0c67b2aa0a6f2a0655d7e0c0944027e3fdb091;eoa;0;0;0,230757;USDC
Sonic;0xa1627a0e1d0ebca9326d2219b84df0c600bed4b1;0xf6f87073cf8929c206a77b0694619dc776f89885;0x368955efb1bf001683cb5f7ab223380caf0b86e5;eoa;0;0;7,146612;USDC
Sonic;0xa1627a0e1d0ebca9326d2219b84df0c600bed4b1;0xf6f87073cf8929c206a77b0694619dc776f89885;0xfe4dadb67e12111f1346c424bf12965bccfc60ac;eoa;0;0;0,000998;USDC
Sonic;0xa1627a0e1d0ebca9326d2219b84df0c600bed4b1;0xf6f87073cf8929c206a77b0694619dc776f89885;0x6c29a47c7a13cb054e66a0e4151ac8b21e783cf2;eoa;0;0;0;USDC
Sonic;0xa1627a0e1d0ebca9326d2219b84df0c600bed4b1;0xf6f87073cf8929c206a77b0694619dc776f89885;0xcc007529b5558bd07922eb407f08fe4fa5b1ad24;eoa;0;0;0;USDC
Sonic;0xa1627a0e1d0ebca9326d2219b84df0c600bed4b1;0xf6f87073cf8929c206a77b0694619dc776f89885;0x2aa8fe854590ef459e43a5fb2ce638bfbae86ac5;eoa;0;0;0;USDC
Sonic;0xa1627a0e1d0ebca9326d2219b84df0c600bed4b1;0xf6f87073cf8929c206a77b0694619dc776f89885;0x5740915f36dbb30d0f28865b153ae3f04635b9d2;eoa;0;0;373,877439;USDC
Sonic;0xa1627a0e1d0ebca9326d2219b84df0c600bed4b1;0xf6bc16b79c469b94cdd25f3e2334dd4fee47a581;0x000000007b91f5c2937100ec91eb2000e292148d;eoa;0,000007;0;0,000007;USDC
Sonic;0xa1627a0e1d0ebca9326d2219b84df0c600bed4b1;0xf6bc16b79c469b94cdd25f3e2334dd4fee47a581;0x000066320a467de62b1548f46465abbb82662331;contract_other;0,098776;0;0,113229;USDC
Sonic;0xa1627a0e1d0ebca9326d2219b84df0c600bed4b1;0xf6bc16b79c469b94cdd25f3e2334dd4fee47a581;0x00399286d466ebc3c38daf0152d475ecd68ced7f;eoa;1088,71325;0;1088,71325;USDC
Sonic;0xa1627a0e1d0ebca9326d2219b84df0c600bed4b1;0xf6bc16b79c469b94cdd25f3e2334dd4fee47a581;0x009d13e9bec94bf16791098ce4e5c168d27a9f07;eoa;0;0;0;USDC
Sonic;0xa1627a0e1d0ebca9326d2219b84df0c600bed4b1;0xf6bc16b79c469b94cdd25f3e2334dd4fee47a581;0x02443d1fcb2a76c99bf9bdf89de7f048d26eadba;eoa;13,504839;0;13,504839;USDC
Sonic;0xa1627a0e1d0ebca9326d2219b84df0c600bed4b1;0xf6bc16b79c469b94cdd25f3e2334dd4fee47a581;0x024c3d1f574cdcdd42374394df96b747460096a3;erc4626_unresolved;0;0;0;USDC
Sonic;0xa1627a0e1d0ebca9326d2219b84df0c600bed4b1;0xf6bc16b79c469b94cdd25f3e2334dd4fee47a581;0x0302f3434dbdee9d3faf680cba8a2bae6b34a83c;eoa;1027,409756;0;1027,409756;USDC
Sonic;0xa1627a0e1d0ebca9326d2219b84df0c600bed4b1;0xf6bc16b79c469b94cdd25f3e2334dd4fee47a581;0x041a09a6220c9c08a0cc9bfcc31deaf9799412b2;eoa;0;0;0;USDC
Sonic;0xa1627a0e1d0ebca9326d2219b84df0c600bed4b1;0xf6bc16b79c469b94cdd25f3e2334dd4fee47a581;0x046ab1a1adc63a9cc81a4db68f7a7623ad1ab092;eoa;0,04719;0;0,04719;USDC
Sonic;0xa1627a0e1d0ebca9326d2219b84df0c600bed4b1;0xf6bc16b79c469b94cdd25f3e2334dd4fee47a581;0x04c7b939b0df23ce1349bdacc76815f684a1750c;contract_other;0,005065;0;0,005065;USDC
Sonic;0xa1627a0e1d0ebca9326d2219b84df0c600bed4b1;0xf6bc16b79c469b94cdd25f3e2334dd4fee47a581;0x05631891643a2e9dd5cc44293f14caa4b4cd98b2;eoa;36,143161;0;-0,000004;USDC
Sonic;0xa1627a0e1d0ebca9326d2219b84df0c600bed4b1;0xf6bc16b79c469b94cdd25f3e2334dd4fee47a581;0x068f46e8f592350b40b05a5c440c4ee949d91209;contract_other;0;0;0;USDC
Sonic;0xa1627a0e1d0ebca9326d2219b84df0c600bed4b1;0xf6bc16b79c469b94cdd25f3e2334dd4fee47a581;0x08750db546b5186861835d15cb38ba5e96525688;eoa;48881,652718;0;48881,652718;USDC
Sonic;0xa1627a0e1d0ebca9326d2219b84df0c600bed4b1;0xf6bc16b79c469b94cdd25f3e2334dd4fee47a581;0x09388452fc1c1958eece7884ed161a666735d1ec;eoa;1027,669916;0;1027,669916;USDC
Sonic;0xa1627a0e1d0ebca9326d2219b84df0c600bed4b1;0xf6bc16b79c469b94cdd25f3e2334dd4fee47a581;0x09616650f991411556a0a75663dc866d648e1ef5;eoa;0;0;0;USDC
Sonic;0xa1627a0e1d0ebca9326d2219b84df0c600bed4b1;0xf6bc16b79c469b94cdd25f3e2334dd4fee47a581;0x09661aa31f8772e393ae3c7ade37b8a2f4e8db0f;eoa;476,636844;0;476,636844;USDC
Sonic;0xa1627a0e1d0ebca9326d2219b84df0c600bed4b1;0xf6bc16b79c469b94cdd25f3e2334dd4fee47a581;0x09fa38eba245bb68354b8950fa2fe71f02863393;eoa;0,000007;0;0,000007;USDC
Sonic;0xa1627a0e1d0ebca9326d2219b84df0c600bed4b1;0xf6bc16b79c469b94cdd25f3e2334dd4fee47a581;0x0bd7e05e55658571a7d75e38182314d9152339a0;eoa;0,000001;0;0,000001;USDC
Sonic;0xa1627a0e1d0ebca9326d2219b84df0c600bed4b1;0xf6bc16b79c469b94cdd25f3e2334dd4fee47a581;0x0d7720df68cfc04534d02c2669e51652b0e77791;eoa;0,000351;0;0,000351;USDC
Sonic;0xa1627a0e1d0ebca9326d2219b84df0c600bed4b1;0xf6bc16b79c469b94cdd25f3e2334dd4fee47a581;0x0e76fc601fb5a670e2a492196074b29da6b403c2;eoa;0;0;0;USDC
Sonic;0xa1627a0e1d0ebca9326d2219b84df0c600bed4b1;0xf6bc16b79c469b94cdd25f3e2334dd4fee47a581;0x0e8a00ae00a153a087bccd1b89efcc78209b3ab8;eoa;0,000457;0;0,000457;USDC
Sonic;0xa1627a0e1d0ebca9326d2219b84df0c600bed4b1;0xf6bc16b79c469b94cdd25f3e2334dd4fee47a581;0x0edd6eced51b0f0ee830d891ba230ac39ff6f5b3;contract_other;0,000004;0;0,000004;USDC
Sonic;0xa1627a0e1d0ebca9326d2219b84df0c600bed4b1;0xf6bc16b79c469b94cdd25f3e2334dd4fee47a581;0x0fc587968c33acda9a16c5fa6e66258ff8aa2f61;eoa;0,00003;0;0,00003;USDC
Sonic;0xa1627a0e1d0ebca9326d2219b84df0c600bed4b1;0xf6bc16b79c469b94cdd25f3e2334dd4fee47a581;0x10054d39aa173807d3f23427923e1b44f5dc3290;eoa;0;0;0;USDC
Sonic;0xa1627a0e1d0ebca9326d2219b84df0c600bed4b1;0xf6bc16b79c469b94cdd25f3e2334dd4fee47a581;0x11475691c2caa465e19f99c445abb31a4a64955c;eoa;237,637083;0;237,637083;USDC
Sonic;0xa1627a0e1d0ebca9326d2219b84df0c600bed4b1;0xf6bc16b79c469b94cdd25f3e2334dd4fee47a581;0x120623e790cc17e47848a2dce36df7a2346ba095;eoa;0,00001;0;0,00001;USDC
Sonic;0xa1627a0e1d0ebca9326d2219b84df0c600bed4b1;0xf6bc16b79c469b94cdd25f3e2334dd4fee47a581;0x1206e9bf28eae56b9144f8d74d3accb4f566b0b2;eoa;3937,856396;0;3937,856396;USDC
Sonic;0xa1627a0e1d0ebca9326d2219b84df0c600bed4b1;0xf6bc16b79c469b94cdd25f3e2334dd4fee47a581;0x136d4b342d415d5cf2fed3fb8af15d7d4efd4849;eoa;2,077161;0;2,077161;USDC
Sonic;0xa1627a0e1d0ebca9326d2219b84df0c600bed4b1;0xf6bc16b79c469b94cdd25f3e2334dd4fee47a581;0x168d73e52f8a0bc3d28d31c4c21a3b7781330cc4;eoa;0;0;0;USDC
Sonic;0xa1627a0e1d0ebca9326d2219b84df0c600bed4b1;0xf6bc16b79c469b94cdd25f3e2334dd4fee47a581;0x1721d47e29f3f1b0398b6889fb34c2b6981aa0c5;eoa;914,729799;0;914,729799;USDC
Sonic;0xa1627a0e1d0ebca9326d2219b84df0c600bed4b1;0xf6bc16b79c469b94cdd25f3e2334dd4fee47a581;0x18074ae62cee786ccd713aa12430338f08512b89;contract_other;0;0;0;USDC
Sonic;0xa1627a0e1d0ebca9326d2219b84df0c600bed4b1;0xf6bc16b79c469b94cdd25f3e2334dd4fee47a581;0x18668c448a12714b0422e71f63943f764c721faa;eoa;0,000009;0;0,000009;USDC
Sonic;0xa1627a0e1d0ebca9326d2219b84df0c600bed4b1;0xf6bc16b79c469b94cdd25f3e2334dd4fee47a581;0x1b35727072435bb97fbe8cc378eb6973c98faab3;Gnosis Safe;250,016197;0;-5523,581694;USDC
Sonic;0xa1627a0e1d0ebca9326d2219b84df0c600bed4b1;0xf6bc16b79c469b94cdd25f3e2334dd4fee47a581;0x1d3a7c45e1ada41ba23f071867c369d000ddc4eb;eoa;644,237334;0;644,237334;USDC
Sonic;0xa1627a0e1d0ebca9326d2219b84df0c600bed4b1;0xf6bc16b79c469b94cdd25f3e2334dd4fee47a581;0x1e4e112b8807b8883f537c91c17dafcce13946f6;eoa;0,338036;0;0,338036;USDC
Sonic;0xa1627a0e1d0ebca9326d2219b84df0c600bed4b1;0xf6bc16b79c469b94cdd25f3e2334dd4fee47a581;0x1ecdd9c3f1e6772112078ae155a3557e72600f3b;eoa;0;0;0;USDC
Sonic;0xa1627a0e1d0ebca9326d2219b84df0c600bed4b1;0xf6bc16b79c469b94cdd25f3e2334dd4fee47a581;0x1fbcc8e4b289389ea7beaaa101868da0bf6e233c;contract_other;0;0;0;USDC
Sonic;0xa1627a0e1d0ebca9326d2219b84df0c600bed4b1;0xf6bc16b79c469b94cdd25f3e2334dd4fee47a581;0x1fccc097db89a86bfc474a1028f93958295b1fb7;eoa;1,042802;0;1,042802;USDC
Sonic;0xa1627a0e1d0ebca9326d2219b84df0c600bed4b1;0xf6bc16b79c469b94cdd25f3e2334dd4fee47a581;0x20fb0ce14c11277b07849a184472a5ebd149eb54;eoa;975,622436;0;975,622436;USDC
Sonic;0xa1627a0e1d0ebca9326d2219b84df0c600bed4b1;0xf6bc16b79c469b94cdd25f3e2334dd4fee47a581;0x216244113869e6aabf706831fa079496db452901;eoa;3232,174789;0;3232,174789;USDC
Sonic;0xa1627a0e1d0ebca9326d2219b84df0c600bed4b1;0xf6bc16b79c469b94cdd25f3e2334dd4fee47a581;0x2165cc15c59527b05f70c9ab504f47bf8e7ac31d;eoa;0;0;-0,219092;USDC
Sonic;0xa1627a0e1d0ebca9326d2219b84df0c600bed4b1;0xf6bc16b79c469b94cdd25f3e2334dd4fee47a581;0x216be7c987b81a71bc0198b98752bb4a51be18ec;eoa;0,000003;0;0,000003;USDC
Sonic;0xa1627a0e1d0ebca9326d2219b84df0c600bed4b1;0xf6bc16b79c469b94cdd25f3e2334dd4fee47a581;0x21885e45d0773a2c48a8be32e6ca2cdb3e64cc26;eoa;16,91328;0;16,91328;USDC
Sonic;0xa1627a0e1d0ebca9326d2219b84df0c600bed4b1;0xf6bc16b79c469b94cdd25f3e2334dd4fee47a581;0x22138a0cff84952c018cbcbf5650149017d6b292;eoa;0;0;0;USDC
Sonic;0xa1627a0e1d0ebca9326d2219b84df0c600bed4b1;0xf6bc16b79c469b94cdd25f3e2334dd4fee47a581;0x22a8b7a9e1027e645a65e5559ce288c32c3e3d6a;eoa;0,000061;0;0,000061;USDC
Sonic;0xa1627a0e1d0ebca9326d2219b84df0c600bed4b1;0xf6bc16b79c469b94cdd25f3e2334dd4fee47a581;0x23cd671c5fb77251579ae915dc3581bf099338ee;eoa;0,037025;0;0,291155;USDC
Sonic;0xa1627a0e1d0ebca9326d2219b84df0c600bed4b1;0xf6bc16b79c469b94cdd25f3e2334dd4fee47a581;0x2493b7809f8ed73224a6867a8b82b7329fa598a7;Gnosis Safe;0,00203;0;0,00203;USDC
Sonic;0xa1627a0e1d0ebca9326d2219b84df0c600bed4b1;0xf6bc16b79c469b94cdd25f3e2334dd4fee47a581;0x256455b367f1dd4438aa53cdbfd40782a2ced64e;eoa;0,000002;0;0,000002;USDC
Sonic;0xa1627a0e1d0ebca9326d2219b84df0c600bed4b1;0xf6bc16b79c469b94cdd25f3e2334dd4fee47a581;0x26ae58f1b215e776539f465cf3aebbda877489f6;eoa;0;0;4337,077327;USDC
Sonic;0xa1627a0e1d0ebca9326d2219b84df0c600bed4b1;0xf6bc16b79c469b94cdd25f3e2334dd4fee47a581;0x26de647d5d28583395418e3718b72d55e95fa977;eoa;0,000029;0;0,000029;USDC
Sonic;0xa1627a0e1d0ebca9326d2219b84df0c600bed4b1;0xf6bc16b79c469b94cdd25f3e2334dd4fee47a581;0x27152c3135d83a0b5d0f6d0a2cdc1bf0bfab985c;eoa;41,620787;0;41,620787;USDC
Sonic;0xa1627a0e1d0ebca9326d2219b84df0c600bed4b1;0xf6bc16b79c469b94cdd25f3e2334dd4fee47a581;0x2920c5b42d53a99f28a9803dd38e35fd60f8f22a;eoa;0,037571;0;0,037571;USDC
Sonic;0xa1627a0e1d0ebca9326d2219b84df0c600bed4b1;0xf6bc16b79c469b94cdd25f3e2334dd4fee47a581;0x2aca189767cecf31087aafc0c50a59a7d83b6376;eoa;2,074529;0;0;USDC
Sonic;0xa1627a0e1d0ebca9326d2219b84df0c600bed4b1;0xf6bc16b79c469b94cdd25f3e2334dd4fee47a581;0x2be250612790d1df5ebfea46c2346654cd7a0afa;eoa;0;0;-8,273098;USDC
Sonic;0xa1627a0e1d0ebca9326d2219b84df0c600bed4b1;0xf6bc16b79c469b94cdd25f3e2334dd4fee47a581;0x2e1531c10054b22d2564e020dc3a95dcc0d940cc;eoa;170,280482;0;8901,533767;USDC
Sonic;0xa1627a0e1d0ebca9326d2219b84df0c600bed4b1;0xf6bc16b79c469b94cdd25f3e2334dd4fee47a581;0x2f50ffd44daca5f4b420d89b9f609d5bb30e4b53;eoa;0,0004;0;0,0004;USDC
Sonic;0xa1627a0e1d0ebca9326d2219b84df0c600bed4b1;0xf6bc16b79c469b94cdd25f3e2334dd4fee47a581;0x301a111d510702defb8498ba4a2d5c012bcc784c;eoa;8,373646;0;8,373646;USDC
Sonic;0xa1627a0e1d0ebca9326d2219b84df0c600bed4b1;0xf6bc16b79c469b94cdd25f3e2334dd4fee47a581;0x31929c035af08eec220a41d0668212b9cac371fe;eoa;25,690246;0;807,900707;USDC
Sonic;0xa1627a0e1d0ebca9326d2219b84df0c600bed4b1;0xf6bc16b79c469b94cdd25f3e2334dd4fee47a581;0x31c798ac8159568d44c7f0c8678bf6fdc4caf57c;eoa;0,320385;0;0,320385;USDC
Sonic;0xa1627a0e1d0ebca9326d2219b84df0c600bed4b1;0xf6bc16b79c469b94cdd25f3e2334dd4fee47a581;0x331708a21f88c6d6b412ec76e530972226bbf739;eoa;264470,320548;0;264470,320548;USDC
Sonic;0xa1627a0e1d0ebca9326d2219b84df0c600bed4b1;0xf6bc16b79c469b94cdd25f3e2334dd4fee47a581;0x34f6ea796d06870db4dd5775d9e665539bc6bba0;eoa;7306,427629;0;7306,427629;USDC
Sonic;0xa1627a0e1d0ebca9326d2219b84df0c600bed4b1;0xf6bc16b79c469b94cdd25f3e2334dd4fee47a581;0x3530bbfde08a331c1ed798630876b56d04df9bc1;eoa;0;0;0;USDC
Sonic;0xa1627a0e1d0ebca9326d2219b84df0c600bed4b1;0xf6bc16b79c469b94cdd25f3e2334dd4fee47a581;0x357ae2fea8aeac0f55dea43fe70ce15f4af06c64;eoa;0;0;0;USDC
Sonic;0xa1627a0e1d0ebca9326d2219b84df0c600bed4b1;0xf6bc16b79c469b94cdd25f3e2334dd4fee47a581;0x3662b00cf8b66fd4714da3cdae29ada652d75630;contract_other;0;0;0;USDC
Sonic;0xa1627a0e1d0ebca9326d2219b84df0c600bed4b1;0xf6bc16b79c469b94cdd25f3e2334dd4fee47a581;0x37558979b0b4f7941c57be476983c564c82be96b;eoa;0;0;0;USDC
Sonic;0xa1627a0e1d0ebca9326d2219b84df0c600bed4b1;0xf6bc16b79c469b94cdd25f3e2334dd4fee47a581;0x38aecf05ca8aff33ff472542f87065bfa7d04e9b;erc4626_unresolved;0,005259;0;0,005259;USDC
Sonic;0xa1627a0e1d0ebca9326d2219b84df0c600bed4b1;0xf6bc16b79c469b94cdd25f3e2334dd4fee47a581;0x39041f1b366fe33f9a5a79de5120f2aee2577ebc;eoa;0;0;0;USDC
Sonic;0xa1627a0e1d0ebca9326d2219b84df0c600bed4b1;0xf6bc16b79c469b94cdd25f3e2334dd4fee47a581;0x3a23f943181408eac424116af7b7790c94cb97a5;contract_other;0,000003;0;0,000003;USDC
Sonic;0xa1627a0e1d0ebca9326d2219b84df0c600bed4b1;0xf6bc16b79c469b94cdd25f3e2334dd4fee47a581;0x3a9dc0b33ab3b6e6ce1ead61909f59acd7682036;contract_other;91017,383387;0;26036,472403;USDC
Sonic;0xa1627a0e1d0ebca9326d2219b84df0c600bed4b1;0xf6bc16b79c469b94cdd25f3e2334dd4fee47a581;0x3b79035a5d6ccd565abbe24732c8c4843da78b26;contract_other;0,513342;0;0,513342;USDC
Sonic;0xa1627a0e1d0ebca9326d2219b84df0c600bed4b1;0xf6bc16b79c469b94cdd25f3e2334dd4fee47a581;0x3d72be763acf12e98c8972c0aba1335bf9455ed5;contract_other;37,733272;0;109,553824;USDC
Sonic;0xa1627a0e1d0ebca9326d2219b84df0c600bed4b1;0xf6bc16b79c469b94cdd25f3e2334dd4fee47a581;0x3e7d81b7b1fae155201d1a2a6f73b66c97dede76;eoa;505,387409;0;505,387409;USDC
Sonic;0xa1627a0e1d0ebca9326d2219b84df0c600bed4b1;0xf6bc16b79c469b94cdd25f3e2334dd4fee47a581;0x3eab64866128800247f82a2fa1bff3b5a44f15e3;eoa;0;0;0;USDC
Sonic;0xa1627a0e1d0ebca9326d2219b84df0c600bed4b1;0xf6bc16b79c469b94cdd25f3e2334dd4fee47a581;0x3edb7d5b494ccb9bb84d11ca25f320af2bb15f40;eoa;0;0;0;USDC
Sonic;0xa1627a0e1d0ebca9326d2219b84df0c600bed4b1;0xf6bc16b79c469b94cdd25f3e2334dd4fee47a581;0x415669455d93b755efe7f20ef6f1dbdce7f68f7d;erc4626_unresolved;0,000033;0;0,000033;USDC
Sonic;0xa1627a0e1d0ebca9326d2219b84df0c600bed4b1;0xf6bc16b79c469b94cdd25f3e2334dd4fee47a581;0x4319621855a68af66e6df811bbc38d3bc747d568;eoa;10,352576;0;10,352576;USDC
Sonic;0xa1627a0e1d0ebca9326d2219b84df0c600bed4b1;0xf6bc16b79c469b94cdd25f3e2334dd4fee47a581;0x43882a4049e26179942006baba5d41af70e05e9c;eoa;2619,743324;0;2619,743324;USDC
Sonic;0xa1627a0e1d0ebca9326d2219b84df0c600bed4b1;0xf6bc16b79c469b94cdd25f3e2334dd4fee47a581;0x4403b424ea406b9fbb8bf1169e8447f658cd776b;eoa;0,335876;0;0,335876;USDC
Sonic;0xa1627a0e1d0ebca9326d2219b84df0c600bed4b1;0xf6bc16b79c469b94cdd25f3e2334dd4fee47a581;0x48f15be32e417ef481fe4e6826dd90914408a1be;eoa;0;0;0;USDC
Sonic;0xa1627a0e1d0ebca9326d2219b84df0c600bed4b1;0xf6bc16b79c469b94cdd25f3e2334dd4fee47a581;0x4966c5e5c1f55e0f2cc06e14e148b67bc3be1dc3;eoa;10446,850943;0;10446,850943;USDC
Sonic;0xa1627a0e1d0ebca9326d2219b84df0c600bed4b1;0xf6bc16b79c469b94cdd25f3e2334dd4fee47a581;0x4b1a5f1f92c852dca40ab1aaa1b74e7bee7c0eef;eoa;3219,025078;0;3219,025078;USDC
Sonic;0xa1627a0e1d0ebca9326d2219b84df0c600bed4b1;0xf6bc16b79c469b94cdd25f3e2334dd4fee47a581;0x4e57e6eef6e19ea3fb24cb5e77430f3c6218ea7d;eoa;0;0;0;USDC
Sonic;0xa1627a0e1d0ebca9326d2219b84df0c600bed4b1;0xf6bc16b79c469b94cdd25f3e2334dd4fee47a581;0x4f82e73edb06d29ff62c91ec8f5ff06571bdeb29;eoa;3,194189;0;3,194189;USDC
Sonic;0xa1627a0e1d0ebca9326d2219b84df0c600bed4b1;0xf6bc16b79c469b94cdd25f3e2334dd4fee47a581;0x4f8efb4cc83a83e908029db0a4c782b651a3bb83;eoa;0,00325;0;0,00325;USDC
Sonic;0xa1627a0e1d0ebca9326d2219b84df0c600bed4b1;0xf6bc16b79c469b94cdd25f3e2334dd4fee47a581;0x51080797994171fb43be0a034e1aa8c2c3a73c66;eoa;103,804187;0;103,804187;USDC
Sonic;0xa1627a0e1d0ebca9326d2219b84df0c600bed4b1;0xf6bc16b79c469b94cdd25f3e2334dd4fee47a581;0x517466955bc3f9194df6028796ade8b8d6c36204;eoa;1368,275361;0;1368,275361;USDC
Sonic;0xa1627a0e1d0ebca9326d2219b84df0c600bed4b1;0xf6bc16b79c469b94cdd25f3e2334dd4fee47a581;0x51f9fae0199f65445c9c3d2429c1a5672ce5b226;eoa;0,000001;0;0,000001;USDC
Sonic;0xa1627a0e1d0ebca9326d2219b84df0c600bed4b1;0xf6bc16b79c469b94cdd25f3e2334dd4fee47a581;0x58663acb260eaa3c2c9813609fcd873db63aca23;contract_other;0,105257;0;0,105257;USDC
Sonic;0xa1627a0e1d0ebca9326d2219b84df0c600bed4b1;0xf6bc16b79c469b94cdd25f3e2334dd4fee47a581;0x5955ccaefff5304915eaf99d5c5312e15c1bf667;contract_other;0;0;0;USDC
Sonic;0xa1627a0e1d0ebca9326d2219b84df0c600bed4b1;0xf6bc16b79c469b94cdd25f3e2334dd4fee47a581;0x599b29809bc7c401a19c09a3f90daa2ede14bba0;eoa;1,152306;0;1,152306;USDC
Sonic;0xa1627a0e1d0ebca9326d2219b84df0c600bed4b1;0xf6bc16b79c469b94cdd25f3e2334dd4fee47a581;0x59fe42af041a240ecc7fd2d6e72b3ad6c08711c0;eoa;0,000001;0;0,000001;USDC
Sonic;0xa1627a0e1d0ebca9326d2219b84df0c600bed4b1;0xf6bc16b79c469b94cdd25f3e2334dd4fee47a581;0x5a4fe7459620692b4b2f67e6eb8828006a5d2de6;eoa;0;0;0;USDC
Sonic;0xa1627a0e1d0ebca9326d2219b84df0c600bed4b1;0xf6bc16b79c469b94cdd25f3e2334dd4fee47a581;0x5a8f0e61b503d958d0c9996268b373555295402d;eoa;5,151634;0;5,151634;USDC
Sonic;0xa1627a0e1d0ebca9326d2219b84df0c600bed4b1;0xf6bc16b79c469b94cdd25f3e2334dd4fee47a581;0x5be66f4095f89bd18abe4ae9d2acd5021ec433bc;eoa;0;0;0;USDC
Sonic;0xa1627a0e1d0ebca9326d2219b84df0c600bed4b1;0xf6bc16b79c469b94cdd25f3e2334dd4fee47a581;0x5e2ac326365bebb490e5fdccde3b0dab35e2abe1;eoa;0;0;0;USDC
Sonic;0xa1627a0e1d0ebca9326d2219b84df0c600bed4b1;0xf6bc16b79c469b94cdd25f3e2334dd4fee47a581;0x5f83f5950e2389d2f4c5cf32c7e3df39447dc60e;eoa;0,000001;0;0,000001;USDC
Sonic;0xa1627a0e1d0ebca9326d2219b84df0c600bed4b1;0xf6bc16b79c469b94cdd25f3e2334dd4fee47a581;0x63242a4ea82847b20e506b63b0e2e2eff0cc6cb0;contract_other;0;0;0;USDC
Sonic;0xa1627a0e1d0ebca9326d2219b84df0c600bed4b1;0xf6bc16b79c469b94cdd25f3e2334dd4fee47a581;0x6446092a04e7f7bcda5a3440455079343afc2937;eoa;0,000005;0;0,000005;USDC
Sonic;0xa1627a0e1d0ebca9326d2219b84df0c600bed4b1;0xf6bc16b79c469b94cdd25f3e2334dd4fee47a581;0x6456d7fb53ff0272cb612be5c57fe4fec32a1012;eoa;0;0;0;USDC
Sonic;0xa1627a0e1d0ebca9326d2219b84df0c600bed4b1;0xf6bc16b79c469b94cdd25f3e2334dd4fee47a581;0x651556576d92f62f5d0d2a0b91d7ccfd0d923498;eoa;0;0;0;USDC
Sonic;0xa1627a0e1d0ebca9326d2219b84df0c600bed4b1;0xf6bc16b79c469b94cdd25f3e2334dd4fee47a581;0x663e56f5bf16872ac842ab4e24830eec22de7305;eoa;9741,016167;0;9741,016167;USDC
Sonic;0xa1627a0e1d0ebca9326d2219b84df0c600bed4b1;0xf6bc16b79c469b94cdd25f3e2334dd4fee47a581;0x664fe2accb8096bd612639eb1e05a81121a9ea9a;eoa;0;0;3132,005414;USDC
Sonic;0xa1627a0e1d0ebca9326d2219b84df0c600bed4b1;0xf6bc16b79c469b94cdd25f3e2334dd4fee47a581;0x66e359ec96093235f41c9bb4dca96a8fed872402;eoa;2413,976814;0;2413,976814;USDC
Sonic;0xa1627a0e1d0ebca9326d2219b84df0c600bed4b1;0xf6bc16b79c469b94cdd25f3e2334dd4fee47a581;0x6967c1bbacce1eb79f92db11b28169c6bb635ed6;eoa;0;0;0;USDC
Sonic;0xa1627a0e1d0ebca9326d2219b84df0c600bed4b1;0xf6bc16b79c469b94cdd25f3e2334dd4fee47a581;0x69b235c1c3f16f828b2394193a7abea79ee40c07;eoa;0,000003;0;0,000003;USDC
Sonic;0xa1627a0e1d0ebca9326d2219b84df0c600bed4b1;0xf6bc16b79c469b94cdd25f3e2334dd4fee47a581;0x69e3c891450161b7bf27f181ee85e7bae69e5b07;contract_other;0;0;0;USDC
Sonic;0xa1627a0e1d0ebca9326d2219b84df0c600bed4b1;0xf6bc16b79c469b94cdd25f3e2334dd4fee47a581;0x6bfe1830046d92877bb11229cede23e8590dc2c4;contract_other;0;0;0;USDC
Sonic;0xa1627a0e1d0ebca9326d2219b84df0c600bed4b1;0xf6bc16b79c469b94cdd25f3e2334dd4fee47a581;0x6c0bec2c64fee581d1f31d33d329f21a5223c378;eoa;0,000001;0;0,000001;USDC
Sonic;0xa1627a0e1d0ebca9326d2219b84df0c600bed4b1;0xf6bc16b79c469b94cdd25f3e2334dd4fee47a581;0x6e4141d33021b52c91c28608403db4a0ffb50ec6;contract_other;0;0;0;USDC
Sonic;0xa1627a0e1d0ebca9326d2219b84df0c600bed4b1;0xf6bc16b79c469b94cdd25f3e2334dd4fee47a581;0x700fc8a184ae0cfca9044065d1cb13d3e32d018c;contract_other;0,005839;0;0,005839;USDC
Sonic;0xa1627a0e1d0ebca9326d2219b84df0c600bed4b1;0xf6bc16b79c469b94cdd25f3e2334dd4fee47a581;0x70c2829361a83b7a0e38cb51db4015c32f44d890;contract_other;0,000017;0;0,000017;USDC
Sonic;0xa1627a0e1d0ebca9326d2219b84df0c600bed4b1;0xf6bc16b79c469b94cdd25f3e2334dd4fee47a581;0x72718b587bb239d5c8ce1278412768c414e44113;eoa;0,000001;0;0,000001;USDC
Sonic;0xa1627a0e1d0ebca9326d2219b84df0c600bed4b1;0xf6bc16b79c469b94cdd25f3e2334dd4fee47a581;0x75389aa0446f098a529ac07c1af4682292a3132b;eoa;1,046143;0;1,046143;USDC
Sonic;0xa1627a0e1d0ebca9326d2219b84df0c600bed4b1;0xf6bc16b79c469b94cdd25f3e2334dd4fee47a581;0x753d8879c517caf75806c6987ab6a1700832bfb0;eoa;19483,820004;0;19483,820004;USDC
Sonic;0xa1627a0e1d0ebca9326d2219b84df0c600bed4b1;0xf6bc16b79c469b94cdd25f3e2334dd4fee47a581;0x775730162b4afc9528b86d09e76c56de2c17c320;contract_other;6287,1333;0;0,000028;USDC
Sonic;0xa1627a0e1d0ebca9326d2219b84df0c600bed4b1;0xf6bc16b79c469b94cdd25f3e2334dd4fee47a581;0x783b642755e3afc2dcb5ad96fb1271e01c6ce4a9;silo_vault;0,000054;0;0,000054;USDC
Sonic;0xa1627a0e1d0ebca9326d2219b84df0c600bed4b1;0xf6bc16b79c469b94cdd25f3e2334dd4fee47a581;0x7b8e047dfa4b27314c6a7ea5067e356f38666089;eoa;948,795456;0;948,795456;USDC
Sonic;0xa1627a0e1d0ebca9326d2219b84df0c600bed4b1;0xf6bc16b79c469b94cdd25f3e2334dd4fee47a581;0x7c21aaccd7b0cd749a06352ecce515e64e6a39fd;eoa;20100,831439;0;20100,464161;USDC
Sonic;0xa1627a0e1d0ebca9326d2219b84df0c600bed4b1;0xf6bc16b79c469b94cdd25f3e2334dd4fee47a581;0x7dff272fc395dec4a0963bf48c13a840002788ee;contract_other;0;0;0;USDC
Sonic;0xa1627a0e1d0ebca9326d2219b84df0c600bed4b1;0xf6bc16b79c469b94cdd25f3e2334dd4fee47a581;0x81e14e07493bd2a3ad29bb7dab1f26de9c98151b;eoa;401,68362;0;0;USDC
Sonic;0xa1627a0e1d0ebca9326d2219b84df0c600bed4b1;0xf6bc16b79c469b94cdd25f3e2334dd4fee47a581;0x8325aff2ccc014468cdf20f2538d8534db7a100f;eoa;2584,486233;0;2584,486233;USDC
Sonic;0xa1627a0e1d0ebca9326d2219b84df0c600bed4b1;0xf6bc16b79c469b94cdd25f3e2334dd4fee47a581;0x88c1fa0806970af949d4d555aeb8397e88fed23e;eoa;1,322321;0;1,322321;USDC
Sonic;0xa1627a0e1d0ebca9326d2219b84df0c600bed4b1;0xf6bc16b79c469b94cdd25f3e2334dd4fee47a581;0x8b1fb4937bab5d02248a0825bf2564863237b00f;eoa;0,000019;0;0,000019;USDC
Sonic;0xa1627a0e1d0ebca9326d2219b84df0c600bed4b1;0xf6bc16b79c469b94cdd25f3e2334dd4fee47a581;0x8b6b44804451c26e62a70420deb03b82be6d0396;contract_other;0;0;0;USDC
Sonic;0xa1627a0e1d0ebca9326d2219b84df0c600bed4b1;0xf6bc16b79c469b94cdd25f3e2334dd4fee47a581;0x8d478398fe9db84ea78b7e9476cdaf2410c5e853;eoa;0;0;0;USDC
Sonic;0xa1627a0e1d0ebca9326d2219b84df0c600bed4b1;0xf6bc16b79c469b94cdd25f3e2334dd4fee47a581;0x8e9a87e2ec35bafafb8a93d81b589eca92577054;eoa;0;0;0;USDC
Sonic;0xa1627a0e1d0ebca9326d2219b84df0c600bed4b1;0xf6bc16b79c469b94cdd25f3e2334dd4fee47a581;0x8f14f3a923761a5983ccbb5e306e4ce1ebc7fba1;eoa;5,92201;0;5,92201;USDC
Sonic;0xa1627a0e1d0ebca9326d2219b84df0c600bed4b1;0xf6bc16b79c469b94cdd25f3e2334dd4fee47a581;0x8fe83dab1d17185f091569b440b9e3c7ead1453d;eoa;0,000023;0;0,000023;USDC
Sonic;0xa1627a0e1d0ebca9326d2219b84df0c600bed4b1;0xf6bc16b79c469b94cdd25f3e2334dd4fee47a581;0x917f717f521403b1d127dc12fbcecb8d26d0ec60;eoa;300,142216;0;300,142216;USDC
Sonic;0xa1627a0e1d0ebca9326d2219b84df0c600bed4b1;0xf6bc16b79c469b94cdd25f3e2334dd4fee47a581;0x922164bbbd36acf9e854acbbf32facc949fcaeef;eoa;0,128682;0;0,128682;USDC
Sonic;0xa1627a0e1d0ebca9326d2219b84df0c600bed4b1;0xf6bc16b79c469b94cdd25f3e2334dd4fee47a581;0x952002e1f0cc3057bd09524cc02b4b919e266b9a;contract_other;29,266816;0;29,266816;USDC
Sonic;0xa1627a0e1d0ebca9326d2219b84df0c600bed4b1;0xf6bc16b79c469b94cdd25f3e2334dd4fee47a581;0x96099781e0dab8d934c4f2b5bd696c3bb5583fa4;Gnosis Safe;1034,172099;0;1034,172099;USDC
Sonic;0xa1627a0e1d0ebca9326d2219b84df0c600bed4b1;0xf6bc16b79c469b94cdd25f3e2334dd4fee47a581;0x96d77bac5749ea39263bd9bd1b400b3f9d8c91b6;eoa;0;0;0;USDC
Sonic;0xa1627a0e1d0ebca9326d2219b84df0c600bed4b1;0xf6bc16b79c469b94cdd25f3e2334dd4fee47a581;0x97793872ae3b17b4c67d671fdcde3c74b3955df4;eoa;398,807215;0;398,807215;USDC
Sonic;0xa1627a0e1d0ebca9326d2219b84df0c600bed4b1;0xf6bc16b79c469b94cdd25f3e2334dd4fee47a581;0x9a669097cdf69c79d10968d0accf913fa0a4a8c1;eoa;0;0;0;USDC
Sonic;0xa1627a0e1d0ebca9326d2219b84df0c600bed4b1;0xf6bc16b79c469b94cdd25f3e2334dd4fee47a581;0x9b350b26b82f3c088e1c0c345a904ee5eb655e15;contract_other;0,000001;0;0,000005;USDC
Sonic;0xa1627a0e1d0ebca9326d2219b84df0c600bed4b1;0xf6bc16b79c469b94cdd25f3e2334dd4fee47a581;0x9c0f95ac51f8a560ef8fa4b66d76cdc8d76c6b26;eoa;6175,089152;0;6175,089152;USDC
Sonic;0xa1627a0e1d0ebca9326d2219b84df0c600bed4b1;0xf6bc16b79c469b94cdd25f3e2334dd4fee47a581;0x9d0c89938f6dbf56277eae570b7d94519581b906;eoa;18,846858;0;18,846858;USDC
Sonic;0xa1627a0e1d0ebca9326d2219b84df0c600bed4b1;0xf6bc16b79c469b94cdd25f3e2334dd4fee47a581;0x9d9c5a0901fc8d6371037cce55b60c0af4e5ad35;eoa;0,00001;0;0,00001;USDC
Sonic;0xa1627a0e1d0ebca9326d2219b84df0c600bed4b1;0xf6bc16b79c469b94cdd25f3e2334dd4fee47a581;0xa09bc385421f18d5d5072924f9d3709bb2b76281;contract_other;50,420605;0;53,394047;USDC
Sonic;0xa1627a0e1d0ebca9326d2219b84df0c600bed4b1;0xf6bc16b79c469b94cdd25f3e2334dd4fee47a581;0xa0f5c7bc86f66ce75e42e8c9bb43e0d6c9225a4e;contract_other;56,948523;0;0;USDC
Sonic;0xa1627a0e1d0ebca9326d2219b84df0c600bed4b1;0xf6bc16b79c469b94cdd25f3e2334dd4fee47a581;0xa0f642c42ebf0c7a71e6c49a72688c089330c709;eoa;0,000002;0;0,000002;USDC
Sonic;0xa1627a0e1d0ebca9326d2219b84df0c600bed4b1;0xf6bc16b79c469b94cdd25f3e2334dd4fee47a581;0xa1546b13826bc90f0a3316b4dd608c72d4fd0dbf;contract_other;0;0;0;USDC
Sonic;0xa1627a0e1d0ebca9326d2219b84df0c600bed4b1;0xf6bc16b79c469b94cdd25f3e2334dd4fee47a581;0xa26d789a2773e024c1bc3f95e7c6fc2794a6aa4a;eoa;153,140606;0;-0,000001;USDC
Sonic;0xa1627a0e1d0ebca9326d2219b84df0c600bed4b1;0xf6bc16b79c469b94cdd25f3e2334dd4fee47a581;0xa41a6869dd74f30fa01e7e98bc058e261403e559;Gnosis Safe;10,473636;0;0;USDC
Sonic;0xa1627a0e1d0ebca9326d2219b84df0c600bed4b1;0xf6bc16b79c469b94cdd25f3e2334dd4fee47a581;0xa6ca824a073f22bdf4841312e69c08f6325925c1;eoa;0;0;167,203569;USDC
Sonic;0xa1627a0e1d0ebca9326d2219b84df0c600bed4b1;0xf6bc16b79c469b94cdd25f3e2334dd4fee47a581;0xa731c23d7c95436baaae9d52782f966e1ed07cc8;contract_other;2,973443;0;0,000001;USDC
Sonic;0xa1627a0e1d0ebca9326d2219b84df0c600bed4b1;0xf6bc16b79c469b94cdd25f3e2334dd4fee47a581;0xa9e9e0414d52658515eb9db6dcdc6055396a031a;eoa;0;0;0;USDC
Sonic;0xa1627a0e1d0ebca9326d2219b84df0c600bed4b1;0xf6bc16b79c469b94cdd25f3e2334dd4fee47a581;0xaad23a77205429720b50972c2d74f9cc8b757e25;eoa;0,000676;0;0,000676;USDC
Sonic;0xa1627a0e1d0ebca9326d2219b84df0c600bed4b1;0xf6bc16b79c469b94cdd25f3e2334dd4fee47a581;0xab9cde6b97fc31278fe1e496bcc96c157692c17f;eoa;0;0;0;USDC
Sonic;0xa1627a0e1d0ebca9326d2219b84df0c600bed4b1;0xf6bc16b79c469b94cdd25f3e2334dd4fee47a581;0xac041df48df9791b0654f1dbbf2cc8450c5f2e9d;contract_other;0,063882;0;0,063882;USDC
Sonic;0xa1627a0e1d0ebca9326d2219b84df0c600bed4b1;0xf6bc16b79c469b94cdd25f3e2334dd4fee47a581;0xb0fec2b1087dbe3c269f5997bfbbc431c3715157;contract_other;0,355305;0;0,355305;USDC
Sonic;0xa1627a0e1d0ebca9326d2219b84df0c600bed4b1;0xf6bc16b79c469b94cdd25f3e2334dd4fee47a581;0xb3380c108fb6a494f0a60ea0b7aefaa0d3c703a9;eoa;1155,605637;0;1155,605637;USDC
Sonic;0xa1627a0e1d0ebca9326d2219b84df0c600bed4b1;0xf6bc16b79c469b94cdd25f3e2334dd4fee47a581;0xb539bdcbabd7ab95fd1fad26a3abc7d467d77777;eoa;0,02351;0;0,02351;USDC
Sonic;0xa1627a0e1d0ebca9326d2219b84df0c600bed4b1;0xf6bc16b79c469b94cdd25f3e2334dd4fee47a581;0xb53a09f0754edb45abdba52d6cf538589ecabee4;erc4626_unresolved;0,538738;0;0,538738;USDC
Sonic;0xa1627a0e1d0ebca9326d2219b84df0c600bed4b1;0xf6bc16b79c469b94cdd25f3e2334dd4fee47a581;0xb5e6b895734409df411a052195eb4ee7e40d8696;eoa;1,45441;0;1,45441;USDC
Sonic;0xa1627a0e1d0ebca9326d2219b84df0c600bed4b1;0xf6bc16b79c469b94cdd25f3e2334dd4fee47a581;0xb5ecb41eb1f96b183619b43911eb4236cd1a7117;eoa;0;0;0;USDC
Sonic;0xa1627a0e1d0ebca9326d2219b84df0c600bed4b1;0xf6bc16b79c469b94cdd25f3e2334dd4fee47a581;0xb854742a0d9aa0754765a834f0eafe6d67fe2d90;eoa;23,259283;0;52,261904;USDC
Sonic;0xa1627a0e1d0ebca9326d2219b84df0c600bed4b1;0xf6bc16b79c469b94cdd25f3e2334dd4fee47a581;0xb943e779c11321230ab0df59dea32b9e2e2a5da3;eoa;0;0;0;USDC
Sonic;0xa1627a0e1d0ebca9326d2219b84df0c600bed4b1;0xf6bc16b79c469b94cdd25f3e2334dd4fee47a581;0xb95d4785bb6db6653903f5c4c23fa6feb4cb8b4f;eoa;2072,817452;0;2072,817452;USDC
Sonic;0xa1627a0e1d0ebca9326d2219b84df0c600bed4b1;0xf6bc16b79c469b94cdd25f3e2334dd4fee47a581;0xb9954e78109112f93ca11860f13f4487f1909ef8;eoa;0,000001;0;0,000001;USDC
Sonic;0xa1627a0e1d0ebca9326d2219b84df0c600bed4b1;0xf6bc16b79c469b94cdd25f3e2334dd4fee47a581;0xba1333333333a1ba1108e8412f11850a5c319ba9;contract_other;24173,897259;0;17,346256;USDC
Sonic;0xa1627a0e1d0ebca9326d2219b84df0c600bed4b1;0xf6bc16b79c469b94cdd25f3e2334dd4fee47a581;0xba645c54688462878d00214a3dc500b048d01f80;eoa;1054,322236;0;1054,322236;USDC
Sonic;0xa1627a0e1d0ebca9326d2219b84df0c600bed4b1;0xf6bc16b79c469b94cdd25f3e2334dd4fee47a581;0xbfc293b9078a899b595726798149f01735165e36;eoa;283,556082;0;283,556082;USDC
Sonic;0xa1627a0e1d0ebca9326d2219b84df0c600bed4b1;0xf6bc16b79c469b94cdd25f3e2334dd4fee47a581;0xbfca6a375a344b6d3dd514e74f343868849b9e99;eoa;4,048704;0;206,149185;USDC
Sonic;0xa1627a0e1d0ebca9326d2219b84df0c600bed4b1;0xf6bc16b79c469b94cdd25f3e2334dd4fee47a581;0xc02d68b1287534d8d12a9be01a5b4ef5a1771ba3;eoa;30,729161;0;32,196278;USDC
Sonic;0xa1627a0e1d0ebca9326d2219b84df0c600bed4b1;0xf6bc16b79c469b94cdd25f3e2334dd4fee47a581;0xc36d7dd864b1705db69a06bb50610497f78faf23;contract_other;0,105049;0;0,105049;USDC
Sonic;0xa1627a0e1d0ebca9326d2219b84df0c600bed4b1;0xf6bc16b79c469b94cdd25f3e2334dd4fee47a581;0xc3ce22bcbe87bf7bd0976b370065027e869cfbfd;eoa;10332,479604;0;10332,479604;USDC
Sonic;0xa1627a0e1d0ebca9326d2219b84df0c600bed4b1;0xf6bc16b79c469b94cdd25f3e2334dd4fee47a581;0xc5042f9d9a18e95547864438455c8f05b4987399;eoa;0,00732;0;0,00732;USDC
Sonic;0xa1627a0e1d0ebca9326d2219b84df0c600bed4b1;0xf6bc16b79c469b94cdd25f3e2334dd4fee47a581;0xc683299fe876b1d80092979691f380bf948f4ba6;eoa;0,000001;0;0,000001;USDC
Sonic;0xa1627a0e1d0ebca9326d2219b84df0c600bed4b1;0xf6bc16b79c469b94cdd25f3e2334dd4fee47a581;0xc82e26f38df2c3ab2eb6a9af92744cba413257c9;eoa;0;0;0;USDC
Sonic;0xa1627a0e1d0ebca9326d2219b84df0c600bed4b1;0xf6bc16b79c469b94cdd25f3e2334dd4fee47a581;0xc9715ef92824eddae905409bd97a3dad529fe1b9;eoa;206,919399;0;206,919399;USDC
Sonic;0xa1627a0e1d0ebca9326d2219b84df0c600bed4b1;0xf6bc16b79c469b94cdd25f3e2334dd4fee47a581;0xc9b7f062a8fd06ca0af3055a82692d6d55f64232;eoa;0;0;0;USDC
Sonic;0xa1627a0e1d0ebca9326d2219b84df0c600bed4b1;0xf6bc16b79c469b94cdd25f3e2334dd4fee47a581;0xcb397b4e2612ee99a1591cb40db3c837bc1b2c35;eoa;39818,736176;0;40742,239717;USDC
Sonic;0xa1627a0e1d0ebca9326d2219b84df0c600bed4b1;0xf6bc16b79c469b94cdd25f3e2334dd4fee47a581;0xce57c04483ea2ff43bb4a8412cd9350cf2c169bd;eoa;0,218573;0;0,218573;USDC
Sonic;0xa1627a0e1d0ebca9326d2219b84df0c600bed4b1;0xf6bc16b79c469b94cdd25f3e2334dd4fee47a581;0xd0e1d313661a45366feb20442031db7e22eb86a5;eoa;115,238923;0;115,238923;USDC
Sonic;0xa1627a0e1d0ebca9326d2219b84df0c600bed4b1;0xf6bc16b79c469b94cdd25f3e2334dd4fee47a581;0xd1c47a324e0bd04d7420896bf10f7966335295f7;eoa;2521,298084;0;2521,298084;USDC
Sonic;0xa1627a0e1d0ebca9326d2219b84df0c600bed4b1;0xf6bc16b79c469b94cdd25f3e2334dd4fee47a581;0xd39b2a01d4dca42f32ff52244a1b28811e40045f;eoa;0,023419;0;0,023419;USDC
Sonic;0xa1627a0e1d0ebca9326d2219b84df0c600bed4b1;0xf6bc16b79c469b94cdd25f3e2334dd4fee47a581;0xd3a1c86410c0600e358894451da1009b534b43b9;eoa;1,042989;0;1,042989;USDC
Sonic;0xa1627a0e1d0ebca9326d2219b84df0c600bed4b1;0xf6bc16b79c469b94cdd25f3e2334dd4fee47a581;0xd855459bbeecd8e19346122f2b3519695b048249;eoa;0;0;393,713936;USDC
Sonic;0xa1627a0e1d0ebca9326d2219b84df0c600bed4b1;0xf6bc16b79c469b94cdd25f3e2334dd4fee47a581;0xda17792426279c05738811726c76bb025715dd5f;eoa;0,838517;0;2,434526;USDC
Sonic;0xa1627a0e1d0ebca9326d2219b84df0c600bed4b1;0xf6bc16b79c469b94cdd25f3e2334dd4fee47a581;0xdc7c5b169e17aef7dbc51e0a19eb9223a96b0193;eoa;2093,517375;0;2093,517375;USDC
Sonic;0xa1627a0e1d0ebca9326d2219b84df0c600bed4b1;0xf6bc16b79c469b94cdd25f3e2334dd4fee47a581;0xdd66522e580d95517205f1f74791a7132e2873df;eoa;0,000001;0;0,000001;USDC
Sonic;0xa1627a0e1d0ebca9326d2219b84df0c600bed4b1;0xf6bc16b79c469b94cdd25f3e2334dd4fee47a581;0xde3a1f3d46c5f5ea434cf9cbc6242423d5c55e6a;Gnosis Safe;10,574007;0;10,574007;USDC
Sonic;0xa1627a0e1d0ebca9326d2219b84df0c600bed4b1;0xf6bc16b79c469b94cdd25f3e2334dd4fee47a581;0xde6d22b7b9ff1b05ad580e073bfc6fcc00ceb561;eoa;0;0;0;USDC
Sonic;0xa1627a0e1d0ebca9326d2219b84df0c600bed4b1;0xf6bc16b79c469b94cdd25f3e2334dd4fee47a581;0xdedcf5806c4968c6397eee97e68047bda339d0c1;eoa;1,018278;0;1,018278;USDC
Sonic;0xa1627a0e1d0ebca9326d2219b84df0c600bed4b1;0xf6bc16b79c469b94cdd25f3e2334dd4fee47a581;0xdee9034869f929e21272ffdd0d1500994b23672e;eoa;16,848511;0;-0,000003;USDC
Sonic;0xa1627a0e1d0ebca9326d2219b84df0c600bed4b1;0xf6bc16b79c469b94cdd25f3e2334dd4fee47a581;0xdf67d976307886ec39573eb979b1af790aea6787;eoa;1,051781;0;1,051781;USDC
Sonic;0xa1627a0e1d0ebca9326d2219b84df0c600bed4b1;0xf6bc16b79c469b94cdd25f3e2334dd4fee47a581;0xe23afa66d48755b82f4e3b3d762803ed38af6d02;eoa;435,055542;0;435,055542;USDC
Sonic;0xa1627a0e1d0ebca9326d2219b84df0c600bed4b1;0xf6bc16b79c469b94cdd25f3e2334dd4fee47a581;0xe25e95f75432a79d31256cc3026e24aaa5540882;contract_other;0,005126;0;0,005126;USDC
Sonic;0xa1627a0e1d0ebca9326d2219b84df0c600bed4b1;0xf6bc16b79c469b94cdd25f3e2334dd4fee47a581;0xe2cbb3353013fb8dcf7098ed925a9c442a674080;eoa;103,469655;0;103,469655;USDC
Sonic;0xa1627a0e1d0ebca9326d2219b84df0c600bed4b1;0xf6bc16b79c469b94cdd25f3e2334dd4fee47a581;0xe482f04253e7b45fb69064e99dcf36a723c27d1f;eoa;0,000006;0;0,000006;USDC
Sonic;0xa1627a0e1d0ebca9326d2219b84df0c600bed4b1;0xf6bc16b79c469b94cdd25f3e2334dd4fee47a581;0xe5817a6832a649d97aa8d1c87ed0499112b03d13;eoa;1,01777;0;1,01777;USDC
Sonic;0xa1627a0e1d0ebca9326d2219b84df0c600bed4b1;0xf6bc16b79c469b94cdd25f3e2334dd4fee47a581;0xe818c7b2b5739482f5d1bb044408d640a9fdabb3;eoa;346,169414;0;346,169414;USDC
Sonic;0xa1627a0e1d0ebca9326d2219b84df0c600bed4b1;0xf6bc16b79c469b94cdd25f3e2334dd4fee47a581;0xe8b8f2467d096740f9f71a3a98b3e424fbc98531;Gnosis Safe;0,090884;0;0,092674;USDC
Sonic;0xa1627a0e1d0ebca9326d2219b84df0c600bed4b1;0xf6bc16b79c469b94cdd25f3e2334dd4fee47a581;0xea869669210a69b035b382e0f2a498b87dc6a45c;eoa;0,000001;0;0,000001;USDC
Sonic;0xa1627a0e1d0ebca9326d2219b84df0c600bed4b1;0xf6bc16b79c469b94cdd25f3e2334dd4fee47a581;0xeda49bce2f38d284f839be1f4f2e23e6c7cc7dbd;eoa;0,066252;0;0;USDC
Sonic;0xa1627a0e1d0ebca9326d2219b84df0c600bed4b1;0xf6bc16b79c469b94cdd25f3e2334dd4fee47a581;0xee25a745cea4e061c7a163396e79ae90ba804040;eoa;0,002047;0;0,002047;USDC
Sonic;0xa1627a0e1d0ebca9326d2219b84df0c600bed4b1;0xf6bc16b79c469b94cdd25f3e2334dd4fee47a581;0xefb37bd3a9ed2f768bf6f79d0379fe7f9be50f49;erc4626_unresolved;0;0;0;USDC
Sonic;0xa1627a0e1d0ebca9326d2219b84df0c600bed4b1;0xf6bc16b79c469b94cdd25f3e2334dd4fee47a581;0xf09bef01836dabbcb8075b42fc9bb172d7d1141e;eoa;0,000001;0;0,000001;USDC
Sonic;0xa1627a0e1d0ebca9326d2219b84df0c600bed4b1;0xf6bc16b79c469b94cdd25f3e2334dd4fee47a581;0xf177414566d855fdc106f73815cdbece6379c1d0;eoa;1,624752;0;1,624752;USDC
Sonic;0xa1627a0e1d0ebca9326d2219b84df0c600bed4b1;0xf6bc16b79c469b94cdd25f3e2334dd4fee47a581;0xf3b8d66a259e3f2adfdf51913b553ae4d4215e06;eoa;0,000004;0;0,000004;USDC
Sonic;0xa1627a0e1d0ebca9326d2219b84df0c600bed4b1;0xf6bc16b79c469b94cdd25f3e2334dd4fee47a581;0xf4a3adf696838d8f8035cdb4fcfa9403e3a16863;eoa;0,000001;0;0,000001;USDC
Sonic;0xa1627a0e1d0ebca9326d2219b84df0c600bed4b1;0xf6bc16b79c469b94cdd25f3e2334dd4fee47a581;0xf7b68b15c52d4ee5380f6dc8c5281fe10c9c410d;eoa;195,592619;0;193,695256;USDC
Sonic;0xa1627a0e1d0ebca9326d2219b84df0c600bed4b1;0xf6bc16b79c469b94cdd25f3e2334dd4fee47a581;0xf88c303d383ac9053841531fb64720cf92a8d8d6;eoa;10,439227;0;0,000005;USDC
Sonic;0xa1627a0e1d0ebca9326d2219b84df0c600bed4b1;0xf6bc16b79c469b94cdd25f3e2334dd4fee47a581;0xf93a5f0a4925eec32cd585641c88a498523f383c;eoa;0;0;0;USDC
Sonic;0xa1627a0e1d0ebca9326d2219b84df0c600bed4b1;0xf6bc16b79c469b94cdd25f3e2334dd4fee47a581;0xf9a5a730a684eb6f32189a991efb79573042b8f2;eoa;0;0;0;USDC
Sonic;0xa1627a0e1d0ebca9326d2219b84df0c600bed4b1;0xf6bc16b79c469b94cdd25f3e2334dd4fee47a581;0xfbe713879a1de3338752f2d9689b33b930ee579c;eoa;3770,260295;0;3770,260295;USDC
Sonic;0xa1627a0e1d0ebca9326d2219b84df0c600bed4b1;0xf6bc16b79c469b94cdd25f3e2334dd4fee47a581;0xfbef07ac09f48a8fa43fa86919fa7eec6c853539;eoa;0;0;0;USDC
Sonic;0xa1627a0e1d0ebca9326d2219b84df0c600bed4b1;0xf6bc16b79c469b94cdd25f3e2334dd4fee47a581;0xfcf995e9b204d71287bc9d7e511bec7794c52458;eoa;0;0;0;USDC
Sonic;0xa1627a0e1d0ebca9326d2219b84df0c600bed4b1;0xf6bc16b79c469b94cdd25f3e2334dd4fee47a581;0xfd7429b10b6678b5755decf52c21b289fcbdb3b9;eoa;567,004037;0;567,004037;USDC
Sonic;0xa1627a0e1d0ebca9326d2219b84df0c600bed4b1;0xf6bc16b79c469b94cdd25f3e2334dd4fee47a581;0xffcf88f306a794cadd44675a1da50a5842f0ec2e;eoa;0;0;0;USDC
Sonic;0xa1627a0e1d0ebca9326d2219b84df0c600bed4b1;0xf6bc16b79c469b94cdd25f3e2334dd4fee47a581;0x0f27bff243cd1a77f448b2e45f7d2930f4b8a664;eoa;0;0;15,334453;USDC
Sonic;0xa1627a0e1d0ebca9326d2219b84df0c600bed4b1;0xf6bc16b79c469b94cdd25f3e2334dd4fee47a581;0x2a8de0ddc1a507e85ec0a9ab3d21d47b8373c6d9;eoa;0;0;0,002259;USDC
Sonic;0xa1627a0e1d0ebca9326d2219b84df0c600bed4b1;0xf6bc16b79c469b94cdd25f3e2334dd4fee47a581;0xc373956fefaff488103475f77a5190bfea9baf1d;eoa;0;0;-0,000003;USDC
Sonic;0xa1627a0e1d0ebca9326d2219b84df0c600bed4b1;0xf6bc16b79c469b94cdd25f3e2334dd4fee47a581;0x888888888889758f76e7103c6cbf23abbf58f946;contract_other;0;0;0;USDC
Sonic;0xa1627a0e1d0ebca9326d2219b84df0c600bed4b1;0xf6bc16b79c469b94cdd25f3e2334dd4fee47a581;0xc7b53473a3f3b7a8d341c0f5496ed365148aae4f;eoa;0;0;609,277291;USDC
Sonic;0xa1627a0e1d0ebca9326d2219b84df0c600bed4b1;0xf6bc16b79c469b94cdd25f3e2334dd4fee47a581;0x8bc7acebea62b2e358997150431b78ffd022715a;eoa;0;0;10786,025466;USDC
Sonic;0xa1627a0e1d0ebca9326d2219b84df0c600bed4b1;0xf6bc16b79c469b94cdd25f3e2334dd4fee47a581;0xa553d3ef481c66091ffb857d4f5fb34e97324b4e;eoa;0;0;53,276425;USDC
Sonic;0xa1627a0e1d0ebca9326d2219b84df0c600bed4b1;0xf6bc16b79c469b94cdd25f3e2334dd4fee47a581;0xa33473a7d11d3972ca245f3384b9aa93a9e5531d;eoa;0;0;-0,000016;USDC
Sonic;0xa1627a0e1d0ebca9326d2219b84df0c600bed4b1;0xf6bc16b79c469b94cdd25f3e2334dd4fee47a581;0x4d5040e5e142b494af716b83c2e2bb7efffff93f;eoa;0;0;6,384045;USDC
Sonic;0xa1627a0e1d0ebca9326d2219b84df0c600bed4b1;0xf6bc16b79c469b94cdd25f3e2334dd4fee47a581;0xce785cccaa0c163e6f83b381ebd608f98f694c44;Gnosis Safe;0;0;0;USDC
Sonic;0xa1627a0e1d0ebca9326d2219b84df0c600bed4b1;0xf6bc16b79c469b94cdd25f3e2334dd4fee47a581;0x17795c5bcc5843029b42bfe1b271c4b256625f83;eoa;0;0;-0,000005;USDC
Sonic;0xa1627a0e1d0ebca9326d2219b84df0c600bed4b1;0xf6bc16b79c469b94cdd25f3e2334dd4fee47a581;0xb15d7daa4e21500102c7c57b21009cf3549ab890;eoa;0;0;23,978209;USDC
Sonic;0xa1627a0e1d0ebca9326d2219b84df0c600bed4b1;0xf6bc16b79c469b94cdd25f3e2334dd4fee47a581;0x726513925fe3423f73fa3b563572dcc78a6fdcb9;contract_other;0;0;0;USDC
Sonic;0xa1627a0e1d0ebca9326d2219b84df0c600bed4b1;0xf6bc16b79c469b94cdd25f3e2334dd4fee47a581;0x42eeb8e6fe1c6e6ca3a58863d136bdd94d21afad;eoa;0;0;403,708646;USDC
Sonic;0xa1627a0e1d0ebca9326d2219b84df0c600bed4b1;0xf6bc16b79c469b94cdd25f3e2334dd4fee47a581;0x1b648ade1ef219c87987cd60eba069a7faf1621f;eoa;0;0;0;USDC
Sonic;0xa1627a0e1d0ebca9326d2219b84df0c600bed4b1;0xf6bc16b79c469b94cdd25f3e2334dd4fee47a581;0x000000000000c9b3e2c3ec88b1b4c0cd853f4321;contract_other;0;0;0;USDC
Sonic;0xa1627a0e1d0ebca9326d2219b84df0c600bed4b1;0xf6bc16b79c469b94cdd25f3e2334dd4fee47a581;0x3461e03e15329f64b95264e4ffd7079281ae1e48;eoa;0;0;1340,444727;USDC
Sonic;0xa1627a0e1d0ebca9326d2219b84df0c600bed4b1;0xf6bc16b79c469b94cdd25f3e2334dd4fee47a581;0xa7b114832112e4286dd72b2c22959c739d102a1a;eoa;0;0;8,518082;USDC
Sonic;0xa1627a0e1d0ebca9326d2219b84df0c600bed4b1;0xf6bc16b79c469b94cdd25f3e2334dd4fee47a581;0xc374bc86e199bd8a6ef88b62c0f49ca647f8ae6d;eoa;0;0;23,986382;USDC
Sonic;0xa1627a0e1d0ebca9326d2219b84df0c600bed4b1;0xf6bc16b79c469b94cdd25f3e2334dd4fee47a581;0xc41ac49915a7475ef55ba04e19a2c5d25709591a;eoa;0;0;65,447371;USDC
Sonic;0xa1627a0e1d0ebca9326d2219b84df0c600bed4b1;0xf6bc16b79c469b94cdd25f3e2334dd4fee47a581;0xabb69635cd10660a9bd0873b990ef1d897a16ce4;eoa;0;0;1119,534926;USDC
Sonic;0xa1627a0e1d0ebca9326d2219b84df0c600bed4b1;0xf6bc16b79c469b94cdd25f3e2334dd4fee47a581;0x8b2d4c5d0e84609cfdb650be807a93469dce834a;eoa;0;0;8904,106305;USDC
Sonic;0xa1627a0e1d0ebca9326d2219b84df0c600bed4b1;0xf6bc16b79c469b94cdd25f3e2334dd4fee47a581;0x3b8d5ec7c29373bd03f43fe2257d73ccc7b0fa38;eoa;0;0;3110,661939;USDC
Sonic;0xa1627a0e1d0ebca9326d2219b84df0c600bed4b1;0xf6bc16b79c469b94cdd25f3e2334dd4fee47a581;0x6719558682cbb76f7fa6c216c7b51791b163a6b8;eoa;0;0;61,409934;USDC
Sonic;0xa1627a0e1d0ebca9326d2219b84df0c600bed4b1;0xf6bc16b79c469b94cdd25f3e2334dd4fee47a581;0x1cf8da0110f4cb8924aa4eba7ef3a04430897c05;eoa;0;0;68,119315;USDC
Sonic;0xa1627a0e1d0ebca9326d2219b84df0c600bed4b1;0xf6bc16b79c469b94cdd25f3e2334dd4fee47a581;0x1ee7c6e3463ec2b3b102258adb0aca0bdc34c5da;eoa;0;0;502,884352;USDC
Sonic;0xa1627a0e1d0ebca9326d2219b84df0c600bed4b1;0xf6bc16b79c469b94cdd25f3e2334dd4fee47a581;0x0811c894027d5f62cac0a50a400cdca70c1807e1;eoa;0;0;26,492178;USDC
Sonic;0xa1627a0e1d0ebca9326d2219b84df0c600bed4b1;0xf6bc16b79c469b94cdd25f3e2334dd4fee47a581;0xf09301d026ba2aab8759ddd8f66a3a23c89833d3;eoa;0;0;74,659578;USDC
Sonic;0xa1627a0e1d0ebca9326d2219b84df0c600bed4b1;0xf6bc16b79c469b94cdd25f3e2334dd4fee47a581;0xe0d1658ebce86d77a993c1e5777afcb859cd71b2;eoa;0;0;800,120488;USDC
Sonic;0xa1627a0e1d0ebca9326d2219b84df0c600bed4b1;0xf6bc16b79c469b94cdd25f3e2334dd4fee47a581;0x8805f76a088485af1f86ffbcfd96a0b9dc3dd0d5;eoa;0;0;390,973557;USDC
Sonic;0xa1627a0e1d0ebca9326d2219b84df0c600bed4b1;0xf6bc16b79c469b94cdd25f3e2334dd4fee47a581;0x88fb689146b3c635b0621ad67f9bb9a7ea8becc9;eoa;0;0;16,679823;USDC
Sonic;0xa1627a0e1d0ebca9326d2219b84df0c600bed4b1;0xf6bc16b79c469b94cdd25f3e2334dd4fee47a581;0x2ad09a2c059dc35ba16a16ac5ebbf37c62ec39e0;eoa;0;0;2302,340675;USDC
Sonic;0xa1627a0e1d0ebca9326d2219b84df0c600bed4b1;0xf6bc16b79c469b94cdd25f3e2334dd4fee47a581;0x13e70851606ef8f9a1fc42a0ff5e1a54a22f4530;eoa;0;0;61,100831;USDC
Sonic;0xa1627a0e1d0ebca9326d2219b84df0c600bed4b1;0xf6bc16b79c469b94cdd25f3e2334dd4fee47a581;0xf775f16d4538f7edd9cd2aa1c27b87bc87bf047b;eoa;0;0;248,909484;USDC
Sonic;0xa1627a0e1d0ebca9326d2219b84df0c600bed4b1;0xf6bc16b79c469b94cdd25f3e2334dd4fee47a581;0x35ce8bdc2293b9545ea0eff116f0465860cee722;eoa;0;0;120,259167;USDC
Sonic;0xa1627a0e1d0ebca9326d2219b84df0c600bed4b1;0xf6bc16b79c469b94cdd25f3e2334dd4fee47a581;0x8fe8f36b2f422137ef7f437457319598ea116dfa;eoa;0;0;174,560691;USDC
Sonic;0xa1627a0e1d0ebca9326d2219b84df0c600bed4b1;0xf6bc16b79c469b94cdd25f3e2334dd4fee47a581;0x5d47e5d242a8f66a6286b0a2353868875f5d6068;eoa;0;0;1196,981337;USDC
Sonic;0xa1627a0e1d0ebca9326d2219b84df0c600bed4b1;0xf6bc16b79c469b94cdd25f3e2334dd4fee47a581;0x1edd56194359271b3d9066d54a5484f6a83458de;eoa;0;0;110,158101;USDC
Sonic;0xa1627a0e1d0ebca9326d2219b84df0c600bed4b1;0xf6bc16b79c469b94cdd25f3e2334dd4fee47a581;0x137f4a9938fb06cd309312842557dbcbe4240b36;eoa;0;0;11,12429;USDC
Sonic;0xa1627a0e1d0ebca9326d2219b84df0c600bed4b1;0xf6bc16b79c469b94cdd25f3e2334dd4fee47a581;0xd5c80e17169ae9ad50c83d429b25a0ba22f9467b;eoa;0;0;1714,38713;USDC
Sonic;0xa1627a0e1d0ebca9326d2219b84df0c600bed4b1;0xf6bc16b79c469b94cdd25f3e2334dd4fee47a581;0xfed83d563f5c03d7fca2f2cd9ee7379129699574;eoa;0;0;3,456827;USDC
Sonic;0xa1627a0e1d0ebca9326d2219b84df0c600bed4b1;0xf6bc16b79c469b94cdd25f3e2334dd4fee47a581;0x206815261f480a98498a7f7554356ff3d7fb303f;eoa;0;0;35,474843;USDC
Sonic;0xa1627a0e1d0ebca9326d2219b84df0c600bed4b1;0xf6bc16b79c469b94cdd25f3e2334dd4fee47a581;0xc1676bd87a19b10b92950bba52abf07b35a379b7;eoa;0;0;5228,340487;USDC
Sonic;0xa1627a0e1d0ebca9326d2219b84df0c600bed4b1;0xf6bc16b79c469b94cdd25f3e2334dd4fee47a581;0x26cb1dbad7349b57af814a22718d04d0fcdfbeb1;eoa;0;0;7,389415;USDC
Sonic;0xa1627a0e1d0ebca9326d2219b84df0c600bed4b1;0xf6bc16b79c469b94cdd25f3e2334dd4fee47a581;0x27fae42e93707f93018c965cf3f16a67d848d1ff;eoa;0;0;746,348409;USDC
Sonic;0xa1627a0e1d0ebca9326d2219b84df0c600bed4b1;0xf6bc16b79c469b94cdd25f3e2334dd4fee47a581;0x83c9e32c00f5d3c2767355af6b7f4e4b41e92e93;Gnosis Safe;0;0;3125,572731;USDC
Sonic;0xa1627a0e1d0ebca9326d2219b84df0c600bed4b1;0xf6bc16b79c469b94cdd25f3e2334dd4fee47a581;0xf0a6c5738b85cbf8ee89b5f52797d4c9ae5842e6;eoa;0;0;476,178259;USDC
Sonic;0xa1627a0e1d0ebca9326d2219b84df0c600bed4b1;0xf6bc16b79c469b94cdd25f3e2334dd4fee47a581;0xc6aa0663740bb4418cbfad37267fb06962b5b11f;eoa;0;0;699,356757;USDC
Sonic;0xa1627a0e1d0ebca9326d2219b84df0c600bed4b1;0xf6bc16b79c469b94cdd25f3e2334dd4fee47a581;0x788c919c3d9570bc5136fee667342325cf97d81f;eoa;0;0;138,033849;USDC
Sonic;0xa1627a0e1d0ebca9326d2219b84df0c600bed4b1;0xf6bc16b79c469b94cdd25f3e2334dd4fee47a581;0x78262c9680ff0b15484d78c413aa209620320848;eoa;0;0;231,880998;USDC
Sonic;0xa1627a0e1d0ebca9326d2219b84df0c600bed4b1;0xf6bc16b79c469b94cdd25f3e2334dd4fee47a581;0x4e70da7763efc96b6594a0b7294905181758d764;eoa;0;0;2636,22243;USDC
Sonic;0xa1627a0e1d0ebca9326d2219b84df0c600bed4b1;0xf6bc16b79c469b94cdd25f3e2334dd4fee47a581;0x6c2e73d510d9df0b154bb8a0abca71d2ceb27883;eoa;0;0;766,250931;USDC
Sonic;0xa1627a0e1d0ebca9326d2219b84df0c600bed4b1;0xf6bc16b79c469b94cdd25f3e2334dd4fee47a581;0xdfb9323b7f30472acec5b45a0723f1f4e87a30e4;eoa;0;0;1004,007917;USDC
Sonic;0xa1627a0e1d0ebca9326d2219b84df0c600bed4b1;0xf6bc16b79c469b94cdd25f3e2334dd4fee47a581;0x7373c7a3d3558a1f9c3110cfed4f0d635358ab81;eoa;0;0;10,18098;USDC
Sonic;0xa1627a0e1d0ebca9326d2219b84df0c600bed4b1;0xf6bc16b79c469b94cdd25f3e2334dd4fee47a581;0xa8a9bba468acf4a81ad7dc7dbdc81ff165347843;eoa;0;0;438,856341;USDC
Sonic;0xa1627a0e1d0ebca9326d2219b84df0c600bed4b1;0xf6bc16b79c469b94cdd25f3e2334dd4fee47a581;0x69f6becb2d4ca0e67d486b771c8ab1ddef64dc5f;eoa;0;0;743,578841;USDC
Sonic;0xa1627a0e1d0ebca9326d2219b84df0c600bed4b1;0xf6bc16b79c469b94cdd25f3e2334dd4fee47a581;0xd5bd7f39bbf4d48eada53d67384d81ece340a7d6;eoa;0;0;79,613211;USDC
Sonic;0xa1627a0e1d0ebca9326d2219b84df0c600bed4b1;0xf6bc16b79c469b94cdd25f3e2334dd4fee47a581;0xa7bfa7859b47843e6960dc3de78a508cdc3cf4be;eoa;0;0;286,223722;USDC
Sonic;0xa1627a0e1d0ebca9326d2219b84df0c600bed4b1;0xf6bc16b79c469b94cdd25f3e2334dd4fee47a581;0xd4afb5c5e7087a0c2127e04340b1b4b17a88f527;eoa;0;0;174,915581;USDC
Sonic;0xa1627a0e1d0ebca9326d2219b84df0c600bed4b1;0xf6bc16b79c469b94cdd25f3e2334dd4fee47a581;0x98716900217b60577dc869f9d29c800be621a1d0;eoa;0;0;1374,831306;USDC
Sonic;0xa1627a0e1d0ebca9326d2219b84df0c600bed4b1;0xf6bc16b79c469b94cdd25f3e2334dd4fee47a581;0xc947bb0f5714406695094a89206bbbcc96e47feb;eoa;0;0;1305,515385;USDC
Sonic;0xa1627a0e1d0ebca9326d2219b84df0c600bed4b1;0xf6bc16b79c469b94cdd25f3e2334dd4fee47a581;0x27fae9d8f186651a0e6fe084cd4feaaf2533d9f1;eoa;0;0;67,793581;USDC
Sonic;0xa1627a0e1d0ebca9326d2219b84df0c600bed4b1;0xf6bc16b79c469b94cdd25f3e2334dd4fee47a581;0x5c2c6245f4c2bfaff3f7925bcf549cb35bd90b89;eoa;0;0;575,395286;USDC
Sonic;0xa1627a0e1d0ebca9326d2219b84df0c600bed4b1;0xf6bc16b79c469b94cdd25f3e2334dd4fee47a581;0x336ded07aca055ca6789c56b4d86d645a8551674;eoa;0;0;17,096909;USDC
Sonic;0xa1627a0e1d0ebca9326d2219b84df0c600bed4b1;0xf6bc16b79c469b94cdd25f3e2334dd4fee47a581;0x2caeaee63995ec12ea73535f099384a0f618043e;eoa;0;0;0,577129;USDC
Sonic;0xa1627a0e1d0ebca9326d2219b84df0c600bed4b1;0xf6bc16b79c469b94cdd25f3e2334dd4fee47a581;0x913a6974be87aaa8f2f6421f7f74bf54e01d55ac;eoa;0;0;0;USDC
Sonic;0xa1627a0e1d0ebca9326d2219b84df0c600bed4b1;0xf6bc16b79c469b94cdd25f3e2334dd4fee47a581;0x098ddb5f48ad1daa5f691c4b2ad6360e45a22747;eoa;0;0;1109,441934;USDC
Sonic;0xa1627a0e1d0ebca9326d2219b84df0c600bed4b1;0xf6bc16b79c469b94cdd25f3e2334dd4fee47a581;0x65cec720ac2ee4e2a3ded3f6617332b373bccf27;eoa;0;0;120,137842;USDC
Sonic;0xa1627a0e1d0ebca9326d2219b84df0c600bed4b1;0xf6bc16b79c469b94cdd25f3e2334dd4fee47a581;0xae966155e41f012601340f9aa8e65d5ad085a928;Gnosis Safe;0;0;505,834064;USDC
Sonic;0xa1627a0e1d0ebca9326d2219b84df0c600bed4b1;0xf6bc16b79c469b94cdd25f3e2334dd4fee47a581;0xb392e9ba2af08681e8a68394e2e37ff6ab99eea7;eoa;0;0;4874,151552;USDC
Sonic;0xa1627a0e1d0ebca9326d2219b84df0c600bed4b1;0xf6bc16b79c469b94cdd25f3e2334dd4fee47a581;0xb2ac00fc63e98b69ea8154fe025661222a68f659;eoa;0;0;789,298166;USDC
Sonic;0xa1627a0e1d0ebca9326d2219b84df0c600bed4b1;0xf6bc16b79c469b94cdd25f3e2334dd4fee47a581;0x286e07e3038c42bddee38ff56c4f18c384d7b3c1;eoa;0;0;12,78287;USDC
Sonic;0xa1627a0e1d0ebca9326d2219b84df0c600bed4b1;0xf6bc16b79c469b94cdd25f3e2334dd4fee47a581;0x0c82abe3d9e8303ea3903377f8d43eb9a1048a5f;eoa;0;0;403,955291;USDC
Sonic;0xa1627a0e1d0ebca9326d2219b84df0c600bed4b1;0xf6bc16b79c469b94cdd25f3e2334dd4fee47a581;0xccd08c9520998b47b31c3768690ec6c1193cdc69;eoa;0;0;276,778258;USDC
Sonic;0xa1627a0e1d0ebca9326d2219b84df0c600bed4b1;0xf6bc16b79c469b94cdd25f3e2334dd4fee47a581;0xfa82fdea356140d73a0c7af6f03e09c9f0437752;eoa;0;0;140,258029;USDC
Sonic;0xa1627a0e1d0ebca9326d2219b84df0c600bed4b1;0xf6bc16b79c469b94cdd25f3e2334dd4fee47a581;0xf067db281cd063898363e7d8084588ae7d8d84b8;eoa;0;0;0,39737;USDC
Sonic;0xa1627a0e1d0ebca9326d2219b84df0c600bed4b1;0xf6bc16b79c469b94cdd25f3e2334dd4fee47a581;0x41e16b3d6415c0f8889fa38de5c21e6384710f73;eoa;0;0;580,090205;USDC
Sonic;0xa1627a0e1d0ebca9326d2219b84df0c600bed4b1;0xf6bc16b79c469b94cdd25f3e2334dd4fee47a581;0x57d3ec60f3b3570980ed8d0ae8a39513b500901c;eoa;0;0;519,110366;USDC
Sonic;0xa1627a0e1d0ebca9326d2219b84df0c600bed4b1;0xf6bc16b79c469b94cdd25f3e2334dd4fee47a581;0xe46ed44c35657112963f6b4ad02333715a81c06e;eoa;0;0;975,015851;USDC
Sonic;0xa1627a0e1d0ebca9326d2219b84df0c600bed4b1;0xf6bc16b79c469b94cdd25f3e2334dd4fee47a581;0x668f50cf1beb66992f383a69785338b6a6e3eb4a;eoa;0;0;10,473636;USDC
Sonic;0xa1627a0e1d0ebca9326d2219b84df0c600bed4b1;0xf6bc16b79c469b94cdd25f3e2334dd4fee47a581;0xedeed75328937a17749c1a59772e2ec79eb51314;eoa;0;0;0;USDC
Sonic;0xa1627a0e1d0ebca9326d2219b84df0c600bed4b1;0xf6bc16b79c469b94cdd25f3e2334dd4fee47a581;0xa847bf87b63971781b8510a83393a5f348d7faf6;eoa;0;0;0;USDC
Sonic;0xa1627a0e1d0ebca9326d2219b84df0c600bed4b1;0xf6bc16b79c469b94cdd25f3e2334dd4fee47a581;0x44e40383557a865abaf9ef10854d045e254df9e8;eoa;0;0;79,750628;USDC
Sonic;0xa1627a0e1d0ebca9326d2219b84df0c600bed4b1;0xf6bc16b79c469b94cdd25f3e2334dd4fee47a581;0x3c66773a87bab490753130783b6c63f448417bd8;eoa;0;0;941,944987;USDC
Sonic;0xa1627a0e1d0ebca9326d2219b84df0c600bed4b1;0xf6bc16b79c469b94cdd25f3e2334dd4fee47a581;0x5ddfbcc852e9ffc43d7f58787fb95c9ca246144d;eoa;0;0;0;USDC
Sonic;0xa1627a0e1d0ebca9326d2219b84df0c600bed4b1;0xf6bc16b79c469b94cdd25f3e2334dd4fee47a581;0x8b571176b40617a9873629b0f09bd75913c315cd;Gnosis Safe;0;0;16020,448899;USDC
Sonic;0xa1627a0e1d0ebca9326d2219b84df0c600bed4b1;0xf6bc16b79c469b94cdd25f3e2334dd4fee47a581;0x3c2b806f0905a1f406410c1a2607a319a4235b68;eoa;0;0;212,832423;USDC
Sonic;0xa1627a0e1d0ebca9326d2219b84df0c600bed4b1;0xf6bc16b79c469b94cdd25f3e2334dd4fee47a581;0x137612879ad1fa9534e4e3e157038a1b90fb78cd;eoa;0;0;112,75827;USDC
Sonic;0xa1627a0e1d0ebca9326d2219b84df0c600bed4b1;0xf6bc16b79c469b94cdd25f3e2334dd4fee47a581;0xaf9b12f501a2fedbb5474d0bcb5cbfa080a62e30;eoa;0;0;13,57194;USDC
Sonic;0xa1627a0e1d0ebca9326d2219b84df0c600bed4b1;0xf6bc16b79c469b94cdd25f3e2334dd4fee47a581;0xdcd2438589a7853b879acf053fb27322aae53de2;eoa;0;0;0;USDC
Sonic;0xa1627a0e1d0ebca9326d2219b84df0c600bed4b1;0xf6bc16b79c469b94cdd25f3e2334dd4fee47a581;0xcf4e19fef1178d82e02accd35636d58b7f63daac;eoa;0;0;401,68362;USDC
Sonic;0xa1627a0e1d0ebca9326d2219b84df0c600bed4b1;0xf6bc16b79c469b94cdd25f3e2334dd4fee47a581;0xbda60450c621dce18a5a3f0c35697e26f0312a10;eoa;0;0;2,074529;USDC
Sonic;0xa1627a0e1d0ebca9326d2219b84df0c600bed4b1;0xf6bc16b79c469b94cdd25f3e2334dd4fee47a581;0x224b920120ad0c30aedb5afd01056405ec8e00f8;eoa;0;0;0;USDC
Sonic;0xa1627a0e1d0ebca9326d2219b84df0c600bed4b1;0xf6bc16b79c469b94cdd25f3e2334dd4fee47a581;0x1a04cd20286a45607e0fd47a43277ea6ca941687;eoa;0;0;-0,000005;USDC
Sonic;0xa1627a0e1d0ebca9326d2219b84df0c600bed4b1;0xf6bc16b79c469b94cdd25f3e2334dd4fee47a581;0xcc007529b5558bd07922eb407f08fe4fa5b1ad24;eoa;0;0;2,087845;USDC
Sonic;0xa1627a0e1d0ebca9326d2219b84df0c600bed4b1;0xf6bc16b79c469b94cdd25f3e2334dd4fee47a581;0x5eab65418822d8e904bf0a9dc41b95e5a6ed503e;eoa;0;0;0;USDC
Sonic;0xa1627a0e1d0ebca9326d2219b84df0c600bed4b1;0xf6bc16b79c469b94cdd25f3e2334dd4fee47a581;0x008df63a1457c5e9ebdbf2cf05435343adf7282a;eoa;0;0;0;USDC
Sonic;0xa1627a0e1d0ebca9326d2219b84df0c600bed4b1;0xf6bc16b79c469b94cdd25f3e2334dd4fee47a581;0xb720e4f410fce9fd4491965da65ba5abb9fd6419;eoa;0;0;8,351382;USDC
Sonic;0xa1627a0e1d0ebca9326d2219b84df0c600bed4b1;0xf6bc16b79c469b94cdd25f3e2334dd4fee47a581;0xfe4dadb67e12111f1346c424bf12965bccfc60ac;eoa;0;0;0,066252;USDC
Sonic;0xa1627a0e1d0ebca9326d2219b84df0c600bed4b1;0x1320382143d98a80a0b247148a42dd2aa33d9c2d;0x000000000000000000000000000000000000dead;eoa;0,008163;0;-213,865697;USDC
Sonic;0xa1627a0e1d0ebca9326d2219b84df0c600bed4b1;0x1320382143d98a80a0b247148a42dd2aa33d9c2d;0x089204d6aa0f1d0dfec37f2cb845f6226b6f0c65;eoa;0,038748;0;0,038748;USDC
Sonic;0xa1627a0e1d0ebca9326d2219b84df0c600bed4b1;0x1320382143d98a80a0b247148a42dd2aa33d9c2d;0x08b776a6907303558433be9b9583f21d41a58dfd;eoa;0,007237;0;-191,932563;USDC
Sonic;0xa1627a0e1d0ebca9326d2219b84df0c600bed4b1;0x1320382143d98a80a0b247148a42dd2aa33d9c2d;0x0e5b9bb138a1db16bc604c7742194f94e4a359d2;eoa;0,000637;0;-16,906563;USDC
Sonic;0xa1627a0e1d0ebca9326d2219b84df0c600bed4b1;0x1320382143d98a80a0b247148a42dd2aa33d9c2d;0x1699bf76d30bd7813564e35fa786d7a967958a04;eoa;0,011751;0;-311,652349;USDC
Sonic;0xa1627a0e1d0ebca9326d2219b84df0c600bed4b1;0x1320382143d98a80a0b247148a42dd2aa33d9c2d;0x1dcdc58b6ee3a9751cd19eeef4c2637cb86f55e1;eoa;0,019148;0;-507,801552;USDC
Sonic;0xa1627a0e1d0ebca9326d2219b84df0c600bed4b1;0x1320382143d98a80a0b247148a42dd2aa33d9c2d;0x2165cc15c59527b05f70c9ab504f47bf8e7ac31d;eoa;0,000008;0;0;USDC
Sonic;0xa1627a0e1d0ebca9326d2219b84df0c600bed4b1;0x1320382143d98a80a0b247148a42dd2aa33d9c2d;0x227f982ea2d57ce251bb5bb39a41629f818ff834;eoa;0,00044;0;-11,545139;USDC
Sonic;0xa1627a0e1d0ebca9326d2219b84df0c600bed4b1;0x1320382143d98a80a0b247148a42dd2aa33d9c2d;0x23b83c2821d1e9fe5c40ce3c014d2420f2f1eeb7;eoa;0,081121;0;-2151,292679;USDC
Sonic;0xa1627a0e1d0ebca9326d2219b84df0c600bed4b1;0x1320382143d98a80a0b247148a42dd2aa33d9c2d;0x262557c8228758ecb6253caa5ba52568f079ce97;eoa;0,00107;0;-28,39253;USDC
Sonic;0xa1627a0e1d0ebca9326d2219b84df0c600bed4b1;0x1320382143d98a80a0b247148a42dd2aa33d9c2d;0x2f07db372654c5d34a0e2bf85111c55c531e2858;eoa;0,000014;0;-0,391586;USDC
Sonic;0xa1627a0e1d0ebca9326d2219b84df0c600bed4b1;0x1320382143d98a80a0b247148a42dd2aa33d9c2d;0x3c7bc2bf27e0a91ecd97dba1325af61e4cf47efd;eoa;0,000003;0;0;USDC
Sonic;0xa1627a0e1d0ebca9326d2219b84df0c600bed4b1;0x1320382143d98a80a0b247148a42dd2aa33d9c2d;0x3f73ccb6be932bd607393de5328088dd4f6b6746;eoa;0,001021;0;0,001021;USDC
Sonic;0xa1627a0e1d0ebca9326d2219b84df0c600bed4b1;0x1320382143d98a80a0b247148a42dd2aa33d9c2d;0x403aa65f7f1e2d4b3bf3ec94343b3b1a1ab9341a;eoa;0,000737;0;-19,568463;USDC
Sonic;0xa1627a0e1d0ebca9326d2219b84df0c600bed4b1;0x1320382143d98a80a0b247148a42dd2aa33d9c2d;0x63284c54a82ca1785a0a03fa8402efd735edb333;eoa;0,003433;0;0,003433;USDC
Sonic;0xa1627a0e1d0ebca9326d2219b84df0c600bed4b1;0x1320382143d98a80a0b247148a42dd2aa33d9c2d;0x7387bf434cb00872d3aefc0ee4c662f0ad70bbdf;eoa;0,007396;0;-158,143436;USDC
Sonic;0xa1627a0e1d0ebca9326d2219b84df0c600bed4b1;0x1320382143d98a80a0b247148a42dd2aa33d9c2d;0x857d3205d8bce7f7ad4ae7dff122b289f0ee02e5;eoa;0,003378;0;0,000009;USDC
Sonic;0xa1627a0e1d0ebca9326d2219b84df0c600bed4b1;0x1320382143d98a80a0b247148a42dd2aa33d9c2d;0x88888887c3ebd4a33e34a15db4254c74c75e5d4a;eoa;0,000077;0;0;USDC
Sonic;0xa1627a0e1d0ebca9326d2219b84df0c600bed4b1;0x1320382143d98a80a0b247148a42dd2aa33d9c2d;0x88fb689146b3c635b0621ad67f9bb9a7ea8becc9;eoa;0,000252;0;0,000252;USDC
Sonic;0xa1627a0e1d0ebca9326d2219b84df0c600bed4b1;0x1320382143d98a80a0b247148a42dd2aa33d9c2d;0x8ff5a472fa9f04476eae98cb58b8d004bfed6eb0;eoa;0,001481;0;-39,284719;USDC
Sonic;0xa1627a0e1d0ebca9326d2219b84df0c600bed4b1;0x1320382143d98a80a0b247148a42dd2aa33d9c2d;0x8ffada29cc553655313ac823ce414429ddfc08c7;eoa;0,001365;0;-36,201535;USDC
Sonic;0xa1627a0e1d0ebca9326d2219b84df0c600bed4b1;0x1320382143d98a80a0b247148a42dd2aa33d9c2d;0x91d9c060f7c8a344976a8b5e695de96596cfb7c7;eoa;0,000358;0;-9,503442;USDC
Sonic;0xa1627a0e1d0ebca9326d2219b84df0c600bed4b1;0x1320382143d98a80a0b247148a42dd2aa33d9c2d;0x928a58fb7e9f9ac2e0541f747acd29870c04d198;eoa;0,005309;0;-140,797291;USDC
Sonic;0xa1627a0e1d0ebca9326d2219b84df0c600bed4b1;0x1320382143d98a80a0b247148a42dd2aa33d9c2d;0xa61d9946974adcd77e2965686c5c25845fd80c87;eoa;0,008647;0;-229,322453;USDC
Sonic;0xa1627a0e1d0ebca9326d2219b84df0c600bed4b1;0x1320382143d98a80a0b247148a42dd2aa33d9c2d;0xa9eaef87c01b4c46a691862c7ba94401394b8b9c;eoa;0,000596;0;0,000596;USDC
Sonic;0xa1627a0e1d0ebca9326d2219b84df0c600bed4b1;0x1320382143d98a80a0b247148a42dd2aa33d9c2d;0xb1c9f2643f55a564baf02945c37af1a1e307506a;eoa;0,000035;0;-0,941365;USDC
Sonic;0xa1627a0e1d0ebca9326d2219b84df0c600bed4b1;0x1320382143d98a80a0b247148a42dd2aa33d9c2d;0xb46bbe83db7847b7aca6109351257cd0821c2f11;eoa;0,029353;0;-778,428347;USDC
Sonic;0xa1627a0e1d0ebca9326d2219b84df0c600bed4b1;0x1320382143d98a80a0b247148a42dd2aa33d9c2d;0xb5c443bc3c15003d85ec77f526d1aff5343ed4b7;eoa;0,000593;0;-15,731207;USDC
Sonic;0xa1627a0e1d0ebca9326d2219b84df0c600bed4b1;0x1320382143d98a80a0b247148a42dd2aa33d9c2d;0xb81d739df194fa589e244c7ff5a15e5c04978d0d;eoa;0,037673;0;-999,070227;USDC
Sonic;0xa1627a0e1d0ebca9326d2219b84df0c600bed4b1;0x1320382143d98a80a0b247148a42dd2aa33d9c2d;0xbc7839dd75f428e6401c872a051dd6ef1fb67885;eoa;0,064606;0;-1713,326994;USDC
Sonic;0xa1627a0e1d0ebca9326d2219b84df0c600bed4b1;0x1320382143d98a80a0b247148a42dd2aa33d9c2d;0xbe11ca34256282b23d6523d464a7db30920fb7dc;eoa;0,018079;0;-479,460021;USDC
Sonic;0xa1627a0e1d0ebca9326d2219b84df0c600bed4b1;0x1320382143d98a80a0b247148a42dd2aa33d9c2d;0xbe838a012d83d595995d19753dc56db266512548;eoa;0,003198;0;0,003198;USDC
Sonic;0xa1627a0e1d0ebca9326d2219b84df0c600bed4b1;0x1320382143d98a80a0b247148a42dd2aa33d9c2d;0xbea1bb2346ff1c9942120586df31ebf98d880284;eoa;0,000003;0;-19,336438;USDC
Sonic;0xa1627a0e1d0ebca9326d2219b84df0c600bed4b1;0x1320382143d98a80a0b247148a42dd2aa33d9c2d;0xc1dd99f39d9504af370f36283303cdc86dbebb68;eoa;0,072708;0;-1928,202892;USDC
Sonic;0xa1627a0e1d0ebca9326d2219b84df0c600bed4b1;0x1320382143d98a80a0b247148a42dd2aa33d9c2d;0xc3ad78caa7984ecabb06c6bd4934c3d8e9efd593;eoa;0,037641;0;-998,236359;USDC
Sonic;0xa1627a0e1d0ebca9326d2219b84df0c600bed4b1;0x1320382143d98a80a0b247148a42dd2aa33d9c2d;0xc8bf40263577a4d42c074bc060773e761a30709b;eoa;0,008267;0;-219,248933;USDC
Sonic;0xa1627a0e1d0ebca9326d2219b84df0c600bed4b1;0x1320382143d98a80a0b247148a42dd2aa33d9c2d;0xccd08c9520998b47b31c3768690ec6c1193cdc69;eoa;0,003725;0;0,003725;USDC
Sonic;0xa1627a0e1d0ebca9326d2219b84df0c600bed4b1;0x1320382143d98a80a0b247148a42dd2aa33d9c2d;0xd5cbc6802af3cca5a3ed0fd5718b43d8c75ca6a4;eoa;0,003038;0;-80,574462;USDC
Sonic;0xa1627a0e1d0ebca9326d2219b84df0c600bed4b1;0x1320382143d98a80a0b247148a42dd2aa33d9c2d;0xe173cc94d4755b72eb9196cf50dbcd2cba54e348;eoa;0,033414;0;-886,148586;USDC
Sonic;0xa1627a0e1d0ebca9326d2219b84df0c600bed4b1;0x1320382143d98a80a0b247148a42dd2aa33d9c2d;0xf61ba3429be93e78eacd126eb0d9f3cf52aed8f2;eoa;0,007417;0;-196,698383;USDC
Sonic;0xa1627a0e1d0ebca9326d2219b84df0c600bed4b1;0x1320382143d98a80a0b247148a42dd2aa33d9c2d;0xf7044e57bcd224cca81378c5d636194d228f1353;eoa;0,606768;0;-16091,205132;USDC
Sonic;0xa1627a0e1d0ebca9326d2219b84df0c600bed4b1;0x1320382143d98a80a0b247148a42dd2aa33d9c2d;0xf8e85fd6a2a73a5d2cc9df4209ac0c1dc16e15a4;eoa;0,00002;0;-0,53918;USDC
Sonic;0xa1627a0e1d0ebca9326d2219b84df0c600bed4b1;0x1320382143d98a80a0b247148a42dd2aa33d9c2d;0xfd1d918196c4586a7d58cb75f1acae330ff5f348;eoa;0,084883;0;-2251,073317;USDC
Sonic;0xa1627a0e1d0ebca9326d2219b84df0c600bed4b1;0x1320382143d98a80a0b247148a42dd2aa33d9c2d;0xff5c79e09d12297454d5a31ddd63da26c8d37fb8;eoa;0,029923;0;0;USDC
Sonic;0xa1627a0e1d0ebca9326d2219b84df0c600bed4b1;0x1320382143d98a80a0b247148a42dd2aa33d9c2d;0xbc25dd0ea26746fa4cf156c62ad7c8a3c35fe66b;eoa;0;0;-0,203898;USDC
Sonic;0xa1627a0e1d0ebca9326d2219b84df0c600bed4b1;0x1320382143d98a80a0b247148a42dd2aa33d9c2d;0xe787a09d04d9289c580b677d9de48b4af40ff777;eoa;0;0;0;USDC
Sonic;0xa1627a0e1d0ebca9326d2219b84df0c600bed4b1;0x1320382143d98a80a0b247148a42dd2aa33d9c2d;0xb39ae9b4f972c32e1fd1d032e1b2d7949627dae9;eoa;0;0;-0,000009;USDC
Sonic;0xa1627a0e1d0ebca9326d2219b84df0c600bed4b1;0x1320382143d98a80a0b247148a42dd2aa33d9c2d;0xf06b3310486f872ab6808f6602af65a0ef0f48f8;eoa;0;0;-17,921125;USDC
Sonic;0xa1627a0e1d0ebca9326d2219b84df0c600bed4b1;0x1320382143d98a80a0b247148a42dd2aa33d9c2d;0xfd582d41fcc008ff5cbd2996043de3ce25e7543e;eoa;0;0;-71,684497;USDC
Sonic;0xa1627a0e1d0ebca9326d2219b84df0c600bed4b1;0x1320382143d98a80a0b247148a42dd2aa33d9c2d;0xd15fe25ed0dba12fe05e7029c88b10c25e8880e3;contract_other;0;0;0,000018;USDC
Sonic;0xa1627a0e1d0ebca9326d2219b84df0c600bed4b1;0x1320382143d98a80a0b247148a42dd2aa33d9c2d;0xa51b1bc907fe0a6bc6538c5c56472c1d9c60de23;eoa;0;0;-0,205793;USDC
Sonic;0xa1627a0e1d0ebca9326d2219b84df0c600bed4b1;0x1320382143d98a80a0b247148a42dd2aa33d9c2d;0x00c4168dd6736e9850f50af8f3b6b5c113107e1a;eoa;0;0;-0,205793;USDC
Sonic;0xa1627a0e1d0ebca9326d2219b84df0c600bed4b1;0x1320382143d98a80a0b247148a42dd2aa33d9c2d;0x85378cdccf0aed81fb31cb19529156c0444546f4;eoa;0;0;-0,205793;USDC
Sonic;0xa1627a0e1d0ebca9326d2219b84df0c600bed4b1;0x1320382143d98a80a0b247148a42dd2aa33d9c2d;0xfd505e85b66ad71d51c973753e6a82b1f513192f;eoa;0;0;-0,205793;USDC
Sonic;0xa1627a0e1d0ebca9326d2219b84df0c600bed4b1;0x1320382143d98a80a0b247148a42dd2aa33d9c2d;0xea5e5c2a920df3a960f7abe3dce61bb497266622;eoa;0;0;-0,0205;USDC
Sonic;0xa1627a0e1d0ebca9326d2219b84df0c600bed4b1;0x1320382143d98a80a0b247148a42dd2aa33d9c2d;0xb00fdb173e21de18f65f94101035d206e67cc915;eoa;0;0;-0,0205;USDC
Sonic;0xa1627a0e1d0ebca9326d2219b84df0c600bed4b1;0x1320382143d98a80a0b247148a42dd2aa33d9c2d;0x39ea1a9f8caa308ebb3f9da4829f1fff7b74b72c;eoa;0;0;-0,0205;USDC
Sonic;0xa1627a0e1d0ebca9326d2219b84df0c600bed4b1;0x1320382143d98a80a0b247148a42dd2aa33d9c2d;0xc50965e638cf07fb735d48d40c53c8e64c2add7c;eoa;0;0;-0,0205;USDC
Sonic;0xa1627a0e1d0ebca9326d2219b84df0c600bed4b1;0x1320382143d98a80a0b247148a42dd2aa33d9c2d;0xe1063fa58952fa22b17852910fc88ce46909d197;eoa;0;0;-0,0205;USDC
Sonic;0xa1627a0e1d0ebca9326d2219b84df0c600bed4b1;0x1320382143d98a80a0b247148a42dd2aa33d9c2d;0xfcbc2095e8939e691f84c3fd56a90c84649d139e;eoa;0;0;-0,0205;USDC
Sonic;0xa1627a0e1d0ebca9326d2219b84df0c600bed4b1;0x1320382143d98a80a0b247148a42dd2aa33d9c2d;0x8d4d19405ba352e4767681c28936fc0a9a8c8dfe;eoa;0;0;-4,117746;USDC
Sonic;0xa1627a0e1d0ebca9326d2219b84df0c600bed4b1;0x1320382143d98a80a0b247148a42dd2aa33d9c2d;0x8added25f8cce417c1e19aad91fb6ddcb9917d2c;eoa;0;0;-2,058823;USDC
Sonic;0xa1627a0e1d0ebca9326d2219b84df0c600bed4b1;0x1320382143d98a80a0b247148a42dd2aa33d9c2d;0x1ff60e85852ac73cd05b69a8b6641fc24a3fc011;eoa;0;0;-2,058823;USDC
Sonic;0xa1627a0e1d0ebca9326d2219b84df0c600bed4b1;0x1320382143d98a80a0b247148a42dd2aa33d9c2d;0x39de56518e136d472ef9645e7d6e1f7c6c8ed37b;eoa;0;0;0,000077;USDC
Sonic;0xa1627a0e1d0ebca9326d2219b84df0c600bed4b1;0x1320382143d98a80a0b247148a42dd2aa33d9c2d;0xd0564bb97b8fd5c1e3944e29070e483d45005928;eoa;0;0;0,000077;USDC
Sonic;0xa1627a0e1d0ebca9326d2219b84df0c600bed4b1;0x1320382143d98a80a0b247148a42dd2aa33d9c2d;0x098ddb5f48ad1daa5f691c4b2ad6360e45a22747;eoa;0;0;0,000077;USDC
Sonic;0xa1627a0e1d0ebca9326d2219b84df0c600bed4b1;0x1320382143d98a80a0b247148a42dd2aa33d9c2d;0x862001e214da4ec2e75789a35a2c23eb0c481cea;eoa;0;0;0,000077;USDC
Sonic;0xa1627a0e1d0ebca9326d2219b84df0c600bed4b1;0x1320382143d98a80a0b247148a42dd2aa33d9c2d;0x43570d02cead9c6c8770d18494e9e3ff347f0df0;eoa;0;0;0,000077;USDC
Sonic;0xa1627a0e1d0ebca9326d2219b84df0c600bed4b1;0x1320382143d98a80a0b247148a42dd2aa33d9c2d;0x8d2ae74898d7c068dd9e1a73929dd77b75d819b7;eoa;0;0;0,000077;USDC
Sonic;0xa1627a0e1d0ebca9326d2219b84df0c600bed4b1;0x1320382143d98a80a0b247148a42dd2aa33d9c2d;0x93db2e90f8b2b073010b425f9350202330bd923e;eoa;0;0;0,000154;USDC
Sonic;0xa1627a0e1d0ebca9326d2219b84df0c600bed4b1;0x1320382143d98a80a0b247148a42dd2aa33d9c2d;0xcc6b666c46c7d5d0cfbfdbf2940b60eb09c59306;eoa;0;0;0,000077;USDC
Sonic;0xa1627a0e1d0ebca9326d2219b84df0c600bed4b1;0x1320382143d98a80a0b247148a42dd2aa33d9c2d;0xe33fae378ab2eb2b8e82cc57a8f503b02a6f0498;eoa;0;0;-2,058823;USDC
Sonic;0xa1627a0e1d0ebca9326d2219b84df0c600bed4b1;0x1320382143d98a80a0b247148a42dd2aa33d9c2d;0xa109398a8ab7af8b4b45a08797594247346c8d56;eoa;0;0;-2,058823;USDC
Sonic;0xa1627a0e1d0ebca9326d2219b84df0c600bed4b1;0x1320382143d98a80a0b247148a42dd2aa33d9c2d;0x5e9ff1d1f2017fc69b5e3accb0d47fc504093973;eoa;0;0;0,000077;USDC
Sonic;0xa1627a0e1d0ebca9326d2219b84df0c600bed4b1;0x1320382143d98a80a0b247148a42dd2aa33d9c2d;0x5eec842ffb1a6c6236d0cf3814b9f4e9a8b7cba6;eoa;0;0;-2,058823;USDC
Sonic;0xa1627a0e1d0ebca9326d2219b84df0c600bed4b1;0x1320382143d98a80a0b247148a42dd2aa33d9c2d;0x4be474fc5ba51385902ee081e4fcfa3bc4a118c5;eoa;0;0;-2,058823;USDC
Sonic;0xa1627a0e1d0ebca9326d2219b84df0c600bed4b1;0x3710b212b39477df2deaadcf16ef56c384a3d142;0x000000007b91f5c2937100ec91eb2000e292148d;eoa;0;0;0;USDC
Sonic;0xa1627a0e1d0ebca9326d2219b84df0c600bed4b1;0x3710b212b39477df2deaadcf16ef56c384a3d142;0x0148b57d59ea47257e4b584ff9cf581a7eb8c228;eoa;0;0;0;USDC
Sonic;0xa1627a0e1d0ebca9326d2219b84df0c600bed4b1;0x3710b212b39477df2deaadcf16ef56c384a3d142;0x019425b418ff167d62f23324a6fa5fa0023760de;eoa;0;0;0;USDC
Sonic;0xa1627a0e1d0ebca9326d2219b84df0c600bed4b1;0x3710b212b39477df2deaadcf16ef56c384a3d142;0x01d6f4672d61acb6d8571682aba81e2eb7861fcd;contract_other;0;0;0;USDC
Sonic;0xa1627a0e1d0ebca9326d2219b84df0c600bed4b1;0x3710b212b39477df2deaadcf16ef56c384a3d142;0x048a58645447ecf7e2ee4ec95804aa9062075ebe;eoa;0;0;0;USDC
Sonic;0xa1627a0e1d0ebca9326d2219b84df0c600bed4b1;0x3710b212b39477df2deaadcf16ef56c384a3d142;0x1fe6400f67a6625aa0e8270d40f276458b1767b4;eoa;0;0;0;USDC
Sonic;0xa1627a0e1d0ebca9326d2219b84df0c600bed4b1;0x3710b212b39477df2deaadcf16ef56c384a3d142;0x2493c118946a247d6479917f19870eb3b57b7863;contract_other;0;0;0;USDC
Sonic;0xa1627a0e1d0ebca9326d2219b84df0c600bed4b1;0x3710b212b39477df2deaadcf16ef56c384a3d142;0x3333111a391cc08fa51353e9195526a70b333333;erc4626_unresolved;0;0;-1,2005;USDC
Sonic;0xa1627a0e1d0ebca9326d2219b84df0c600bed4b1;0x3710b212b39477df2deaadcf16ef56c384a3d142;0x3d6991085ab1ae3926cb96f25684c40a364b6856;eoa;0;0;0;USDC
Sonic;0xa1627a0e1d0ebca9326d2219b84df0c600bed4b1;0x3710b212b39477df2deaadcf16ef56c384a3d142;0x458cff3caff7129e1d0d905b15e28822da0d3d09;eoa;0;0;-10,32;USDC
Sonic;0xa1627a0e1d0ebca9326d2219b84df0c600bed4b1;0x3710b212b39477df2deaadcf16ef56c384a3d142;0x4c2073675883e3644b5b7ebc7c920128700fe9c4;eoa;0;0;0;USDC
Sonic;0xa1627a0e1d0ebca9326d2219b84df0c600bed4b1;0x3710b212b39477df2deaadcf16ef56c384a3d142;0x4ffd0a59a26cb2aa76d403215e4cc2845c053994;eoa;0;0;0;USDC
Sonic;0xa1627a0e1d0ebca9326d2219b84df0c600bed4b1;0x3710b212b39477df2deaadcf16ef56c384a3d142;0x55a192323b4bb47e2b0a50f0685b04eee262be14;eoa;0;0;0;USDC
Sonic;0xa1627a0e1d0ebca9326d2219b84df0c600bed4b1;0x3710b212b39477df2deaadcf16ef56c384a3d142;0x58d21b2f11358d9b3a3addef608b1eadb10a1a57;contract_other;0;0;0;USDC
Sonic;0xa1627a0e1d0ebca9326d2219b84df0c600bed4b1;0x3710b212b39477df2deaadcf16ef56c384a3d142;0x58e936c08dfcceb8fa29f355d1ddbd4b17818a8b;eoa;0;0;-0,1965;USDC
Sonic;0xa1627a0e1d0ebca9326d2219b84df0c600bed4b1;0x3710b212b39477df2deaadcf16ef56c384a3d142;0x58ed21455fec6f66da9d3699903633e2281d864a;eoa;0;0;-0,0267;USDC
Sonic;0xa1627a0e1d0ebca9326d2219b84df0c600bed4b1;0x3710b212b39477df2deaadcf16ef56c384a3d142;0x5c86feb3276fecd3d552e47ad7e9bb43a13acc0d;eoa;0;0;-8,255;USDC
Sonic;0xa1627a0e1d0ebca9326d2219b84df0c600bed4b1;0x3710b212b39477df2deaadcf16ef56c384a3d142;0x5e9ff1d1f2017fc69b5e3accb0d47fc504093973;eoa;0;0;0;USDC
Sonic;0xa1627a0e1d0ebca9326d2219b84df0c600bed4b1;0x3710b212b39477df2deaadcf16ef56c384a3d142;0x5ebb8663b9d213026ad9776dba264c3ef1a40f37;eoa;0;0;0;USDC
Sonic;0xa1627a0e1d0ebca9326d2219b84df0c600bed4b1;0x3710b212b39477df2deaadcf16ef56c384a3d142;0x704663075dee671fd4ce24a8275f73ce7fdb01ca;Gnosis Safe;0;0;-15,4173;USDC
Sonic;0xa1627a0e1d0ebca9326d2219b84df0c600bed4b1;0x3710b212b39477df2deaadcf16ef56c384a3d142;0x747276019e3340104c96397bf6537ad01f93d7df;eoa;0;0;0;USDC
Sonic;0xa1627a0e1d0ebca9326d2219b84df0c600bed4b1;0x3710b212b39477df2deaadcf16ef56c384a3d142;0x7720decec18d58307b2e0bbf8eb529a598a7d421;eoa;0;0;0;USDC
Sonic;0xa1627a0e1d0ebca9326d2219b84df0c600bed4b1;0x3710b212b39477df2deaadcf16ef56c384a3d142;0x7bed1a9fa10bc030456c7b3154590e4c02c9cb4f;eoa;0;0;-0,0522;USDC
Sonic;0xa1627a0e1d0ebca9326d2219b84df0c600bed4b1;0x3710b212b39477df2deaadcf16ef56c384a3d142;0x7e521ce6222b393e7db897e83953493e7e77bdb3;eoa;0;0;0;USDC
Sonic;0xa1627a0e1d0ebca9326d2219b84df0c600bed4b1;0x3710b212b39477df2deaadcf16ef56c384a3d142;0x7f9adb20217a0dabd313123c03421b58952fd740;eoa;0;0;0;USDC
Sonic;0xa1627a0e1d0ebca9326d2219b84df0c600bed4b1;0x3710b212b39477df2deaadcf16ef56c384a3d142;0x7febf0878c8d3a266fb16aef1b92eafbce91a12e;eoa;0;0;0;USDC
Sonic;0xa1627a0e1d0ebca9326d2219b84df0c600bed4b1;0x3710b212b39477df2deaadcf16ef56c384a3d142;0x922164bbbd36acf9e854acbbf32facc949fcaeef;eoa;0;0;0;USDC
Sonic;0xa1627a0e1d0ebca9326d2219b84df0c600bed4b1;0x3710b212b39477df2deaadcf16ef56c384a3d142;0xa4f29bcb74d1620eb438c4e86be61f4fac9efeee;eoa;0;0;0;USDC
Sonic;0xa1627a0e1d0ebca9326d2219b84df0c600bed4b1;0x3710b212b39477df2deaadcf16ef56c384a3d142;0xad3864b39fc5b551769052ebfd0db9414644eda6;eoa;0;0;-0,563597;USDC
Sonic;0xa1627a0e1d0ebca9326d2219b84df0c600bed4b1;0x3710b212b39477df2deaadcf16ef56c384a3d142;0xafb8cc8fcd71cd768ce117c11eb723119fcdb1f8;contract_other;0;0;0;USDC
Sonic;0xa1627a0e1d0ebca9326d2219b84df0c600bed4b1;0x3710b212b39477df2deaadcf16ef56c384a3d142;0xb497070466dc15fa6420b4781bb0352257146495;eoa;0;0;0;USDC
Sonic;0xa1627a0e1d0ebca9326d2219b84df0c600bed4b1;0x3710b212b39477df2deaadcf16ef56c384a3d142;0xb71fb919489092f5262cc39235f1bd18f728dd4b;eoa;0;0;0;USDC
Sonic;0xa1627a0e1d0ebca9326d2219b84df0c600bed4b1;0x3710b212b39477df2deaadcf16ef56c384a3d142;0xba63d47ce22dcd70476f81f3b5420df17c71fabb;eoa;0;0;-8,5302;USDC
Sonic;0xa1627a0e1d0ebca9326d2219b84df0c600bed4b1;0x3710b212b39477df2deaadcf16ef56c384a3d142;0xba9b8e4355bd706e88be4cfd856f8088aa6ddc72;eoa;0;0;-19,1057;USDC
Sonic;0xa1627a0e1d0ebca9326d2219b84df0c600bed4b1;0x3710b212b39477df2deaadcf16ef56c384a3d142;0xcffc88c705af9e89394f0ed3602cf84fac1118fd;eoa;0;0;-14,4208;USDC
Sonic;0xa1627a0e1d0ebca9326d2219b84df0c600bed4b1;0x3710b212b39477df2deaadcf16ef56c384a3d142;0xd4627ecb405b64448ee6b07dcf860bf55590c83d;eoa;0;0;0;USDC
Sonic;0xa1627a0e1d0ebca9326d2219b84df0c600bed4b1;0x3710b212b39477df2deaadcf16ef56c384a3d142;0xd6a0762a70d0a78f0b587d82bb6bc9356ac358f3;eoa;0;0;0;USDC
Sonic;0xa1627a0e1d0ebca9326d2219b84df0c600bed4b1;0x3710b212b39477df2deaadcf16ef56c384a3d142;0xdb3621f27de70591c28f823f5e1b77683a32e199;eoa;0;0;-0,0102;USDC
Sonic;0xa1627a0e1d0ebca9326d2219b84df0c600bed4b1;0x3710b212b39477df2deaadcf16ef56c384a3d142;0xdeada785e20eb23ca6366e5b21761201d9a61861;eoa;0;0;-0,3854;USDC
Sonic;0xa1627a0e1d0ebca9326d2219b84df0c600bed4b1;0x3710b212b39477df2deaadcf16ef56c384a3d142;0xe25e95f75432a79d31256cc3026e24aaa5540882;contract_other;0;0;0;USDC
Sonic;0xa1627a0e1d0ebca9326d2219b84df0c600bed4b1;0x3710b212b39477df2deaadcf16ef56c384a3d142;0xe9d1a164f8130ef73365bc9bac170113f99cd6ea;eoa;0;0;-0,1059;USDC
Sonic;0xa1627a0e1d0ebca9326d2219b84df0c600bed4b1;0x3710b212b39477df2deaadcf16ef56c384a3d142;0xeb41d485bb7e714da845ffabd3b23d4b37caf611;eoa;0;0;0;USDC
Sonic;0xa1627a0e1d0ebca9326d2219b84df0c600bed4b1;0x3710b212b39477df2deaadcf16ef56c384a3d142;0xec26de1b53436b959e534287888a297066cdd37d;eoa;0;0;0;USDC
Sonic;0xa1627a0e1d0ebca9326d2219b84df0c600bed4b1;0x3710b212b39477df2deaadcf16ef56c384a3d142;0xeda49bce2f38d284f839be1f4f2e23e6c7cc7dbd;eoa;0;0;0;USDC
Sonic;0xa1627a0e1d0ebca9326d2219b84df0c600bed4b1;0x3710b212b39477df2deaadcf16ef56c384a3d142;0xfa7e3c1ea5f7f5c4e713aa2d7494abd0e2d55854;eoa;0;0;0;USDC
Sonic;0xa1627a0e1d0ebca9326d2219b84df0c600bed4b1;0x3710b212b39477df2deaadcf16ef56c384a3d142;0xfd7536228d3ec6be71b388e04f77421931b27f16;eoa;0;0;-0,023;USDC
Sonic;0xa1627a0e1d0ebca9326d2219b84df0c600bed4b1;0x3710b212b39477df2deaadcf16ef56c384a3d142;0xffc8678251cd451abb5476822a3eb03ff5ebdb39;contract_other;0;0;0;USDC
Sonic;0xa1627a0e1d0ebca9326d2219b84df0c600bed4b1;0x3710b212b39477df2deaadcf16ef56c384a3d142;0xc73a3e5a887882d8e3d12dabdada470ac373718d;contract_other;0;0;0;USDC
Sonic;0xa1627a0e1d0ebca9326d2219b84df0c600bed4b1;0x3710b212b39477df2deaadcf16ef56c384a3d142;0x347d93b7c7fae17262763912c26ea02a30e2e446;contract_other;0;0;0;USDC
Sonic;0xa1627a0e1d0ebca9326d2219b84df0c600bed4b1;0x3710b212b39477df2deaadcf16ef56c384a3d142;0x1f80ad29759dff3133f49b077b920290552eee83;eoa;0;0;-39,27;USDC
Sonic;0xa1627a0e1d0ebca9326d2219b84df0c600bed4b1;0x3710b212b39477df2deaadcf16ef56c384a3d142;0x2f589cd8d2ae868dc240d3a58e460ad8aa7d4554;contract_other;0;0;0;USDC
Sonic;0xa1627a0e1d0ebca9326d2219b84df0c600bed4b1;0x94e84f3a18a9f318a2915058d4f49c3565bc935e;0x2f403b2c093e85bc1746496952b620fa77949e81;eoa;0;0;-0,094;USDC
Sonic;0xa1627a0e1d0ebca9326d2219b84df0c600bed4b1;0x94e84f3a18a9f318a2915058d4f49c3565bc935e;0xa521e425f37acc731651565b41ce3e5022274f4f;eoa;0;0;0;USDC
Sonic;0xa1627a0e1d0ebca9326d2219b84df0c600bed4b1;0x94e84f3a18a9f318a2915058d4f49c3565bc935e;0xb898d9f058431a134ccd6237277423b3842649b8;eoa;0;0;0;USDC
Sonic;0xa1627a0e1d0ebca9326d2219b84df0c600bed4b1;0x94e84f3a18a9f318a2915058d4f49c3565bc935e;0x8d7b4d479ff11db974cc313d09ed8f5c8661d558;eoa;0;0;0;USDC
Sonic;0xa1627a0e1d0ebca9326d2219b84df0c600bed4b1;0x94e84f3a18a9f318a2915058d4f49c3565bc935e;0x6d4990d67a674ee67ec667905e91f9ad90cae621;eoa;0;0;0;USDC
Sonic;0xa1627a0e1d0ebca9326d2219b84df0c600bed4b1;0x94e84f3a18a9f318a2915058d4f49c3565bc935e;0xaae415992e62228b30a1dd25842cbaca75f8de0a;eoa;0;0;0;USDC
Sonic;0xa1627a0e1d0ebca9326d2219b84df0c600bed4b1;0x94e84f3a18a9f318a2915058d4f49c3565bc935e;0xfacb7faec36c008263b81b1cc1f0783113ae5bef;eoa;0;0;-13,5457;USDC
Sonic;0xa1627a0e1d0ebca9326d2219b84df0c600bed4b1;0x94e84f3a18a9f318a2915058d4f49c3565bc935e;0xfe2fb8587760c8d5960cb7a5ba2f2299edf10506;eoa;0;0;-9,1667;USDC
Sonic;0xa1627a0e1d0ebca9326d2219b84df0c600bed4b1;0x94e84f3a18a9f318a2915058d4f49c3565bc935e;0x33e7ab9405b13147001c7cbcbc98ec17cee430c7;eoa;0;0;0;USDC
Sonic;0xb1412442aa998950f2f652667d5eba35fe66e43f;;0xfb5fcc25527491d3d3a55d1fab273d32af554bff;eoa;50,898398;0;50,898398;scUSD
Sonic;0xb1412442aa998950f2f652667d5eba35fe66e43f;;0x4138f7b064dc467a7c801c8ce19b94c98120a473;eoa;23,100017;0;23,100017;scUSD
Sonic;0xb1412442aa998950f2f652667d5eba35fe66e43f;;0x62a4a8f9f5f3aae9ee9cee780285a0d501c12d09;eoa;10,350048;0;10,350048;scUSD
Sonic;0xb1412442aa998950f2f652667d5eba35fe66e43f;;0xd8e5a6c7cd33d29778cff10ab27333e41f520965;eoa;4,421288;0;4,421288;scUSD
Sonic;0xb1412442aa998950f2f652667d5eba35fe66e43f;0x391b3f70e254d582588b27e97e48d1cfcdf0be7e;0x000000007b91f5c2937100ec91eb2000e292148d;eoa;0;0;0;scUSD
Sonic;0xb1412442aa998950f2f652667d5eba35fe66e43f;0x391b3f70e254d582588b27e97e48d1cfcdf0be7e;0x00236feeac26ef92552e3981096350d136084c64;eoa;0;0;0;scUSD
Sonic;0xb1412442aa998950f2f652667d5eba35fe66e43f;0x391b3f70e254d582588b27e97e48d1cfcdf0be7e;0x009d13e9bec94bf16791098ce4e5c168d27a9f07;eoa;75,676051;0;74,205851;scUSD
Sonic;0xb1412442aa998950f2f652667d5eba35fe66e43f;0x391b3f70e254d582588b27e97e48d1cfcdf0be7e;0x00d69eaf25a939a2e8db6238c9ea055ca9633571;eoa;0;0;0;scUSD
Sonic;0xb1412442aa998950f2f652667d5eba35fe66e43f;0x391b3f70e254d582588b27e97e48d1cfcdf0be7e;0x00fa08456a8a2cd6595065f02ae178c7b155624c;eoa;0;0;0;scUSD
Sonic;0xb1412442aa998950f2f652667d5eba35fe66e43f;0x391b3f70e254d582588b27e97e48d1cfcdf0be7e;0x015f9945f2925a84073f13ae761f4da3fd91f33e;eoa;0,000002;0;0,000002;scUSD
Sonic;0xb1412442aa998950f2f652667d5eba35fe66e43f;0x391b3f70e254d582588b27e97e48d1cfcdf0be7e;0x017b69067d695ee631cee76c8950c09c61fbe2d4;eoa;0;0;0;scUSD
Sonic;0xb1412442aa998950f2f652667d5eba35fe66e43f;0x391b3f70e254d582588b27e97e48d1cfcdf0be7e;0x01e8a979e7c5a1bb5c7af02a5f11263d0af4c19e;eoa;387,417919;0;0,000002;scUSD
Sonic;0xb1412442aa998950f2f652667d5eba35fe66e43f;0x391b3f70e254d582588b27e97e48d1cfcdf0be7e;0x02451877cea0f7b0f5e5e85de3329565ad1b144b;eoa;0;0;0;scUSD
Sonic;0xb1412442aa998950f2f652667d5eba35fe66e43f;0x391b3f70e254d582588b27e97e48d1cfcdf0be7e;0x02608d35121db289427f6fd4fa53e93b5cae0bdf;eoa;0;0;0;scUSD
Sonic;0xb1412442aa998950f2f652667d5eba35fe66e43f;0x391b3f70e254d582588b27e97e48d1cfcdf0be7e;0x02afe5211cd9731b2e65bfc7857e73bda234f6d3;eoa;21,413089;0;20,997089;scUSD
Sonic;0xb1412442aa998950f2f652667d5eba35fe66e43f;0x391b3f70e254d582588b27e97e48d1cfcdf0be7e;0x041a302cb99fcf09e021e481a22fe8985531f707;eoa;0;0;0;scUSD
Sonic;0xb1412442aa998950f2f652667d5eba35fe66e43f;0x391b3f70e254d582588b27e97e48d1cfcdf0be7e;0x0480ecf39debc792c579e7072e35b0c1dd4a79eb;eoa;0,000004;0;0,000004;scUSD
Sonic;0xb1412442aa998950f2f652667d5eba35fe66e43f;0x391b3f70e254d582588b27e97e48d1cfcdf0be7e;0x04fc6d898481b2a46a65ba4939f8e16c8eeb9777;eoa;0;0;0;scUSD
Sonic;0xb1412442aa998950f2f652667d5eba35fe66e43f;0x391b3f70e254d582588b27e97e48d1cfcdf0be7e;0x04fd414cacdbd8742c8adc46230bb11445203c99;eoa;0;0;0;scUSD
Sonic;0xb1412442aa998950f2f652667d5eba35fe66e43f;0x391b3f70e254d582588b27e97e48d1cfcdf0be7e;0x06ba38d6b06d3cab8d53dbe4459423f5b6932d88;eoa;0,000002;0;0,000002;scUSD
Sonic;0xb1412442aa998950f2f652667d5eba35fe66e43f;0x391b3f70e254d582588b27e97e48d1cfcdf0be7e;0x06d85d331ab575b43d4ebb34234d239ebc6335f5;eoa;0;0;0;scUSD
Sonic;0xb1412442aa998950f2f652667d5eba35fe66e43f;0x391b3f70e254d582588b27e97e48d1cfcdf0be7e;0x070ce3376d34fe075ac22a265928963135aa6007;eoa;0;0;0;scUSD
Sonic;0xb1412442aa998950f2f652667d5eba35fe66e43f;0x391b3f70e254d582588b27e97e48d1cfcdf0be7e;0x0753ea263287e506876424b13b11e63d8c2deca8;eoa;0;0;0;scUSD
Sonic;0xb1412442aa998950f2f652667d5eba35fe66e43f;0x391b3f70e254d582588b27e97e48d1cfcdf0be7e;0x0810818c20c456c429ce9139a0dde0946a8c7d0d;eoa;0,000004;0;0,000004;scUSD
Sonic;0xb1412442aa998950f2f652667d5eba35fe66e43f;0x391b3f70e254d582588b27e97e48d1cfcdf0be7e;0x092c9e796839ede09806f0bf968c7f0fa19fd04b;eoa;0;0;0;scUSD
Sonic;0xb1412442aa998950f2f652667d5eba35fe66e43f;0x391b3f70e254d582588b27e97e48d1cfcdf0be7e;0x0937cacde7395af6cd1775c139c1371e20a5047d;eoa;0,000056;0;0,000056;scUSD
Sonic;0xb1412442aa998950f2f652667d5eba35fe66e43f;0x391b3f70e254d582588b27e97e48d1cfcdf0be7e;0x093fba5a705003d4a7d4d911f1b2036641cb5105;eoa;0;0;0;scUSD
Sonic;0xb1412442aa998950f2f652667d5eba35fe66e43f;0x391b3f70e254d582588b27e97e48d1cfcdf0be7e;0x09616650f991411556a0a75663dc866d648e1ef5;eoa;0,000001;0;0,000001;scUSD
Sonic;0xb1412442aa998950f2f652667d5eba35fe66e43f;0x391b3f70e254d582588b27e97e48d1cfcdf0be7e;0x096f7428926141379047043186c4f1d2659cc674;eoa;0,000004;0;0,000004;scUSD
Sonic;0xb1412442aa998950f2f652667d5eba35fe66e43f;0x391b3f70e254d582588b27e97e48d1cfcdf0be7e;0x098cdfe11eaa73513374c50f98fa652b011368e9;eoa;0,000007;0;0;scUSD
Sonic;0xb1412442aa998950f2f652667d5eba35fe66e43f;0x391b3f70e254d582588b27e97e48d1cfcdf0be7e;0x09ef17983377df0629b92bda3b6d16bb26d4e081;eoa;0;0;0;scUSD
Sonic;0xb1412442aa998950f2f652667d5eba35fe66e43f;0x391b3f70e254d582588b27e97e48d1cfcdf0be7e;0x0a96bc2655747adae68d454e1df83111860eaedd;eoa;0,000001;0;0,000001;scUSD
Sonic;0xb1412442aa998950f2f652667d5eba35fe66e43f;0x391b3f70e254d582588b27e97e48d1cfcdf0be7e;0x0afca7caa2f7378ea146e3393fb1c2d2db8c495e;eoa;0;0;0;scUSD
Sonic;0xb1412442aa998950f2f652667d5eba35fe66e43f;0x391b3f70e254d582588b27e97e48d1cfcdf0be7e;0x0b20a6140118be0235db1bcb0dfa96d5d656ca51;eoa;0,000037;0;0,000037;scUSD
Sonic;0xb1412442aa998950f2f652667d5eba35fe66e43f;0x391b3f70e254d582588b27e97e48d1cfcdf0be7e;0x0bd7e05e55658571a7d75e38182314d9152339a0;eoa;0,000002;0;0,000002;scUSD
Sonic;0xb1412442aa998950f2f652667d5eba35fe66e43f;0x391b3f70e254d582588b27e97e48d1cfcdf0be7e;0x0c891d8c4edf975a712706f0444df285ea88c238;eoa;0;0;0;scUSD
Sonic;0xb1412442aa998950f2f652667d5eba35fe66e43f;0x391b3f70e254d582588b27e97e48d1cfcdf0be7e;0x0cf50a25ac53f0f14e8be85dff37cbef18c64aea;eoa;0;0;0;scUSD
Sonic;0xb1412442aa998950f2f652667d5eba35fe66e43f;0x391b3f70e254d582588b27e97e48d1cfcdf0be7e;0x0d9a29106954c0473a140c7e570e99e8e40798c9;eoa;0,000004;0;0;scUSD
Sonic;0xb1412442aa998950f2f652667d5eba35fe66e43f;0x391b3f70e254d582588b27e97e48d1cfcdf0be7e;0x0e7a3d10a17149e4a47a04f675fb2e8ca1270137;eoa;0;0;0;scUSD
Sonic;0xb1412442aa998950f2f652667d5eba35fe66e43f;0x391b3f70e254d582588b27e97e48d1cfcdf0be7e;0x0eb9ec4a815b3f1280092f0fd33574ff1e396f32;eoa;0,000001;0;0,000001;scUSD
Sonic;0xb1412442aa998950f2f652667d5eba35fe66e43f;0x391b3f70e254d582588b27e97e48d1cfcdf0be7e;0x0edd6eced51b0f0ee830d891ba230ac39ff6f5b3;contract_other;0;0;0;scUSD
Sonic;0xb1412442aa998950f2f652667d5eba35fe66e43f;0x391b3f70e254d582588b27e97e48d1cfcdf0be7e;0x0fc0a00a2d96ba9d6df0d1f83d42d3c12178d85e;eoa;0;0;0;scUSD
Sonic;0xb1412442aa998950f2f652667d5eba35fe66e43f;0x391b3f70e254d582588b27e97e48d1cfcdf0be7e;0x0ff2a5a9ec3ff547ec591f5bddbe4fb146743131;eoa;0;0;0;scUSD
Sonic;0xb1412442aa998950f2f652667d5eba35fe66e43f;0x391b3f70e254d582588b27e97e48d1cfcdf0be7e;0x0ff4796b22abedb7e664cf05f957315fbaf662a3;eoa;0;0;0;scUSD
Sonic;0xb1412442aa998950f2f652667d5eba35fe66e43f;0x391b3f70e254d582588b27e97e48d1cfcdf0be7e;0x10e3085127c9bd92ab325f8d1f65cdcec2436149;eoa;0,000001;0;0,000001;scUSD
Sonic;0xb1412442aa998950f2f652667d5eba35fe66e43f;0x391b3f70e254d582588b27e97e48d1cfcdf0be7e;0x126ff8fabec84ef8a96f25dd0c2668fb9b7e7088;eoa;0;0;0;scUSD
Sonic;0xb1412442aa998950f2f652667d5eba35fe66e43f;0x391b3f70e254d582588b27e97e48d1cfcdf0be7e;0x130ae7df6c8da420dd0a279872f41af3be8e9c34;eoa;0,000001;0;0,000001;scUSD
Sonic;0xb1412442aa998950f2f652667d5eba35fe66e43f;0x391b3f70e254d582588b27e97e48d1cfcdf0be7e;0x135e26611ec5858d630b21caff15e02c777abffa;eoa;0;0;0;scUSD
Sonic;0xb1412442aa998950f2f652667d5eba35fe66e43f;0x391b3f70e254d582588b27e97e48d1cfcdf0be7e;0x137a48f028be804425428cdd1591675a583235e0;eoa;0;0;0;scUSD
Sonic;0xb1412442aa998950f2f652667d5eba35fe66e43f;0x391b3f70e254d582588b27e97e48d1cfcdf0be7e;0x13febafd403ec13a19df014c69c386dc0511ba2b;eoa;0;0;0;scUSD
Sonic;0xb1412442aa998950f2f652667d5eba35fe66e43f;0x391b3f70e254d582588b27e97e48d1cfcdf0be7e;0x14185cd1b89705ca016285f98a12333c21d16fe3;eoa;0;0;0;scUSD
Sonic;0xb1412442aa998950f2f652667d5eba35fe66e43f;0x391b3f70e254d582588b27e97e48d1cfcdf0be7e;0x14678258627f4d2266098f15d012b72510637f3a;eoa;0;0;0;scUSD
Sonic;0xb1412442aa998950f2f652667d5eba35fe66e43f;0x391b3f70e254d582588b27e97e48d1cfcdf0be7e;0x148700c532c261269fa0320cc23e4cc7c99deec6;eoa;0;0;0;scUSD
Sonic;0xb1412442aa998950f2f652667d5eba35fe66e43f;0x391b3f70e254d582588b27e97e48d1cfcdf0be7e;0x14b606b509fbac1b71967d0c21d3085ce82ab9fe;erc4626_unresolved;0,000005;0;0,000005;scUSD
Sonic;0xb1412442aa998950f2f652667d5eba35fe66e43f;0x391b3f70e254d582588b27e97e48d1cfcdf0be7e;0x14c02711a4678fc7de388e77e99b07753c856e84;eoa;0;0;0;scUSD
Sonic;0xb1412442aa998950f2f652667d5eba35fe66e43f;0x391b3f70e254d582588b27e97e48d1cfcdf0be7e;0x14fd7d24ebf81196dfd6d3af740d5024071859f8;eoa;0;0;0;scUSD
Sonic;0xb1412442aa998950f2f652667d5eba35fe66e43f;0x391b3f70e254d582588b27e97e48d1cfcdf0be7e;0x1537f50886d87dfb1916446e971cf57f41d874b7;eoa;0,000002;0;0,000002;scUSD
Sonic;0xb1412442aa998950f2f652667d5eba35fe66e43f;0x391b3f70e254d582588b27e97e48d1cfcdf0be7e;0x1563c4751ad2be48fd17464b73585b6ba8b6a5f0;eoa;0,000003;0;0;scUSD
Sonic;0xb1412442aa998950f2f652667d5eba35fe66e43f;0x391b3f70e254d582588b27e97e48d1cfcdf0be7e;0x15d97bc1ee906dd4ead16f746fb7f80d1c556a76;eoa;0;0;0;scUSD
Sonic;0xb1412442aa998950f2f652667d5eba35fe66e43f;0x391b3f70e254d582588b27e97e48d1cfcdf0be7e;0x15f73aec010ee6b835cb176998ac89183a8ed2f2;eoa;0,000001;0;0,000001;scUSD
Sonic;0xb1412442aa998950f2f652667d5eba35fe66e43f;0x391b3f70e254d582588b27e97e48d1cfcdf0be7e;0x161d9b5d6e3ed8d9c1d36a7caf971901c60b9222;eoa;0;0;0;scUSD
Sonic;0xb1412442aa998950f2f652667d5eba35fe66e43f;0x391b3f70e254d582588b27e97e48d1cfcdf0be7e;0x164c54cf5a1038a5af527e67d881f611fcc34a5f;eoa;0,000003;0;0,000003;scUSD
Sonic;0xb1412442aa998950f2f652667d5eba35fe66e43f;0x391b3f70e254d582588b27e97e48d1cfcdf0be7e;0x18074ae62cee786ccd713aa12430338f08512b89;contract_other;0,000001;0;0,000001;scUSD
Sonic;0xb1412442aa998950f2f652667d5eba35fe66e43f;0x391b3f70e254d582588b27e97e48d1cfcdf0be7e;0x18ee6c84be86f83aa2c3dabd557b37ab0c38b551;eoa;0,000001;0;0,000001;scUSD
Sonic;0xb1412442aa998950f2f652667d5eba35fe66e43f;0x391b3f70e254d582588b27e97e48d1cfcdf0be7e;0x192edf294c0a6f764ff9d10ee95f4861d82611df;eoa;0;0;0;scUSD
Sonic;0xb1412442aa998950f2f652667d5eba35fe66e43f;0x391b3f70e254d582588b27e97e48d1cfcdf0be7e;0x195e2d093f74d710360d743c40f83374106c1ffb;eoa;0,000001;0;0,000001;scUSD
Sonic;0xb1412442aa998950f2f652667d5eba35fe66e43f;0x391b3f70e254d582588b27e97e48d1cfcdf0be7e;0x1a3390579045621f55db0d037a3f870c3d1f69bf;eoa;0;0;0;scUSD
Sonic;0xb1412442aa998950f2f652667d5eba35fe66e43f;0x391b3f70e254d582588b27e97e48d1cfcdf0be7e;0x1a514512744409090222375dd1cd6c35c978d36f;eoa;0;0;0;scUSD
Sonic;0xb1412442aa998950f2f652667d5eba35fe66e43f;0x391b3f70e254d582588b27e97e48d1cfcdf0be7e;0x1ace35d5350da1b71bd7e9e7f5a09ff6cf14d2d6;eoa;0,000022;0;0,000022;scUSD
Sonic;0xb1412442aa998950f2f652667d5eba35fe66e43f;0x391b3f70e254d582588b27e97e48d1cfcdf0be7e;0x1b54dfff8aa09f16fb2aae02e0eb4d6f6a3be96f;eoa;0;0;0;scUSD
Sonic;0xb1412442aa998950f2f652667d5eba35fe66e43f;0x391b3f70e254d582588b27e97e48d1cfcdf0be7e;0x1bc8c6c06a43e3fbb2ebc613e0ebc0ecb95b5937;eoa;0;0;0;scUSD
Sonic;0xb1412442aa998950f2f652667d5eba35fe66e43f;0x391b3f70e254d582588b27e97e48d1cfcdf0be7e;0x1c48dda625cbc60373dc9fd73171d7a2f6d431c1;eoa;0,000001;0;0,000001;scUSD
Sonic;0xb1412442aa998950f2f652667d5eba35fe66e43f;0x391b3f70e254d582588b27e97e48d1cfcdf0be7e;0x1c8e219f9c55fbec6e697c00c2d91c2d06269eeb;contract_other;0,000005;0;0,000005;scUSD
Sonic;0xb1412442aa998950f2f652667d5eba35fe66e43f;0x391b3f70e254d582588b27e97e48d1cfcdf0be7e;0x1c9d8823aebe15ce970d8ebca19dfa493f26c62a;eoa;0,000005;0;0,000005;scUSD
Sonic;0xb1412442aa998950f2f652667d5eba35fe66e43f;0x391b3f70e254d582588b27e97e48d1cfcdf0be7e;0x1cd14801537a3d1550b7e30a9ed59bf68d8cbc84;eoa;0,000005;0;0,000005;scUSD
Sonic;0xb1412442aa998950f2f652667d5eba35fe66e43f;0x391b3f70e254d582588b27e97e48d1cfcdf0be7e;0x1d82cfe97c7c47c6f486a2ee51d7c5dd7bf031ef;eoa;0;0;0;scUSD
Sonic;0xb1412442aa998950f2f652667d5eba35fe66e43f;0x391b3f70e254d582588b27e97e48d1cfcdf0be7e;0x1d99b3711c440cfbcc58ff5460d79b1f3eef2e31;eoa;0;0;0;scUSD
Sonic;0xb1412442aa998950f2f652667d5eba35fe66e43f;0x391b3f70e254d582588b27e97e48d1cfcdf0be7e;0x1da29ca4e330f0faa816edb6b55b46f9ee453f7f;eoa;0;0;0;scUSD
Sonic;0xb1412442aa998950f2f652667d5eba35fe66e43f;0x391b3f70e254d582588b27e97e48d1cfcdf0be7e;0x1e2a94a04879e80b2ed1956d3a83dde3d422976c;eoa;0,000001;0;0,000001;scUSD
Sonic;0xb1412442aa998950f2f652667d5eba35fe66e43f;0x391b3f70e254d582588b27e97e48d1cfcdf0be7e;0x1e86cfe4dbb4a605d78c03636ed93a9d28bf8afa;eoa;0;0;0;scUSD
Sonic;0xb1412442aa998950f2f652667d5eba35fe66e43f;0x391b3f70e254d582588b27e97e48d1cfcdf0be7e;0x1eda8196bc0b0195bf35d5abf10df9135f0a60d7;eoa;0;0;0;scUSD
Sonic;0xb1412442aa998950f2f652667d5eba35fe66e43f;0x391b3f70e254d582588b27e97e48d1cfcdf0be7e;0x1f2b74ad67b407b6f6866bcb4f1eb308b9a3cacb;eoa;0;0;0;scUSD
Sonic;0xb1412442aa998950f2f652667d5eba35fe66e43f;0x391b3f70e254d582588b27e97e48d1cfcdf0be7e;0x1f4b52ee54b3428741a84355665ea0c8f39d472b;eoa;0,000006;0;0,000006;scUSD
Sonic;0xb1412442aa998950f2f652667d5eba35fe66e43f;0x391b3f70e254d582588b27e97e48d1cfcdf0be7e;0x1fe809df2a62fe97366593146abeabf837c066c3;eoa;0,000007;0;0,000007;scUSD
Sonic;0xb1412442aa998950f2f652667d5eba35fe66e43f;0x391b3f70e254d582588b27e97e48d1cfcdf0be7e;0x20195a75b9807675a13c766c0b968e9301d8c66b;eoa;0;0;0;scUSD
Sonic;0xb1412442aa998950f2f652667d5eba35fe66e43f;0x391b3f70e254d582588b27e97e48d1cfcdf0be7e;0x204dac213492a815421a2735c0d06dba0cf99caf;eoa;0,000001;0;0,000001;scUSD
Sonic;0xb1412442aa998950f2f652667d5eba35fe66e43f;0x391b3f70e254d582588b27e97e48d1cfcdf0be7e;0x216be7c987b81a71bc0198b98752bb4a51be18ec;eoa;0,000004;0;0,000004;scUSD
Sonic;0xb1412442aa998950f2f652667d5eba35fe66e43f;0x391b3f70e254d582588b27e97e48d1cfcdf0be7e;0x22e916361cf092c02a12ffc57a55447ee1a6da3f;eoa;0;0;0;scUSD
Sonic;0xb1412442aa998950f2f652667d5eba35fe66e43f;0x391b3f70e254d582588b27e97e48d1cfcdf0be7e;0x22ed9c1218261190bc3b2606827788a4e75fae58;eoa;0;0;0;scUSD
Sonic;0xb1412442aa998950f2f652667d5eba35fe66e43f;0x391b3f70e254d582588b27e97e48d1cfcdf0be7e;0x22f34f08406073bd27239cbacf7942ba0477704a;eoa;0;0;0;scUSD
Sonic;0xb1412442aa998950f2f652667d5eba35fe66e43f;0x391b3f70e254d582588b27e97e48d1cfcdf0be7e;0x23fce5de29d7ab382a9aecd2e727167c6747496a;eoa;0;0;0;scUSD
Sonic;0xb1412442aa998950f2f652667d5eba35fe66e43f;0x391b3f70e254d582588b27e97e48d1cfcdf0be7e;0x2406017a9c9d34608f67b46047a94c577d884b72;eoa;0,000006;0;0,000006;scUSD
Sonic;0xb1412442aa998950f2f652667d5eba35fe66e43f;0x391b3f70e254d582588b27e97e48d1cfcdf0be7e;0x2493f2630733b8a962cd1688ffb984e613438ab8;eoa;0;0;0;scUSD
Sonic;0xb1412442aa998950f2f652667d5eba35fe66e43f;0x391b3f70e254d582588b27e97e48d1cfcdf0be7e;0x24d43f2addc5ef70f28ee30644043d6c888041a1;eoa;0;0;0;scUSD
Sonic;0xb1412442aa998950f2f652667d5eba35fe66e43f;0x391b3f70e254d582588b27e97e48d1cfcdf0be7e;0x24e9a18a75faceedd14aeee845c0b8c66f112f91;eoa;0;0;0;scUSD
Sonic;0xb1412442aa998950f2f652667d5eba35fe66e43f;0x391b3f70e254d582588b27e97e48d1cfcdf0be7e;0x256455b367f1dd4438aa53cdbfd40782a2ced64e;eoa;0,000001;0;0,000001;scUSD
Sonic;0xb1412442aa998950f2f652667d5eba35fe66e43f;0x391b3f70e254d582588b27e97e48d1cfcdf0be7e;0x261aec3ff5982d4bf982c00857bf02aac731f313;eoa;0;0;0;scUSD
Sonic;0xb1412442aa998950f2f652667d5eba35fe66e43f;0x391b3f70e254d582588b27e97e48d1cfcdf0be7e;0x27c96cb81ec17ba06b2875c3e118b49d0aa3f04b;eoa;0;0;0;scUSD
Sonic;0xb1412442aa998950f2f652667d5eba35fe66e43f;0x391b3f70e254d582588b27e97e48d1cfcdf0be7e;0x27d475c8279fe603647a976cf55b657b0cef8070;eoa;0;0;0;scUSD
Sonic;0xb1412442aa998950f2f652667d5eba35fe66e43f;0x391b3f70e254d582588b27e97e48d1cfcdf0be7e;0x284d0a8b18ca3d01590f772bd6131ec25f765beb;eoa;0,000001;0;0,000001;scUSD
Sonic;0xb1412442aa998950f2f652667d5eba35fe66e43f;0x391b3f70e254d582588b27e97e48d1cfcdf0be7e;0x28cf61a0a50f09dfb64c54a5717f430e31101630;eoa;0;0;0;scUSD
Sonic;0xb1412442aa998950f2f652667d5eba35fe66e43f;0x391b3f70e254d582588b27e97e48d1cfcdf0be7e;0x28e8469dfd89e9f09abf3bcdcfb9f802c3f022f4;eoa;0,000001;0;0,000001;scUSD
Sonic;0xb1412442aa998950f2f652667d5eba35fe66e43f;0x391b3f70e254d582588b27e97e48d1cfcdf0be7e;0x29e2c919e36c0583582bf5e39ff542e3c8b88c47;eoa;0;0;0;scUSD
Sonic;0xb1412442aa998950f2f652667d5eba35fe66e43f;0x391b3f70e254d582588b27e97e48d1cfcdf0be7e;0x2a607a8ec3960b8da4aa70681405c80b6026b8dc;eoa;0,000001;0;0,000001;scUSD
Sonic;0xb1412442aa998950f2f652667d5eba35fe66e43f;0x391b3f70e254d582588b27e97e48d1cfcdf0be7e;0x2c177735792af1f07b37fc44fb875c18be3fb4fc;eoa;0;0;0;scUSD
Sonic;0xb1412442aa998950f2f652667d5eba35fe66e43f;0x391b3f70e254d582588b27e97e48d1cfcdf0be7e;0x2d02c9c3ae8e861997b4bcf4c0b19d2ecd2e26fc;eoa;0;0;0;scUSD
Sonic;0xb1412442aa998950f2f652667d5eba35fe66e43f;0x391b3f70e254d582588b27e97e48d1cfcdf0be7e;0x2d4a925a52fdd839f096142d3d58e4af31ca4828;eoa;0;0;0;scUSD
Sonic;0xb1412442aa998950f2f652667d5eba35fe66e43f;0x391b3f70e254d582588b27e97e48d1cfcdf0be7e;0x2d5e088c705e4370a6f35c4eaaa10d0e9de6c895;eoa;0;0;0;scUSD
Sonic;0xb1412442aa998950f2f652667d5eba35fe66e43f;0x391b3f70e254d582588b27e97e48d1cfcdf0be7e;0x2d7f5212e93740a74b99d8a0799b4514061dbda5;eoa;0,000024;0;0,000024;scUSD
Sonic;0xb1412442aa998950f2f652667d5eba35fe66e43f;0x391b3f70e254d582588b27e97e48d1cfcdf0be7e;0x2dafc44402ed2caf583aa557a8ced0f5dffcf8ae;eoa;0;0;0;scUSD
Sonic;0xb1412442aa998950f2f652667d5eba35fe66e43f;0x391b3f70e254d582588b27e97e48d1cfcdf0be7e;0x2dbfb97cc4861e09e0ab73be4ce33a490c6717ed;eoa;0;0;0;scUSD
Sonic;0xb1412442aa998950f2f652667d5eba35fe66e43f;0x391b3f70e254d582588b27e97e48d1cfcdf0be7e;0x2e25e28f2c5e293af8871fb6c57323cb3930c37f;eoa;0;0;0;scUSD
Sonic;0xb1412442aa998950f2f652667d5eba35fe66e43f;0x391b3f70e254d582588b27e97e48d1cfcdf0be7e;0x2e599f336559ea8ef563f26779992ff2f392ee92;eoa;0;0;0;scUSD
Sonic;0xb1412442aa998950f2f652667d5eba35fe66e43f;0x391b3f70e254d582588b27e97e48d1cfcdf0be7e;0x300afbe08ee4619ec93524f9255ce59a013a5b63;eoa;0;0;0;scUSD
Sonic;0xb1412442aa998950f2f652667d5eba35fe66e43f;0x391b3f70e254d582588b27e97e48d1cfcdf0be7e;0x318b01ab7b0fafbc4dad578488674643206fe192;eoa;0,000003;0;0,000003;scUSD
Sonic;0xb1412442aa998950f2f652667d5eba35fe66e43f;0x391b3f70e254d582588b27e97e48d1cfcdf0be7e;0x3205ba3c9e3bc6f947fd95dd18339cae516e40c7;eoa;0;0;0;scUSD
Sonic;0xb1412442aa998950f2f652667d5eba35fe66e43f;0x391b3f70e254d582588b27e97e48d1cfcdf0be7e;0x323273736dc92520021578be759fe87fbee788aa;eoa;0,000001;0;0,000001;scUSD
Sonic;0xb1412442aa998950f2f652667d5eba35fe66e43f;0x391b3f70e254d582588b27e97e48d1cfcdf0be7e;0x33352c5e94fb2404094a67f1ed0960933458a636;eoa;0,000016;0;0,000016;scUSD
Sonic;0xb1412442aa998950f2f652667d5eba35fe66e43f;0x391b3f70e254d582588b27e97e48d1cfcdf0be7e;0x333b72521dd9cac06b3677d8b996821ddb0b4aa2;eoa;0,000001;0;0,000001;scUSD
Sonic;0xb1412442aa998950f2f652667d5eba35fe66e43f;0x391b3f70e254d582588b27e97e48d1cfcdf0be7e;0x33e7ab9405b13147001c7cbcbc98ec17cee430c7;eoa;0;0;-1,9039;scUSD
Sonic;0xb1412442aa998950f2f652667d5eba35fe66e43f;0x391b3f70e254d582588b27e97e48d1cfcdf0be7e;0x340f78744bcfa4762f66654964908d8369d1bde5;contract_other;0;0;0;scUSD
Sonic;0xb1412442aa998950f2f652667d5eba35fe66e43f;0x391b3f70e254d582588b27e97e48d1cfcdf0be7e;0x34327028c727613872cd80122b9a489a4b9c0bfa;eoa;0,000001;0;0,000001;scUSD
Sonic;0xb1412442aa998950f2f652667d5eba35fe66e43f;0x391b3f70e254d582588b27e97e48d1cfcdf0be7e;0x344290fc20681b35d5b8f32c6d155fd45eaecd64;eoa;0,000001;0;0,000001;scUSD
Sonic;0xb1412442aa998950f2f652667d5eba35fe66e43f;0x391b3f70e254d582588b27e97e48d1cfcdf0be7e;0x34fe84c0f5d30b15c97010359a411bc6164e3ac9;eoa;0;0;0;scUSD
Sonic;0xb1412442aa998950f2f652667d5eba35fe66e43f;0x391b3f70e254d582588b27e97e48d1cfcdf0be7e;0x357ae2fea8aeac0f55dea43fe70ce15f4af06c64;eoa;0,000002;0;0,000002;scUSD
Sonic;0xb1412442aa998950f2f652667d5eba35fe66e43f;0x391b3f70e254d582588b27e97e48d1cfcdf0be7e;0x35b275c4f8ac2240bf9c63dcd352ed0190b81f3a;eoa;0,000001;0;0,000001;scUSD
Sonic;0xb1412442aa998950f2f652667d5eba35fe66e43f;0x391b3f70e254d582588b27e97e48d1cfcdf0be7e;0x35fadf310e5c90f38c05f4f30a010cf6e86fc0e9;eoa;0,000001;0;0,000001;scUSD
Sonic;0xb1412442aa998950f2f652667d5eba35fe66e43f;0x391b3f70e254d582588b27e97e48d1cfcdf0be7e;0x36c3b55ce7372f5136c606dd5da66f75c1365734;eoa;0,000002;0;0,000002;scUSD
Sonic;0xb1412442aa998950f2f652667d5eba35fe66e43f;0x391b3f70e254d582588b27e97e48d1cfcdf0be7e;0x37c08b8935a51e236f030fd9be48363cc2fa4321;eoa;0;0;0;scUSD
Sonic;0xb1412442aa998950f2f652667d5eba35fe66e43f;0x391b3f70e254d582588b27e97e48d1cfcdf0be7e;0x37d44f1cdc80596202bf9560eb59f644332c7497;eoa;0,000002;0;0,000002;scUSD
Sonic;0xb1412442aa998950f2f652667d5eba35fe66e43f;0x391b3f70e254d582588b27e97e48d1cfcdf0be7e;0x3846e7a1a5dea3f43104ed89ff0e6ffd1cc74b6e;eoa;0,000002;0;0,000002;scUSD
Sonic;0xb1412442aa998950f2f652667d5eba35fe66e43f;0x391b3f70e254d582588b27e97e48d1cfcdf0be7e;0x39129dcdc2f836653b6391edd991be4f4b675c8d;eoa;0;0;0;scUSD
Sonic;0xb1412442aa998950f2f652667d5eba35fe66e43f;0x391b3f70e254d582588b27e97e48d1cfcdf0be7e;0x3967d78660bcbc95c625d58a40c42ce10bd905d6;eoa;0;0;0;scUSD
Sonic;0xb1412442aa998950f2f652667d5eba35fe66e43f;0x391b3f70e254d582588b27e97e48d1cfcdf0be7e;0x3996abad3dd9a1710458dc9289bfc8e6b14f7572;eoa;0,000002;0;0,000002;scUSD
Sonic;0xb1412442aa998950f2f652667d5eba35fe66e43f;0x391b3f70e254d582588b27e97e48d1cfcdf0be7e;0x3a33c49717d265251ef1039b863404e4a0755647;eoa;0,000002;0;0,000002;scUSD
Sonic;0xb1412442aa998950f2f652667d5eba35fe66e43f;0x391b3f70e254d582588b27e97e48d1cfcdf0be7e;0x3a40d2df20529b190e5a3bc1a283c19b23310f15;eoa;0;0;0;scUSD
Sonic;0xb1412442aa998950f2f652667d5eba35fe66e43f;0x391b3f70e254d582588b27e97e48d1cfcdf0be7e;0x3a7b94990521fa16037403328adcad2ef5f71e79;eoa;0,000003;0;0,000003;scUSD
Sonic;0xb1412442aa998950f2f652667d5eba35fe66e43f;0x391b3f70e254d582588b27e97e48d1cfcdf0be7e;0x3b022a2264256ddd7de70b8e636045cc466768a0;eoa;0;0;0;scUSD
Sonic;0xb1412442aa998950f2f652667d5eba35fe66e43f;0x391b3f70e254d582588b27e97e48d1cfcdf0be7e;0x3b1594b3baa8e6602b2bb21c7875df15e0298dda;eoa;0;0;0;scUSD
Sonic;0xb1412442aa998950f2f652667d5eba35fe66e43f;0x391b3f70e254d582588b27e97e48d1cfcdf0be7e;0x3bd615e645418540bf53e2f52553d146b19db0e7;contract_other;0;0;0;scUSD
Sonic;0xb1412442aa998950f2f652667d5eba35fe66e43f;0x391b3f70e254d582588b27e97e48d1cfcdf0be7e;0x3c173f1baf9f97bf244796c0179952a6a2e9c248;eoa;0;0;0;scUSD
Sonic;0xb1412442aa998950f2f652667d5eba35fe66e43f;0x391b3f70e254d582588b27e97e48d1cfcdf0be7e;0x3c5aac016ef2f178e8699d6208796a2d67557fe2;eoa;0;0;0;scUSD
Sonic;0xb1412442aa998950f2f652667d5eba35fe66e43f;0x391b3f70e254d582588b27e97e48d1cfcdf0be7e;0x3c7bc2bf27e0a91ecd97dba1325af61e4cf47efd;eoa;0;0;-0,102896;scUSD
Sonic;0xb1412442aa998950f2f652667d5eba35fe66e43f;0x391b3f70e254d582588b27e97e48d1cfcdf0be7e;0x3d3a32f9c980a9187ab451c962756e6e5e344630;eoa;0,000003;0;0,000003;scUSD
Sonic;0xb1412442aa998950f2f652667d5eba35fe66e43f;0x391b3f70e254d582588b27e97e48d1cfcdf0be7e;0x3d8cf44efa1a56b2de2a768908d3da4fb6062818;eoa;0,000003;0;0,000003;scUSD
Sonic;0xb1412442aa998950f2f652667d5eba35fe66e43f;0x391b3f70e254d582588b27e97e48d1cfcdf0be7e;0x3e5d788fd8bec4f85bac9881d8136e04f2d653d2;eoa;0,000005;0;0,000005;scUSD
Sonic;0xb1412442aa998950f2f652667d5eba35fe66e43f;0x391b3f70e254d582588b27e97e48d1cfcdf0be7e;0x3e8b623e71c3181fe292a47876a4be4c5510843b;eoa;0;0;0;scUSD
Sonic;0xb1412442aa998950f2f652667d5eba35fe66e43f;0x391b3f70e254d582588b27e97e48d1cfcdf0be7e;0x3ef000bae3e8105be55f76fda784fd7d69cff30e;eoa;0;0;0;scUSD
Sonic;0xb1412442aa998950f2f652667d5eba35fe66e43f;0x391b3f70e254d582588b27e97e48d1cfcdf0be7e;0x3f888f4e16a08c6b3745ddbade98e24569852fa4;eoa;0,000001;0;0,000001;scUSD
Sonic;0xb1412442aa998950f2f652667d5eba35fe66e43f;0x391b3f70e254d582588b27e97e48d1cfcdf0be7e;0x3f934f59f5cff412ded98c07746fe564726bd7b3;eoa;0;0;0;scUSD
Sonic;0xb1412442aa998950f2f652667d5eba35fe66e43f;0x391b3f70e254d582588b27e97e48d1cfcdf0be7e;0x415669455d93b755efe7f20ef6f1dbdce7f68f7d;erc4626_unresolved;0,000018;0;0,000018;scUSD
Sonic;0xb1412442aa998950f2f652667d5eba35fe66e43f;0x391b3f70e254d582588b27e97e48d1cfcdf0be7e;0x41a6ac7f4e4dbffeb934f95f1db58b68c76dc4df;eoa;0,000004;0;0;scUSD
Sonic;0xb1412442aa998950f2f652667d5eba35fe66e43f;0x391b3f70e254d582588b27e97e48d1cfcdf0be7e;0x41ec34df925bdb08110732f23d7434e2d2dbb915;eoa;0,000009;0;0,000009;scUSD
Sonic;0xb1412442aa998950f2f652667d5eba35fe66e43f;0x391b3f70e254d582588b27e97e48d1cfcdf0be7e;0x424373a9adbb93619a346448afb9543a3c768268;eoa;0,000002;0;0,000002;scUSD
Sonic;0xb1412442aa998950f2f652667d5eba35fe66e43f;0x391b3f70e254d582588b27e97e48d1cfcdf0be7e;0x42a528b769cfb8e4720919446919b5848d6bb458;eoa;0;0;0;scUSD
Sonic;0xb1412442aa998950f2f652667d5eba35fe66e43f;0x391b3f70e254d582588b27e97e48d1cfcdf0be7e;0x42f78b2ea85851135064bb1179011b5cadedf63c;eoa;0,000001;0;0,000001;scUSD
Sonic;0xb1412442aa998950f2f652667d5eba35fe66e43f;0x391b3f70e254d582588b27e97e48d1cfcdf0be7e;0x4450d6b6258c0b07ea54609ed833bd367ab5743d;contract_other;0;0;0;scUSD
Sonic;0xb1412442aa998950f2f652667d5eba35fe66e43f;0x391b3f70e254d582588b27e97e48d1cfcdf0be7e;0x44a5aa2d447392161a03f670181852675b9709f7;eoa;0,000004;0;0,000004;scUSD
Sonic;0xb1412442aa998950f2f652667d5eba35fe66e43f;0x391b3f70e254d582588b27e97e48d1cfcdf0be7e;0x44e26e7c6bfc50cd04fe71376347c6dab2a3b5db;eoa;0,000001;0;0,000001;scUSD
Sonic;0xb1412442aa998950f2f652667d5eba35fe66e43f;0x391b3f70e254d582588b27e97e48d1cfcdf0be7e;0x452eef5b538e3fed4fca31326678a0a51e0e335d;eoa;0;0;0;scUSD
Sonic;0xb1412442aa998950f2f652667d5eba35fe66e43f;0x391b3f70e254d582588b27e97e48d1cfcdf0be7e;0x453e8af62bfe737a0e05125020da45f17156a1f9;eoa;0;0;0;scUSD
Sonic;0xb1412442aa998950f2f652667d5eba35fe66e43f;0x391b3f70e254d582588b27e97e48d1cfcdf0be7e;0x46b4247687dbd4c129767999c72e1e3031502709;eoa;0,000001;0;0,000001;scUSD
Sonic;0xb1412442aa998950f2f652667d5eba35fe66e43f;0x391b3f70e254d582588b27e97e48d1cfcdf0be7e;0x46de309fdc62484cd9f061e46b4d1489065c6e38;eoa;0;0;0;scUSD
Sonic;0xb1412442aa998950f2f652667d5eba35fe66e43f;0x391b3f70e254d582588b27e97e48d1cfcdf0be7e;0x478cf582d315222f286f24b70516df5fff0b18bc;eoa;0;0;0;scUSD
Sonic;0xb1412442aa998950f2f652667d5eba35fe66e43f;0x391b3f70e254d582588b27e97e48d1cfcdf0be7e;0x4830c4ba5f446ce87c144ef92b5f68df9cb77100;eoa;0,000025;0;0,000025;scUSD
Sonic;0xb1412442aa998950f2f652667d5eba35fe66e43f;0x391b3f70e254d582588b27e97e48d1cfcdf0be7e;0x48cd090c9e8a9954b0955c8b87754031d90c4955;eoa;0;0;0;scUSD
Sonic;0xb1412442aa998950f2f652667d5eba35fe66e43f;0x391b3f70e254d582588b27e97e48d1cfcdf0be7e;0x498afecb37af3f00e3f4ad18c8865257df5ecd8d;eoa;0;0;0;scUSD
Sonic;0xb1412442aa998950f2f652667d5eba35fe66e43f;0x391b3f70e254d582588b27e97e48d1cfcdf0be7e;0x49f3d56cba6f2d12e851b3c40abbc8a0e92bd21a;eoa;0;0;0;scUSD
Sonic;0xb1412442aa998950f2f652667d5eba35fe66e43f;0x391b3f70e254d582588b27e97e48d1cfcdf0be7e;0x4a0904e50d759a9d70db078a2249ce638caeaa2e;eoa;0,000002;0;0,000002;scUSD
Sonic;0xb1412442aa998950f2f652667d5eba35fe66e43f;0x391b3f70e254d582588b27e97e48d1cfcdf0be7e;0x4c764ed0cf2ad12c105d9e2d6de0b4320a9de3cb;eoa;0,000001;0;0,000001;scUSD
Sonic;0xb1412442aa998950f2f652667d5eba35fe66e43f;0x391b3f70e254d582588b27e97e48d1cfcdf0be7e;0x4c8438b7918be55d5f401ee94e4f310bc65655ea;eoa;0,000001;0;0,000001;scUSD
Sonic;0xb1412442aa998950f2f652667d5eba35fe66e43f;0x391b3f70e254d582588b27e97e48d1cfcdf0be7e;0x4caa02e0a0db025af25de5b4fda68a00427ba307;contract_other;0,000004;0;0,000004;scUSD
Sonic;0xb1412442aa998950f2f652667d5eba35fe66e43f;0x391b3f70e254d582588b27e97e48d1cfcdf0be7e;0x4d2f4ce24a5dc999ce6300a8528029992145059b;eoa;0,000001;0;0,000001;scUSD
Sonic;0xb1412442aa998950f2f652667d5eba35fe66e43f;0x391b3f70e254d582588b27e97e48d1cfcdf0be7e;0x4d8222965d7ab82c5c4eed9ae7d55448c22c15d9;eoa;0,000001;0;0,000001;scUSD
Sonic;0xb1412442aa998950f2f652667d5eba35fe66e43f;0x391b3f70e254d582588b27e97e48d1cfcdf0be7e;0x4d85ba8c3918359c78ed09581e5bc7578ba932ba;contract_other;2256071,168832;0;2256071,168832;scUSD
Sonic;0xb1412442aa998950f2f652667d5eba35fe66e43f;0x391b3f70e254d582588b27e97e48d1cfcdf0be7e;0x4d9bf58c49365846f0fce115e0069a65a3c35ec9;eoa;0;0;0;scUSD
Sonic;0xb1412442aa998950f2f652667d5eba35fe66e43f;0x391b3f70e254d582588b27e97e48d1cfcdf0be7e;0x4db024248c5f97e4dd9ffd7d4a8d1f6fbc3652bb;eoa;0,000005;0;0,000005;scUSD
Sonic;0xb1412442aa998950f2f652667d5eba35fe66e43f;0x391b3f70e254d582588b27e97e48d1cfcdf0be7e;0x4db4c609715d5212adb0a2640928e6d532523439;eoa;804,855683;0;789,218983;scUSD
Sonic;0xb1412442aa998950f2f652667d5eba35fe66e43f;0x391b3f70e254d582588b27e97e48d1cfcdf0be7e;0x4e4bb679d78a6cc5dd9555ebeebc6409602f4201;eoa;0,000003;0;0,000003;scUSD
Sonic;0xb1412442aa998950f2f652667d5eba35fe66e43f;0x391b3f70e254d582588b27e97e48d1cfcdf0be7e;0x4e7ed9b5cfe6fff19cfcaf08b6b1bbf9bb1627c5;eoa;0,000001;0;0,000001;scUSD
Sonic;0xb1412442aa998950f2f652667d5eba35fe66e43f;0x391b3f70e254d582588b27e97e48d1cfcdf0be7e;0x4ebecec91cc1338b8d46caa33f4eed5d443bb99f;eoa;0,000001;0;0,000001;scUSD
Sonic;0xb1412442aa998950f2f652667d5eba35fe66e43f;0x391b3f70e254d582588b27e97e48d1cfcdf0be7e;0x4ef4f7fb39724b1b102cc6f819b5119d40177b70;eoa;0,000001;0;0,000001;scUSD
Sonic;0xb1412442aa998950f2f652667d5eba35fe66e43f;0x391b3f70e254d582588b27e97e48d1cfcdf0be7e;0x4efb721621c0465ce8df9d341ad8d1626d640380;eoa;0;0;0;scUSD
Sonic;0xb1412442aa998950f2f652667d5eba35fe66e43f;0x391b3f70e254d582588b27e97e48d1cfcdf0be7e;0x4efe127e2975cf2703d74261298c72b6193a8270;eoa;0,000007;0;0,000007;scUSD
Sonic;0xb1412442aa998950f2f652667d5eba35fe66e43f;0x391b3f70e254d582588b27e97e48d1cfcdf0be7e;0x4efe2304c67324c772b733610ae76e2079e18075;eoa;0;0;0;scUSD
Sonic;0xb1412442aa998950f2f652667d5eba35fe66e43f;0x391b3f70e254d582588b27e97e48d1cfcdf0be7e;0x4fd70970cfedead9a9f6e1162730160c6a679799;eoa;0;0;0;scUSD
Sonic;0xb1412442aa998950f2f652667d5eba35fe66e43f;0x391b3f70e254d582588b27e97e48d1cfcdf0be7e;0x4fedeab41262c4de0152c34e8d57ac273a0c3b3f;eoa;0;0;0;scUSD
Sonic;0xb1412442aa998950f2f652667d5eba35fe66e43f;0x391b3f70e254d582588b27e97e48d1cfcdf0be7e;0x501400d829e576a23493d7ec380d223c2912bce4;eoa;0,000002;0;0,000002;scUSD
Sonic;0xb1412442aa998950f2f652667d5eba35fe66e43f;0x391b3f70e254d582588b27e97e48d1cfcdf0be7e;0x501fe5232db4ad196a427a11275927a6e122681b;eoa;0;0;0;scUSD
Sonic;0xb1412442aa998950f2f652667d5eba35fe66e43f;0x391b3f70e254d582588b27e97e48d1cfcdf0be7e;0x508e03d472812016f04da0a001d648af76d98c5b;eoa;0,000001;0;0,000001;scUSD
Sonic;0xb1412442aa998950f2f652667d5eba35fe66e43f;0x391b3f70e254d582588b27e97e48d1cfcdf0be7e;0x516649dbd606a980e767bdedbcd882d91c859c9c;eoa;0,000003;0;0,000003;scUSD
Sonic;0xb1412442aa998950f2f652667d5eba35fe66e43f;0x391b3f70e254d582588b27e97e48d1cfcdf0be7e;0x51ba05662a3b00731d451014540049b08a4e9ea5;eoa;0,000001;0;0,000001;scUSD
Sonic;0xb1412442aa998950f2f652667d5eba35fe66e43f;0x391b3f70e254d582588b27e97e48d1cfcdf0be7e;0x51f059c07e03d330b007b48630a857e582be8236;eoa;0;0;0;scUSD
Sonic;0xb1412442aa998950f2f652667d5eba35fe66e43f;0x391b3f70e254d582588b27e97e48d1cfcdf0be7e;0x51f7d9398dbecb221cbe6ffc67fab3cf2efd540e;eoa;0,000001;0;0,000001;scUSD
Sonic;0xb1412442aa998950f2f652667d5eba35fe66e43f;0x391b3f70e254d582588b27e97e48d1cfcdf0be7e;0x5549a2052cab3dedd1bf0deb55bc8c755a637161;eoa;0,000013;0;0,000013;scUSD
Sonic;0xb1412442aa998950f2f652667d5eba35fe66e43f;0x391b3f70e254d582588b27e97e48d1cfcdf0be7e;0x567feb660e056aec8d62f197314014120c455af9;eoa;0,000001;0;0,000001;scUSD
Sonic;0xb1412442aa998950f2f652667d5eba35fe66e43f;0x391b3f70e254d582588b27e97e48d1cfcdf0be7e;0x56889e0572fb9d9d038aa7007cad0e89e2923b9d;eoa;0;0;0;scUSD
Sonic;0xb1412442aa998950f2f652667d5eba35fe66e43f;0x391b3f70e254d582588b27e97e48d1cfcdf0be7e;0x56e646f5eed8c5e47d7f0603065364174b5d3c50;eoa;0;0;0;scUSD
Sonic;0xb1412442aa998950f2f652667d5eba35fe66e43f;0x391b3f70e254d582588b27e97e48d1cfcdf0be7e;0x577be3ed9a71e1c355f519bbdf5f09ba2018b1cc;eoa;0;0;0;scUSD
Sonic;0xb1412442aa998950f2f652667d5eba35fe66e43f;0x391b3f70e254d582588b27e97e48d1cfcdf0be7e;0x57a3f535a6edce9fba36af2294462e004fb05050;eoa;0;0;0;scUSD
Sonic;0xb1412442aa998950f2f652667d5eba35fe66e43f;0x391b3f70e254d582588b27e97e48d1cfcdf0be7e;0x57fd1260b14914e8e9dd468b6e2130eca353f749;eoa;0,000006;0;0,000006;scUSD
Sonic;0xb1412442aa998950f2f652667d5eba35fe66e43f;0x391b3f70e254d582588b27e97e48d1cfcdf0be7e;0x580e6e8053be5cd4d233173da7401f3cdf4e0ce3;eoa;0;0;0;scUSD
Sonic;0xb1412442aa998950f2f652667d5eba35fe66e43f;0x391b3f70e254d582588b27e97e48d1cfcdf0be7e;0x58604e6228cef466bbc553e840c09b0fb80f0785;eoa;0,000022;0;0,000022;scUSD
Sonic;0xb1412442aa998950f2f652667d5eba35fe66e43f;0x391b3f70e254d582588b27e97e48d1cfcdf0be7e;0x5b06c2006d5508f3d685ae21f6ba7225dadedacb;eoa;0;0;0;scUSD
Sonic;0xb1412442aa998950f2f652667d5eba35fe66e43f;0x391b3f70e254d582588b27e97e48d1cfcdf0be7e;0x5b3067c5e26fec823d6fbf8f315e43632658d2f6;eoa;0,000006;0;0,000006;scUSD
Sonic;0xb1412442aa998950f2f652667d5eba35fe66e43f;0x391b3f70e254d582588b27e97e48d1cfcdf0be7e;0x5b9c81390200463344249fff5a60d5e9f4d63a39;eoa;0,000005;0;0,000005;scUSD
Sonic;0xb1412442aa998950f2f652667d5eba35fe66e43f;0x391b3f70e254d582588b27e97e48d1cfcdf0be7e;0x5cf92babab7187f6221dcc899d838d0474eaa822;eoa;0;0;0;scUSD
Sonic;0xb1412442aa998950f2f652667d5eba35fe66e43f;0x391b3f70e254d582588b27e97e48d1cfcdf0be7e;0x5daf884b73f6ab637d72bf09475a8455121614e6;eoa;0,000001;0;0,000001;scUSD
Sonic;0xb1412442aa998950f2f652667d5eba35fe66e43f;0x391b3f70e254d582588b27e97e48d1cfcdf0be7e;0x5f2fb255c957d37450524fb97b103176a8a42298;eoa;0;0;0;scUSD
Sonic;0xb1412442aa998950f2f652667d5eba35fe66e43f;0x391b3f70e254d582588b27e97e48d1cfcdf0be7e;0x5f57ec03370cd600294b77025020c464daf31640;eoa;0,000002;0;0,000002;scUSD
Sonic;0xb1412442aa998950f2f652667d5eba35fe66e43f;0x391b3f70e254d582588b27e97e48d1cfcdf0be7e;0x5f67b2cc3975b724532e4b465e945666ad3ed6d3;eoa;0;0;0;scUSD
Sonic;0xb1412442aa998950f2f652667d5eba35fe66e43f;0x391b3f70e254d582588b27e97e48d1cfcdf0be7e;0x5fbd0cafa9c112b5c1aed0de80faa0b4a71d5522;eoa;0,000001;0;0,000001;scUSD
Sonic;0xb1412442aa998950f2f652667d5eba35fe66e43f;0x391b3f70e254d582588b27e97e48d1cfcdf0be7e;0x60c4dbc9af47dd95670f64f9c1fddedeeaf62474;eoa;0,000001;0;0,000001;scUSD
Sonic;0xb1412442aa998950f2f652667d5eba35fe66e43f;0x391b3f70e254d582588b27e97e48d1cfcdf0be7e;0x60c7769a0e6d4807765ca89b28162fc6e3a49c58;eoa;0;0;0;scUSD
Sonic;0xb1412442aa998950f2f652667d5eba35fe66e43f;0x391b3f70e254d582588b27e97e48d1cfcdf0be7e;0x60d8d7dde4393b7c57ada539a943a70f5fb9408f;eoa;0;0;0;scUSD
Sonic;0xb1412442aa998950f2f652667d5eba35fe66e43f;0x391b3f70e254d582588b27e97e48d1cfcdf0be7e;0x61c41492c69dd33a44e9e4861399736e53dbd4df;eoa;0;0;0;scUSD
Sonic;0xb1412442aa998950f2f652667d5eba35fe66e43f;0x391b3f70e254d582588b27e97e48d1cfcdf0be7e;0x62be7492765780d82e4c1c7d39960625327d5c82;eoa;0,000001;0;0,000001;scUSD
Sonic;0xb1412442aa998950f2f652667d5eba35fe66e43f;0x391b3f70e254d582588b27e97e48d1cfcdf0be7e;0x630204233b046f477a4b0faec1d14e9f637e3773;eoa;0;0;0;scUSD
Sonic;0xb1412442aa998950f2f652667d5eba35fe66e43f;0x391b3f70e254d582588b27e97e48d1cfcdf0be7e;0x63b6206f53954e123f5db5284be4bf416ed56137;eoa;0;0;0;scUSD
Sonic;0xb1412442aa998950f2f652667d5eba35fe66e43f;0x391b3f70e254d582588b27e97e48d1cfcdf0be7e;0x655301eb3992fa35ff6fec91567240310a9756a6;eoa;0,000006;0;0,000006;scUSD
Sonic;0xb1412442aa998950f2f652667d5eba35fe66e43f;0x391b3f70e254d582588b27e97e48d1cfcdf0be7e;0x6597af397f42409f527502e8b7bf09444a3d7edd;eoa;0;0;0;scUSD
Sonic;0xb1412442aa998950f2f652667d5eba35fe66e43f;0x391b3f70e254d582588b27e97e48d1cfcdf0be7e;0x65da0970b9a0153db222056b50a84a46d8cf40b5;eoa;0,000001;0;0,000001;scUSD
Sonic;0xb1412442aa998950f2f652667d5eba35fe66e43f;0x391b3f70e254d582588b27e97e48d1cfcdf0be7e;0x65f5a0da602fc5b9068cc2cdd96a3ec48495e7bf;eoa;0;0;0;scUSD
Sonic;0xb1412442aa998950f2f652667d5eba35fe66e43f;0x391b3f70e254d582588b27e97e48d1cfcdf0be7e;0x6669b3f0aa3385765ce50169d1bf8491261f394f;eoa;0;0;0;scUSD
Sonic;0xb1412442aa998950f2f652667d5eba35fe66e43f;0x391b3f70e254d582588b27e97e48d1cfcdf0be7e;0x6699be3af75e5c1b807b1031dbde6da9a67739f3;contract_other;0;0;0;scUSD
Sonic;0xb1412442aa998950f2f652667d5eba35fe66e43f;0x391b3f70e254d582588b27e97e48d1cfcdf0be7e;0x66e359ec96093235f41c9bb4dca96a8fed872402;eoa;0;0;0;scUSD
Sonic;0xb1412442aa998950f2f652667d5eba35fe66e43f;0x391b3f70e254d582588b27e97e48d1cfcdf0be7e;0x693f30c37d5a0db9258c636e93ccf011acd8c90c;eoa;0,000001;0;0,000001;scUSD
Sonic;0xb1412442aa998950f2f652667d5eba35fe66e43f;0x391b3f70e254d582588b27e97e48d1cfcdf0be7e;0x6998fe700015f04fb192f46ec1dcb59320334f4b;eoa;0;0;0;scUSD
Sonic;0xb1412442aa998950f2f652667d5eba35fe66e43f;0x391b3f70e254d582588b27e97e48d1cfcdf0be7e;0x69e3c891450161b7bf27f181ee85e7bae69e5b07;contract_other;0,00009;0;0,00009;scUSD
Sonic;0xb1412442aa998950f2f652667d5eba35fe66e43f;0x391b3f70e254d582588b27e97e48d1cfcdf0be7e;0x6a45de91b516c17cacec184506d719947613465e;eoa;0,000002;0;0,000002;scUSD
Sonic;0xb1412442aa998950f2f652667d5eba35fe66e43f;0x391b3f70e254d582588b27e97e48d1cfcdf0be7e;0x6ac54906d7eae6bec5c7fbd26988de4bebd621a7;eoa;0,000001;0;0,000001;scUSD
Sonic;0xb1412442aa998950f2f652667d5eba35fe66e43f;0x391b3f70e254d582588b27e97e48d1cfcdf0be7e;0x6b1fcabca3b1040cd57b9d556408b584e1b1ffe6;eoa;0;0;0;scUSD
Sonic;0xb1412442aa998950f2f652667d5eba35fe66e43f;0x391b3f70e254d582588b27e97e48d1cfcdf0be7e;0x6bce18f6520549cc21fb82772e916c84d44278d8;eoa;0;0;0;scUSD
Sonic;0xb1412442aa998950f2f652667d5eba35fe66e43f;0x391b3f70e254d582588b27e97e48d1cfcdf0be7e;0x6bdd8b97c5a623869e22f8d662a44ba1991ccde3;eoa;0;0;0;scUSD
Sonic;0xb1412442aa998950f2f652667d5eba35fe66e43f;0x391b3f70e254d582588b27e97e48d1cfcdf0be7e;0x6cb94b8b9108f5c277f5af7ba9243305b9f995e4;eoa;0;0;0;scUSD
Sonic;0xb1412442aa998950f2f652667d5eba35fe66e43f;0x391b3f70e254d582588b27e97e48d1cfcdf0be7e;0x6fdb230daba18114c3e9c952188a99cbefa487c0;eoa;0;0;0;scUSD
Sonic;0xb1412442aa998950f2f652667d5eba35fe66e43f;0x391b3f70e254d582588b27e97e48d1cfcdf0be7e;0x70c2829361a83b7a0e38cb51db4015c32f44d890;contract_other;0,000189;0;0,000189;scUSD
Sonic;0xb1412442aa998950f2f652667d5eba35fe66e43f;0x391b3f70e254d582588b27e97e48d1cfcdf0be7e;0x70d7ab475e468b324bf4aa18906e54222104993f;eoa;0,000001;0;0,000001;scUSD
Sonic;0xb1412442aa998950f2f652667d5eba35fe66e43f;0x391b3f70e254d582588b27e97e48d1cfcdf0be7e;0x70e48890869bf0eb9ef7cdb5cb362decaf92de3d;eoa;0;0;0;scUSD
Sonic;0xb1412442aa998950f2f652667d5eba35fe66e43f;0x391b3f70e254d582588b27e97e48d1cfcdf0be7e;0x7125cf479508bd6a35cf0a737b13758e65eb63aa;eoa;0;0;0;scUSD
Sonic;0xb1412442aa998950f2f652667d5eba35fe66e43f;0x391b3f70e254d582588b27e97e48d1cfcdf0be7e;0x72f4e8b893527e3884bb4ac5a28d5fc65172ec4a;eoa;0;0;0;scUSD
Sonic;0xb1412442aa998950f2f652667d5eba35fe66e43f;0x391b3f70e254d582588b27e97e48d1cfcdf0be7e;0x736841752c5380187ba8a520ab4b60347f311200;eoa;0;0;0;scUSD
Sonic;0xb1412442aa998950f2f652667d5eba35fe66e43f;0x391b3f70e254d582588b27e97e48d1cfcdf0be7e;0x739167bd88b5e200d42c8d482121c30c86e9c79a;eoa;0;0;0;scUSD
Sonic;0xb1412442aa998950f2f652667d5eba35fe66e43f;0x391b3f70e254d582588b27e97e48d1cfcdf0be7e;0x742b278560f91c762ad1f0580b37ec3c91592099;eoa;0,000004;0;0,000004;scUSD
Sonic;0xb1412442aa998950f2f652667d5eba35fe66e43f;0x391b3f70e254d582588b27e97e48d1cfcdf0be7e;0x748a264c8ec842bde592bab75b3fdcdbf7956fde;eoa;0,000001;0;0,000001;scUSD
Sonic;0xb1412442aa998950f2f652667d5eba35fe66e43f;0x391b3f70e254d582588b27e97e48d1cfcdf0be7e;0x7532a096be1a39a87af68e3b27e06dde7065e87f;eoa;0,000002;0;0,000002;scUSD
Sonic;0xb1412442aa998950f2f652667d5eba35fe66e43f;0x391b3f70e254d582588b27e97e48d1cfcdf0be7e;0x756e9562586a0533a2bd402c8634e88c17a97903;eoa;0;0;0;scUSD
Sonic;0xb1412442aa998950f2f652667d5eba35fe66e43f;0x391b3f70e254d582588b27e97e48d1cfcdf0be7e;0x77002e1da26555c2f8833f9dafa36fb488290c26;eoa;0,000004;0;0,000004;scUSD
Sonic;0xb1412442aa998950f2f652667d5eba35fe66e43f;0x391b3f70e254d582588b27e97e48d1cfcdf0be7e;0x77e5cafb1a1466ce514dd9f7e80fd576377875bc;eoa;0,000001;0;0,000001;scUSD
Sonic;0xb1412442aa998950f2f652667d5eba35fe66e43f;0x391b3f70e254d582588b27e97e48d1cfcdf0be7e;0x77f2f9320408b90a2f036bbb8c0af47631c87d78;eoa;0,000001;0;0,000001;scUSD
Sonic;0xb1412442aa998950f2f652667d5eba35fe66e43f;0x391b3f70e254d582588b27e97e48d1cfcdf0be7e;0x788bf4757a3bd2b93a83a3f64d72eef2923b5ab0;eoa;0,000002;0;0,000002;scUSD
Sonic;0xb1412442aa998950f2f652667d5eba35fe66e43f;0x391b3f70e254d582588b27e97e48d1cfcdf0be7e;0x78bae8879bb8a7ce4cd788d9c5328f9eb257b2f7;eoa;0,000006;0;0,000006;scUSD
Sonic;0xb1412442aa998950f2f652667d5eba35fe66e43f;0x391b3f70e254d582588b27e97e48d1cfcdf0be7e;0x797fef05296e74b1f41ed45a12735f0748a6f699;eoa;0;0;0;scUSD
Sonic;0xb1412442aa998950f2f652667d5eba35fe66e43f;0x391b3f70e254d582588b27e97e48d1cfcdf0be7e;0x79e9407d46e5b94d5ea43a0e1061e6a178a91dde;eoa;0;0;0;scUSD
Sonic;0xb1412442aa998950f2f652667d5eba35fe66e43f;0x391b3f70e254d582588b27e97e48d1cfcdf0be7e;0x7b8135db002d27f745ef7f9f284fe9f641e6b217;eoa;0;0;0;scUSD
Sonic;0xb1412442aa998950f2f652667d5eba35fe66e43f;0x391b3f70e254d582588b27e97e48d1cfcdf0be7e;0x7c0db1be671517f97974664f7ac4f0b6ca8c36dc;eoa;0;0;0;scUSD
Sonic;0xb1412442aa998950f2f652667d5eba35fe66e43f;0x391b3f70e254d582588b27e97e48d1cfcdf0be7e;0x7d53f19c084fb6c3c331fe876795b292deca8f7e;eoa;0,000001;0;0,000001;scUSD
Sonic;0xb1412442aa998950f2f652667d5eba35fe66e43f;0x391b3f70e254d582588b27e97e48d1cfcdf0be7e;0x7de25058b5bb3ba9672b6e11de8c86f1cbfc236e;eoa;0,000001;0;0;scUSD
Sonic;0xb1412442aa998950f2f652667d5eba35fe66e43f;0x391b3f70e254d582588b27e97e48d1cfcdf0be7e;0x7dfd44160c65379f6d838c2b7d1fc84d93c2d842;eoa;0,000023;0;0,000023;scUSD
Sonic;0xb1412442aa998950f2f652667d5eba35fe66e43f;0x391b3f70e254d582588b27e97e48d1cfcdf0be7e;0x7e45ac061ca96b3995cd6730a0211816fbd5f77e;eoa;0;0;0;scUSD
Sonic;0xb1412442aa998950f2f652667d5eba35fe66e43f;0x391b3f70e254d582588b27e97e48d1cfcdf0be7e;0x7e7c35d2def2b485ebec71a8912a923afc20ae92;eoa;0;0;0;scUSD
Sonic;0xb1412442aa998950f2f652667d5eba35fe66e43f;0x391b3f70e254d582588b27e97e48d1cfcdf0be7e;0x7f514ea5abb2099e075eff21231427ca0279e979;eoa;0;0;0;scUSD
Sonic;0xb1412442aa998950f2f652667d5eba35fe66e43f;0x391b3f70e254d582588b27e97e48d1cfcdf0be7e;0x7f9c107f7502c7c22472e6dd1bc08ee3b01fc4d6;eoa;0,000138;0;0,000138;scUSD
Sonic;0xb1412442aa998950f2f652667d5eba35fe66e43f;0x391b3f70e254d582588b27e97e48d1cfcdf0be7e;0x7fad8361f8eecd2a0d922eaec653f7e70dcd710b;eoa;0;0;0;scUSD
Sonic;0xb1412442aa998950f2f652667d5eba35fe66e43f;0x391b3f70e254d582588b27e97e48d1cfcdf0be7e;0x7fb5a98c552e375cfa79daea3e23542fa7c166a2;eoa;1,954563;0;1,916663;scUSD
Sonic;0xb1412442aa998950f2f652667d5eba35fe66e43f;0x391b3f70e254d582588b27e97e48d1cfcdf0be7e;0x800db334a1975fdbf0d7ab1164965b45d364fd82;eoa;0;0;0;scUSD
Sonic;0xb1412442aa998950f2f652667d5eba35fe66e43f;0x391b3f70e254d582588b27e97e48d1cfcdf0be7e;0x80253f5106f929d08ab0f69679284ae8a0cca51c;eoa;0;0;0;scUSD
Sonic;0xb1412442aa998950f2f652667d5eba35fe66e43f;0x391b3f70e254d582588b27e97e48d1cfcdf0be7e;0x802b8abfda0af980b6b42b1fc42f590b3c354386;eoa;0,000003;0;0,000003;scUSD
Sonic;0xb1412442aa998950f2f652667d5eba35fe66e43f;0x391b3f70e254d582588b27e97e48d1cfcdf0be7e;0x80841d48420f90b5a6d99fd5506864ae9dd4937f;eoa;0;0;0;scUSD
Sonic;0xb1412442aa998950f2f652667d5eba35fe66e43f;0x391b3f70e254d582588b27e97e48d1cfcdf0be7e;0x80989aa3ffcac51c784100bd53ec8f556a0025a7;eoa;0;0;0;scUSD
Sonic;0xb1412442aa998950f2f652667d5eba35fe66e43f;0x391b3f70e254d582588b27e97e48d1cfcdf0be7e;0x80bf1a0e708ea94d76838a48b9f13a57394686de;eoa;0;0;0;scUSD
Sonic;0xb1412442aa998950f2f652667d5eba35fe66e43f;0x391b3f70e254d582588b27e97e48d1cfcdf0be7e;0x8105e062d6b94c951e93739aee33018bd6a6d1c7;eoa;0;0;0;scUSD
Sonic;0xb1412442aa998950f2f652667d5eba35fe66e43f;0x391b3f70e254d582588b27e97e48d1cfcdf0be7e;0x81931d1d45c517ee218a3a9065d4c43a375b4814;eoa;0;0;0;scUSD
Sonic;0xb1412442aa998950f2f652667d5eba35fe66e43f;0x391b3f70e254d582588b27e97e48d1cfcdf0be7e;0x81e14e07493bd2a3ad29bb7dab1f26de9c98151b;eoa;0;0;0;scUSD
Sonic;0xb1412442aa998950f2f652667d5eba35fe66e43f;0x391b3f70e254d582588b27e97e48d1cfcdf0be7e;0x82156c79a3c84c51f0f3ed0d269183543c35824c;eoa;6,858917;0;6,725717;scUSD
Sonic;0xb1412442aa998950f2f652667d5eba35fe66e43f;0x391b3f70e254d582588b27e97e48d1cfcdf0be7e;0x82bb1669e3177b85a9c5109d2fd52688580a7a84;eoa;0,000001;0;0,000001;scUSD
Sonic;0xb1412442aa998950f2f652667d5eba35fe66e43f;0x391b3f70e254d582588b27e97e48d1cfcdf0be7e;0x832fdd7d994ebac6fd3c3e99046d7da59a302973;eoa;0;0;0;scUSD
Sonic;0xb1412442aa998950f2f652667d5eba35fe66e43f;0x391b3f70e254d582588b27e97e48d1cfcdf0be7e;0x834566e508046c1bd2079c8f906b5b16016459f3;eoa;0;0;0;scUSD
Sonic;0xb1412442aa998950f2f652667d5eba35fe66e43f;0x391b3f70e254d582588b27e97e48d1cfcdf0be7e;0x841379cf5c95995e9f5714e17f8002cb6834832c;eoa;0;0;0;scUSD
Sonic;0xb1412442aa998950f2f652667d5eba35fe66e43f;0x391b3f70e254d582588b27e97e48d1cfcdf0be7e;0x84b6a9dcb7f0fdccfcb68c09eef0ca5646ab7f59;eoa;0,000002;0;0,000002;scUSD
Sonic;0xb1412442aa998950f2f652667d5eba35fe66e43f;0x391b3f70e254d582588b27e97e48d1cfcdf0be7e;0x84c43c7c246aa78ace7edb71fe66a6a01eab5185;eoa;0;0;0;scUSD
Sonic;0xb1412442aa998950f2f652667d5eba35fe66e43f;0x391b3f70e254d582588b27e97e48d1cfcdf0be7e;0x88023c305b471649d326b7b95149146f4b5308b5;eoa;0,000002;0;0,000002;scUSD
Sonic;0xb1412442aa998950f2f652667d5eba35fe66e43f;0x391b3f70e254d582588b27e97e48d1cfcdf0be7e;0x8873b9bf783c3e7404397e0226776f79a15341d1;eoa;0,000001;0;0,000001;scUSD
Sonic;0xb1412442aa998950f2f652667d5eba35fe66e43f;0x391b3f70e254d582588b27e97e48d1cfcdf0be7e;0x8927d3d9036bdab539456e1aa0711b8e71c585a6;eoa;0,000002;0;0,000002;scUSD
Sonic;0xb1412442aa998950f2f652667d5eba35fe66e43f;0x391b3f70e254d582588b27e97e48d1cfcdf0be7e;0x899e6d9f1746be441b457175f8d339ad5462c943;eoa;623,115072;0;623,115072;scUSD
Sonic;0xb1412442aa998950f2f652667d5eba35fe66e43f;0x391b3f70e254d582588b27e97e48d1cfcdf0be7e;0x89add83aed3dcaedcfdda730ff25d8baf19471b9;eoa;0,000001;0;0,000001;scUSD
Sonic;0xb1412442aa998950f2f652667d5eba35fe66e43f;0x391b3f70e254d582588b27e97e48d1cfcdf0be7e;0x8a80086904d34e7daf0312e26a6fcaa88212bd13;eoa;0,000001;0;0,000001;scUSD
Sonic;0xb1412442aa998950f2f652667d5eba35fe66e43f;0x391b3f70e254d582588b27e97e48d1cfcdf0be7e;0x8a81f57a71ce5945fa14132ba58c108b85afa6b6;contract_other;0,000001;0;0,000001;scUSD
Sonic;0xb1412442aa998950f2f652667d5eba35fe66e43f;0x391b3f70e254d582588b27e97e48d1cfcdf0be7e;0x8ad37552ac456e36a43251fc284e5a8298131499;eoa;0;0;0;scUSD
Sonic;0xb1412442aa998950f2f652667d5eba35fe66e43f;0x391b3f70e254d582588b27e97e48d1cfcdf0be7e;0x8b3af6a938b855822feef4269300fbf59177b4f2;eoa;0,000003;0;0,000003;scUSD
Sonic;0xb1412442aa998950f2f652667d5eba35fe66e43f;0x391b3f70e254d582588b27e97e48d1cfcdf0be7e;0x8b413d216d4d0d661ae9ff9f81ebfaaf0a383686;eoa;0;0;0;scUSD
Sonic;0xb1412442aa998950f2f652667d5eba35fe66e43f;0x391b3f70e254d582588b27e97e48d1cfcdf0be7e;0x8b67c05522959acdd1b6a4cff83d3ce03fd3b65f;eoa;0;0;0;scUSD
Sonic;0xb1412442aa998950f2f652667d5eba35fe66e43f;0x391b3f70e254d582588b27e97e48d1cfcdf0be7e;0x8b6f3921c7cf71038d3ee0bf33c443abad6f4f88;eoa;0;0;0;scUSD
Sonic;0xb1412442aa998950f2f652667d5eba35fe66e43f;0x391b3f70e254d582588b27e97e48d1cfcdf0be7e;0x8c1c0ac2d29c461f582781c58382e58db9245e50;eoa;0,000001;0;0,000001;scUSD
Sonic;0xb1412442aa998950f2f652667d5eba35fe66e43f;0x391b3f70e254d582588b27e97e48d1cfcdf0be7e;0x8c2df3da1e11ac79c398d4c85f55087b59d3a6f6;eoa;0,000001;0;0,000001;scUSD
Sonic;0xb1412442aa998950f2f652667d5eba35fe66e43f;0x391b3f70e254d582588b27e97e48d1cfcdf0be7e;0x8c5c59c647c968d89e42c8972367a1f947f52737;eoa;0;0;0;scUSD
Sonic;0xb1412442aa998950f2f652667d5eba35fe66e43f;0x391b3f70e254d582588b27e97e48d1cfcdf0be7e;0x8c905f44ad687eb96f8acaae8198b75f154efb11;eoa;0;0;0;scUSD
Sonic;0xb1412442aa998950f2f652667d5eba35fe66e43f;0x391b3f70e254d582588b27e97e48d1cfcdf0be7e;0x8cac1694208f461a192f95c7fed8de18aa74c542;eoa;0;0;0;scUSD
Sonic;0xb1412442aa998950f2f652667d5eba35fe66e43f;0x391b3f70e254d582588b27e97e48d1cfcdf0be7e;0x8d02f47ada375c301186fd212947f84097be852a;eoa;0,000003;0;0,000003;scUSD
Sonic;0xb1412442aa998950f2f652667d5eba35fe66e43f;0x391b3f70e254d582588b27e97e48d1cfcdf0be7e;0x8f075e12d025d41d2b024a3cc8b44d1abb16c3d9;eoa;0,000001;0;0,000001;scUSD
Sonic;0xb1412442aa998950f2f652667d5eba35fe66e43f;0x391b3f70e254d582588b27e97e48d1cfcdf0be7e;0x8f71361638a54bbeb9d5a6e62aa14da823fc0094;eoa;0;0;0;scUSD
Sonic;0xb1412442aa998950f2f652667d5eba35fe66e43f;0x391b3f70e254d582588b27e97e48d1cfcdf0be7e;0x90563ee0904868142dfe8ed0f61c7b9664b52550;eoa;0;0;0;scUSD
Sonic;0xb1412442aa998950f2f652667d5eba35fe66e43f;0x391b3f70e254d582588b27e97e48d1cfcdf0be7e;0x91c709f882039a2f18fd0811d248ce6dca6b02ee;eoa;0,000001;0;0,000001;scUSD
Sonic;0xb1412442aa998950f2f652667d5eba35fe66e43f;0x391b3f70e254d582588b27e97e48d1cfcdf0be7e;0x91ddeb35264287785762e666b5fba5da9e83b5c8;eoa;0,000002;0;0,000002;scUSD
Sonic;0xb1412442aa998950f2f652667d5eba35fe66e43f;0x391b3f70e254d582588b27e97e48d1cfcdf0be7e;0x9296011bc2f144e8b7c174644dc08ca1c79a03a0;eoa;0,000034;0;0,000034;scUSD
Sonic;0xb1412442aa998950f2f652667d5eba35fe66e43f;0x391b3f70e254d582588b27e97e48d1cfcdf0be7e;0x92d23c502c9eee79b32f68e7621a6bbfff4b73d6;contract_other;0,000001;0;0,000001;scUSD
Sonic;0xb1412442aa998950f2f652667d5eba35fe66e43f;0x391b3f70e254d582588b27e97e48d1cfcdf0be7e;0x92d3c29537ddeeaa075233e692106894f5a08f75;eoa;0,000004;0;0,000004;scUSD
Sonic;0xb1412442aa998950f2f652667d5eba35fe66e43f;0x391b3f70e254d582588b27e97e48d1cfcdf0be7e;0x94bb26991e1d2c25feb6553ce968525ca4d405de;eoa;0,000004;0;0,000004;scUSD
Sonic;0xb1412442aa998950f2f652667d5eba35fe66e43f;0x391b3f70e254d582588b27e97e48d1cfcdf0be7e;0x94c6199c16cea33dae86b4188b4bc25c394addb6;eoa;0;0;0;scUSD
Sonic;0xb1412442aa998950f2f652667d5eba35fe66e43f;0x391b3f70e254d582588b27e97e48d1cfcdf0be7e;0x94e08736426948c5f463ac243416f0473f680b2b;eoa;0,000001;0;0,000001;scUSD
Sonic;0xb1412442aa998950f2f652667d5eba35fe66e43f;0x391b3f70e254d582588b27e97e48d1cfcdf0be7e;0x95333df86727053ba59db90e8005b5fbacbb5208;eoa;0,000005;0;0,000005;scUSD
Sonic;0xb1412442aa998950f2f652667d5eba35fe66e43f;0x391b3f70e254d582588b27e97e48d1cfcdf0be7e;0x955af4de9ca03f84c9462457d075acabf1a8afc8;eoa;0;0;0;scUSD
Sonic;0xb1412442aa998950f2f652667d5eba35fe66e43f;0x391b3f70e254d582588b27e97e48d1cfcdf0be7e;0x9604bf902dfe3aa6ce28bac51a2cf46d7f3c8d63;eoa;0;0;0;scUSD
Sonic;0xb1412442aa998950f2f652667d5eba35fe66e43f;0x391b3f70e254d582588b27e97e48d1cfcdf0be7e;0x960906a1d73684cd2c60da6c8b9f109f10d55bc4;eoa;0;0;0;scUSD
Sonic;0xb1412442aa998950f2f652667d5eba35fe66e43f;0x391b3f70e254d582588b27e97e48d1cfcdf0be7e;0x9674fc77a3f5773002877cae189a51ea89cc4316;eoa;0,000008;0;0,000008;scUSD
Sonic;0xb1412442aa998950f2f652667d5eba35fe66e43f;0x391b3f70e254d582588b27e97e48d1cfcdf0be7e;0x96d77bac5749ea39263bd9bd1b400b3f9d8c91b6;eoa;0,000001;0;0,000001;scUSD
Sonic;0xb1412442aa998950f2f652667d5eba35fe66e43f;0x391b3f70e254d582588b27e97e48d1cfcdf0be7e;0x97988fc6443fcfaaa001ee320d5ebfcbf510a521;eoa;0;0;0;scUSD
Sonic;0xb1412442aa998950f2f652667d5eba35fe66e43f;0x391b3f70e254d582588b27e97e48d1cfcdf0be7e;0x9809675e4dad5fae3bd8145a92a9fb49f4684c45;eoa;0;0;0;scUSD
Sonic;0xb1412442aa998950f2f652667d5eba35fe66e43f;0x391b3f70e254d582588b27e97e48d1cfcdf0be7e;0x987b6dceb68014e611f502539fe1b4c935cdd618;eoa;0;0;0;scUSD
Sonic;0xb1412442aa998950f2f652667d5eba35fe66e43f;0x391b3f70e254d582588b27e97e48d1cfcdf0be7e;0x98a529e3488c2d44566881feab335b17b1c3b430;eoa;0;0;0;scUSD
Sonic;0xb1412442aa998950f2f652667d5eba35fe66e43f;0x391b3f70e254d582588b27e97e48d1cfcdf0be7e;0x98d5ba40a5407c73b63842a027b4c17e6c7553cd;eoa;0,000006;0;0,000006;scUSD
Sonic;0xb1412442aa998950f2f652667d5eba35fe66e43f;0x391b3f70e254d582588b27e97e48d1cfcdf0be7e;0x98ebb8115ca9de41bdb4bfbf5b5a32ccdec3cd7a;eoa;0;0;0;scUSD
Sonic;0xb1412442aa998950f2f652667d5eba35fe66e43f;0x391b3f70e254d582588b27e97e48d1cfcdf0be7e;0x98fbe5f1f8b768fd236b4498f96977d51cbf3e49;eoa;0,000001;0;0,000001;scUSD
Sonic;0xb1412442aa998950f2f652667d5eba35fe66e43f;0x391b3f70e254d582588b27e97e48d1cfcdf0be7e;0x991ba6e57e67bbfe801744c51fd6dda38499514a;eoa;0;0;0;scUSD
Sonic;0xb1412442aa998950f2f652667d5eba35fe66e43f;0x391b3f70e254d582588b27e97e48d1cfcdf0be7e;0x99a7baa6eb43bb9f76960dd1ca71bd3b43e9b878;eoa;0,000002;0;0,000002;scUSD
Sonic;0xb1412442aa998950f2f652667d5eba35fe66e43f;0x391b3f70e254d582588b27e97e48d1cfcdf0be7e;0x99b943107ebcac233ebe89478efa7d1783c6d689;eoa;0;0;0;scUSD
Sonic;0xb1412442aa998950f2f652667d5eba35fe66e43f;0x391b3f70e254d582588b27e97e48d1cfcdf0be7e;0x9afd706517c6e7ba0b0e37f1de3b876781ccd4da;eoa;0,000001;0;0,000001;scUSD
Sonic;0xb1412442aa998950f2f652667d5eba35fe66e43f;0x391b3f70e254d582588b27e97e48d1cfcdf0be7e;0x9b25235ee2e5564f50810e03ea5f91976a8ee6fa;eoa;0,000002;0;0,000002;scUSD
Sonic;0xb1412442aa998950f2f652667d5eba35fe66e43f;0x391b3f70e254d582588b27e97e48d1cfcdf0be7e;0x9b350b26b82f3c088e1c0c345a904ee5eb655e15;contract_other;0,000008;0;0,000008;scUSD
Sonic;0xb1412442aa998950f2f652667d5eba35fe66e43f;0x391b3f70e254d582588b27e97e48d1cfcdf0be7e;0x9bb6e6dbd2a4f9989a1d7b3e6825fe5937816382;eoa;0;0;0;scUSD
Sonic;0xb1412442aa998950f2f652667d5eba35fe66e43f;0x391b3f70e254d582588b27e97e48d1cfcdf0be7e;0x9bc34ded927e0f336c5c81e15a900461a0608863;eoa;0,000002;0;0,000002;scUSD
Sonic;0xb1412442aa998950f2f652667d5eba35fe66e43f;0x391b3f70e254d582588b27e97e48d1cfcdf0be7e;0x9be43ec7472e708858d4b8711f54b238bf0ac789;eoa;0;0;0;scUSD
Sonic;0xb1412442aa998950f2f652667d5eba35fe66e43f;0x391b3f70e254d582588b27e97e48d1cfcdf0be7e;0x9c125478446b664ce7590563b78e46a27c8891d6;eoa;0;0;0;scUSD
Sonic;0xb1412442aa998950f2f652667d5eba35fe66e43f;0x391b3f70e254d582588b27e97e48d1cfcdf0be7e;0x9c38c59e9a5b0140c672529a2487f5859ba4ca06;eoa;0,000002;0;0,000002;scUSD
Sonic;0xb1412442aa998950f2f652667d5eba35fe66e43f;0x391b3f70e254d582588b27e97e48d1cfcdf0be7e;0x9c7ad86e0836d72809d33dfe5673b1141382963f;eoa;0;0;0;scUSD
Sonic;0xb1412442aa998950f2f652667d5eba35fe66e43f;0x391b3f70e254d582588b27e97e48d1cfcdf0be7e;0x9dde2a2fb63f0d45533f338f05ae16f93a58099f;eoa;0;0;0;scUSD
Sonic;0xb1412442aa998950f2f652667d5eba35fe66e43f;0x391b3f70e254d582588b27e97e48d1cfcdf0be7e;0x9e89ef8566207628279b3b5835c7ac89ac329131;eoa;0;0;0;scUSD
Sonic;0xb1412442aa998950f2f652667d5eba35fe66e43f;0x391b3f70e254d582588b27e97e48d1cfcdf0be7e;0x9eb2d5311edbafd2137b9292d5683c35bf301cc8;eoa;0,00001;0;0,00001;scUSD
Sonic;0xb1412442aa998950f2f652667d5eba35fe66e43f;0x391b3f70e254d582588b27e97e48d1cfcdf0be7e;0x9f45dd98427bcd594a547bbb9f21aaecdac6ccf9;eoa;0,000001;0;0,000001;scUSD
Sonic;0xb1412442aa998950f2f652667d5eba35fe66e43f;0x391b3f70e254d582588b27e97e48d1cfcdf0be7e;0x9f4d0b97b1a0c82f703ab3dec11b9b815c039a3b;eoa;0,000001;0;0,000001;scUSD
Sonic;0xb1412442aa998950f2f652667d5eba35fe66e43f;0x391b3f70e254d582588b27e97e48d1cfcdf0be7e;0x9f668a5ae02a6136970117d4b9db88f751c4b9df;eoa;0;0;0;scUSD
Sonic;0xb1412442aa998950f2f652667d5eba35fe66e43f;0x391b3f70e254d582588b27e97e48d1cfcdf0be7e;0x9fd752c7a9db29801f88387ce6eff9ecf2670527;eoa;0;0;0;scUSD
Sonic;0xb1412442aa998950f2f652667d5eba35fe66e43f;0x391b3f70e254d582588b27e97e48d1cfcdf0be7e;0xa09bc385421f18d5d5072924f9d3709bb2b76281;contract_other;802,837433;0;802,837433;scUSD
Sonic;0xb1412442aa998950f2f652667d5eba35fe66e43f;0x391b3f70e254d582588b27e97e48d1cfcdf0be7e;0xa212e7c2e2e237dbe2ac5d6d21f9e5bfc9377d7d;eoa;0,000103;0;0,000103;scUSD
Sonic;0xb1412442aa998950f2f652667d5eba35fe66e43f;0x391b3f70e254d582588b27e97e48d1cfcdf0be7e;0xa234aff31a04231ec88742e9690a245e3f2f3bc6;eoa;0;0;0;scUSD
Sonic;0xb1412442aa998950f2f652667d5eba35fe66e43f;0x391b3f70e254d582588b27e97e48d1cfcdf0be7e;0xa2808d78b4860cc03a10e69683815c1a4cf8c047;eoa;0;0;0;scUSD
Sonic;0xb1412442aa998950f2f652667d5eba35fe66e43f;0x391b3f70e254d582588b27e97e48d1cfcdf0be7e;0xa2e8e8446c1867402a2099c090628f14c93bf1e6;eoa;0;0;0;scUSD
Sonic;0xb1412442aa998950f2f652667d5eba35fe66e43f;0x391b3f70e254d582588b27e97e48d1cfcdf0be7e;0xa3358df7db6f119c99e46d5360313d2c4bc1fc75;eoa;0;0;0;scUSD
Sonic;0xb1412442aa998950f2f652667d5eba35fe66e43f;0x391b3f70e254d582588b27e97e48d1cfcdf0be7e;0xa380dace2095adc258d2be066e2a60a9dbacf7ad;eoa;0,000003;0;0,000003;scUSD
Sonic;0xb1412442aa998950f2f652667d5eba35fe66e43f;0x391b3f70e254d582588b27e97e48d1cfcdf0be7e;0xa3f5ac7c1de9edc41595de72e6cc710b0a4c6428;eoa;0,000003;0;0,000003;scUSD
Sonic;0xb1412442aa998950f2f652667d5eba35fe66e43f;0x391b3f70e254d582588b27e97e48d1cfcdf0be7e;0xa499f7167611382f75953de7bb6243c86fbf8720;eoa;0,000001;0;0,000001;scUSD
Sonic;0xb1412442aa998950f2f652667d5eba35fe66e43f;0x391b3f70e254d582588b27e97e48d1cfcdf0be7e;0xa4c63a2e8d0556ddb36c6544625284c663642387;eoa;0;0;0;scUSD
Sonic;0xb1412442aa998950f2f652667d5eba35fe66e43f;0x391b3f70e254d582588b27e97e48d1cfcdf0be7e;0xa51a6f181d7bde6f4fc445ff844fa9329616c01a;eoa;0,000001;0;0,000001;scUSD
Sonic;0xb1412442aa998950f2f652667d5eba35fe66e43f;0x391b3f70e254d582588b27e97e48d1cfcdf0be7e;0xa670e8467a59948b8c5da4ae18ac8864d0fcc3d4;eoa;0;0;0;scUSD
Sonic;0xb1412442aa998950f2f652667d5eba35fe66e43f;0x391b3f70e254d582588b27e97e48d1cfcdf0be7e;0xa6c446b86d2b12a6bf1927260ad8030bd374283b;eoa;1111,645244;0;1111,645244;scUSD
Sonic;0xb1412442aa998950f2f652667d5eba35fe66e43f;0x391b3f70e254d582588b27e97e48d1cfcdf0be7e;0xa7b9840ef9b3f7d210d5c2f9ec3eb14a9f8294e2;eoa;0,000001;0;0,000001;scUSD
Sonic;0xb1412442aa998950f2f652667d5eba35fe66e43f;0x391b3f70e254d582588b27e97e48d1cfcdf0be7e;0xa804b0eb70ff93d81a85621665c1038c1d87af8f;eoa;0;0;0;scUSD
Sonic;0xb1412442aa998950f2f652667d5eba35fe66e43f;0x391b3f70e254d582588b27e97e48d1cfcdf0be7e;0xa9381e4fe4e000032f612bdbeb9a55921c117342;contract_other;0,000003;0;0,000003;scUSD
Sonic;0xb1412442aa998950f2f652667d5eba35fe66e43f;0x391b3f70e254d582588b27e97e48d1cfcdf0be7e;0xa9714f7291251bc1b0d0dba6481959ef814e171a;eoa;0,000001;0;0,000001;scUSD
Sonic;0xb1412442aa998950f2f652667d5eba35fe66e43f;0x391b3f70e254d582588b27e97e48d1cfcdf0be7e;0xa9811281c88408995b0a5827ae81dbc617dfd6ff;eoa;0;0;0;scUSD
Sonic;0xb1412442aa998950f2f652667d5eba35fe66e43f;0x391b3f70e254d582588b27e97e48d1cfcdf0be7e;0xa9ce3edf301fbc340fae7f45815e9da828b30212;eoa;0;0;0;scUSD
Sonic;0xb1412442aa998950f2f652667d5eba35fe66e43f;0x391b3f70e254d582588b27e97e48d1cfcdf0be7e;0xa9e9e0414d52658515eb9db6dcdc6055396a031a;eoa;0,000001;0;0,000001;scUSD
Sonic;0xb1412442aa998950f2f652667d5eba35fe66e43f;0x391b3f70e254d582588b27e97e48d1cfcdf0be7e;0xaa31d1e2d0290d1208ae76129d40491bd7d24610;eoa;0;0;0;scUSD
Sonic;0xb1412442aa998950f2f652667d5eba35fe66e43f;0x391b3f70e254d582588b27e97e48d1cfcdf0be7e;0xaa902d176987901f3c3d75efb50f33520e406647;eoa;0;0;0;scUSD
Sonic;0xb1412442aa998950f2f652667d5eba35fe66e43f;0x391b3f70e254d582588b27e97e48d1cfcdf0be7e;0xaa973315a3dd8c4e634bda9c5ba990a8ac92dac1;eoa;1511,371507;0;1511,371507;scUSD
Sonic;0xb1412442aa998950f2f652667d5eba35fe66e43f;0x391b3f70e254d582588b27e97e48d1cfcdf0be7e;0xab89e9dd7c60dcc6b4fbcafd27fcef278f1bbf10;eoa;0;0;0;scUSD
Sonic;0xb1412442aa998950f2f652667d5eba35fe66e43f;0x391b3f70e254d582588b27e97e48d1cfcdf0be7e;0xabf0f7bd0dc8ce44b084b4b66b8db97f1b9ce419;eoa;0,000003;0;0,000003;scUSD
Sonic;0xb1412442aa998950f2f652667d5eba35fe66e43f;0x391b3f70e254d582588b27e97e48d1cfcdf0be7e;0xac23636345e41b4f3ed7d58e2555d7b3086930ce;eoa;0,000008;0;0,000008;scUSD
Sonic;0xb1412442aa998950f2f652667d5eba35fe66e43f;0x391b3f70e254d582588b27e97e48d1cfcdf0be7e;0xac37f66774253de42d4dd28de680beb0eb019e44;eoa;0;0;0;scUSD
Sonic;0xb1412442aa998950f2f652667d5eba35fe66e43f;0x391b3f70e254d582588b27e97e48d1cfcdf0be7e;0xac4dd773b0e88caa7e5d1fa75d3605ab1bd557a7;eoa;0;0;0;scUSD
Sonic;0xb1412442aa998950f2f652667d5eba35fe66e43f;0x391b3f70e254d582588b27e97e48d1cfcdf0be7e;0xacb0253f84784e92147594425a2e1b5971463931;eoa;0,000001;0;0,000001;scUSD
Sonic;0xb1412442aa998950f2f652667d5eba35fe66e43f;0x391b3f70e254d582588b27e97e48d1cfcdf0be7e;0xacb17fc73cf202ebe532e107cec195d50dee61dd;eoa;0;0;0;scUSD
Sonic;0xb1412442aa998950f2f652667d5eba35fe66e43f;0x391b3f70e254d582588b27e97e48d1cfcdf0be7e;0xad01c20d5886137e056775af56915de824c8fce5;eoa;0,004873;0;0,004873;scUSD
Sonic;0xb1412442aa998950f2f652667d5eba35fe66e43f;0x391b3f70e254d582588b27e97e48d1cfcdf0be7e;0xad1292968afc1f52b6b1fdb0b3fc333d6effb21b;eoa;0;0;0;scUSD
Sonic;0xb1412442aa998950f2f652667d5eba35fe66e43f;0x391b3f70e254d582588b27e97e48d1cfcdf0be7e;0xaddc81c79c63aeceb566da2c3d3edaccaa5f7940;eoa;0;0;0;scUSD
Sonic;0xb1412442aa998950f2f652667d5eba35fe66e43f;0x391b3f70e254d582588b27e97e48d1cfcdf0be7e;0xae68b7117be0026cbd4366303f74eecbb19e4042;erc4626_unresolved;0,000005;0;0,000005;scUSD
Sonic;0xb1412442aa998950f2f652667d5eba35fe66e43f;0x391b3f70e254d582588b27e97e48d1cfcdf0be7e;0xae6f31c5e913a1f854727cfc7c1c3e2f7bb58348;eoa;0;0;0;scUSD
Sonic;0xb1412442aa998950f2f652667d5eba35fe66e43f;0x391b3f70e254d582588b27e97e48d1cfcdf0be7e;0xaef3c3da0a1200cdfd161ca37394753b1d6ed82b;eoa;0,000009;0;0,000009;scUSD
Sonic;0xb1412442aa998950f2f652667d5eba35fe66e43f;0x391b3f70e254d582588b27e97e48d1cfcdf0be7e;0xaf31f906d43300a4a256be7fd887891776e5137e;eoa;0;0;0;scUSD
Sonic;0xb1412442aa998950f2f652667d5eba35fe66e43f;0x391b3f70e254d582588b27e97e48d1cfcdf0be7e;0xb00b3d02b48e2ff692bf5a01659fee3a3822bb87;eoa;0;0;0;scUSD
Sonic;0xb1412442aa998950f2f652667d5eba35fe66e43f;0x391b3f70e254d582588b27e97e48d1cfcdf0be7e;0xb0b2d1c46a953275c3f6d0995eda56c6f1426a45;eoa;0;0;0;scUSD
Sonic;0xb1412442aa998950f2f652667d5eba35fe66e43f;0x391b3f70e254d582588b27e97e48d1cfcdf0be7e;0xb0d1f94b33a116bfc85677c90056be4de59e29c4;eoa;0,000001;0;0,000001;scUSD
Sonic;0xb1412442aa998950f2f652667d5eba35fe66e43f;0x391b3f70e254d582588b27e97e48d1cfcdf0be7e;0xb12ee780df6660f8fdd311e01233e89c3cc69e9d;eoa;0,000003;0;0;scUSD
Sonic;0xb1412442aa998950f2f652667d5eba35fe66e43f;0x391b3f70e254d582588b27e97e48d1cfcdf0be7e;0xb1acb719a25e624f859306bb6d957c6600d1b249;eoa;0;0;0;scUSD
Sonic;0xb1412442aa998950f2f652667d5eba35fe66e43f;0x391b3f70e254d582588b27e97e48d1cfcdf0be7e;0xb1da0e904ae341d162f1a69fc10db4241b1463c6;eoa;0,00003;0;0,00003;scUSD
Sonic;0xb1412442aa998950f2f652667d5eba35fe66e43f;0x391b3f70e254d582588b27e97e48d1cfcdf0be7e;0xb2e85adabf544d49d5a4b9d41cc900f53458a506;eoa;0;0;0;scUSD
Sonic;0xb1412442aa998950f2f652667d5eba35fe66e43f;0x391b3f70e254d582588b27e97e48d1cfcdf0be7e;0xb3100260aa1d617a71dc84857b12e0e569e29b98;eoa;0;0;0;scUSD
Sonic;0xb1412442aa998950f2f652667d5eba35fe66e43f;0x391b3f70e254d582588b27e97e48d1cfcdf0be7e;0xb3891f9743f200d9728e6c6aea8b4375ecc2f566;eoa;0,000001;0;0,000001;scUSD
Sonic;0xb1412442aa998950f2f652667d5eba35fe66e43f;0x391b3f70e254d582588b27e97e48d1cfcdf0be7e;0xb3fd64bb7a25843c59f209c7a96ac73c39116b86;eoa;0;0;0;scUSD
Sonic;0xb1412442aa998950f2f652667d5eba35fe66e43f;0x391b3f70e254d582588b27e97e48d1cfcdf0be7e;0xb444b4a5f0885a3a34a1547a8eb58ccac984c566;eoa;0;0;0;scUSD
Sonic;0xb1412442aa998950f2f652667d5eba35fe66e43f;0x391b3f70e254d582588b27e97e48d1cfcdf0be7e;0xb4bd807c9cdde19ae1498c7b7006713268e25997;eoa;0;0;0;scUSD
Sonic;0xb1412442aa998950f2f652667d5eba35fe66e43f;0x391b3f70e254d582588b27e97e48d1cfcdf0be7e;0xb5e6b895734409df411a052195eb4ee7e40d8696;eoa;5,798865;0;5,798865;scUSD
Sonic;0xb1412442aa998950f2f652667d5eba35fe66e43f;0x391b3f70e254d582588b27e97e48d1cfcdf0be7e;0xb609099b6bbab96b126d2542a8d521d6ecf448f0;eoa;0,000005;0;0,000005;scUSD
Sonic;0xb1412442aa998950f2f652667d5eba35fe66e43f;0x391b3f70e254d582588b27e97e48d1cfcdf0be7e;0xb72179515eefeb51bb9945701b810e249a39980c;eoa;0,000001;0;0,000001;scUSD
Sonic;0xb1412442aa998950f2f652667d5eba35fe66e43f;0x391b3f70e254d582588b27e97e48d1cfcdf0be7e;0xb78828d165d345d092828f8f46e271b0964f5d99;eoa;0;0;0;scUSD
Sonic;0xb1412442aa998950f2f652667d5eba35fe66e43f;0x391b3f70e254d582588b27e97e48d1cfcdf0be7e;0xb7a1df272eda4310b95098d2de5c792283fa105f;eoa;0;0;0;scUSD
Sonic;0xb1412442aa998950f2f652667d5eba35fe66e43f;0x391b3f70e254d582588b27e97e48d1cfcdf0be7e;0xb7b26210c482ab8d17bcee188d01dfcc6ddd30b9;eoa;0;0;0;scUSD
Sonic;0xb1412442aa998950f2f652667d5eba35fe66e43f;0x391b3f70e254d582588b27e97e48d1cfcdf0be7e;0xb85d172c411aeb4be60030d2d8205fa7fa610a0a;eoa;0,000002;0;0,000002;scUSD
Sonic;0xb1412442aa998950f2f652667d5eba35fe66e43f;0x391b3f70e254d582588b27e97e48d1cfcdf0be7e;0xb892f9b14054554b1f7804299e25c8970e6135b0;eoa;0;0;0;scUSD
Sonic;0xb1412442aa998950f2f652667d5eba35fe66e43f;0x391b3f70e254d582588b27e97e48d1cfcdf0be7e;0xb9954e78109112f93ca11860f13f4487f1909ef8;eoa;0,000002;0;0,000002;scUSD
Sonic;0xb1412442aa998950f2f652667d5eba35fe66e43f;0x391b3f70e254d582588b27e97e48d1cfcdf0be7e;0xb9dd985c1b8b67bf8cea7cfa652fe001e8acd440;eoa;0;0;0;scUSD
Sonic;0xb1412442aa998950f2f652667d5eba35fe66e43f;0x391b3f70e254d582588b27e97e48d1cfcdf0be7e;0xb9e8c6f2b8480f38408ac80408a9cb3da0f54d56;eoa;0;0;0;scUSD
Sonic;0xb1412442aa998950f2f652667d5eba35fe66e43f;0x391b3f70e254d582588b27e97e48d1cfcdf0be7e;0xba1333333333a1ba1108e8412f11850a5c319ba9;contract_other;133,249326;0;0,606784;scUSD
Sonic;0xb1412442aa998950f2f652667d5eba35fe66e43f;0x391b3f70e254d582588b27e97e48d1cfcdf0be7e;0xba1e7f0294e38d4aa5f817a3f347b0835130a2d9;eoa;0;0;0;scUSD
Sonic;0xb1412442aa998950f2f652667d5eba35fe66e43f;0x391b3f70e254d582588b27e97e48d1cfcdf0be7e;0xba372c6919682efcebec38d5deed10031c766f93;eoa;0;0;0;scUSD
Sonic;0xb1412442aa998950f2f652667d5eba35fe66e43f;0x391b3f70e254d582588b27e97e48d1cfcdf0be7e;0xbadc11224efb66aeb88c5a446082840eaf0eddde;eoa;0;0;0;scUSD
Sonic;0xb1412442aa998950f2f652667d5eba35fe66e43f;0x391b3f70e254d582588b27e97e48d1cfcdf0be7e;0xbc2086c30b7db99e8953f3e4065736a474e2e7cb;eoa;0,000001;0;0,000001;scUSD
Sonic;0xb1412442aa998950f2f652667d5eba35fe66e43f;0x391b3f70e254d582588b27e97e48d1cfcdf0be7e;0xbd1bff03034ac340235e48ee35c85b1121b8198e;eoa;2624,278238;0;2624,278238;scUSD
Sonic;0xb1412442aa998950f2f652667d5eba35fe66e43f;0x391b3f70e254d582588b27e97e48d1cfcdf0be7e;0xbdedb45e58a62d15583d2a51c266adae14361543;eoa;0;0;0;scUSD
Sonic;0xb1412442aa998950f2f652667d5eba35fe66e43f;0x391b3f70e254d582588b27e97e48d1cfcdf0be7e;0xbe7b402bf88819893322f9326ab9135d79a8db65;eoa;0;0;0;scUSD
Sonic;0xb1412442aa998950f2f652667d5eba35fe66e43f;0x391b3f70e254d582588b27e97e48d1cfcdf0be7e;0xbe9ef56539ce242e28f0e8bfed7d55d2ced0ddd2;eoa;0,000003;0;0,000003;scUSD
Sonic;0xb1412442aa998950f2f652667d5eba35fe66e43f;0x391b3f70e254d582588b27e97e48d1cfcdf0be7e;0xbf1b890f92b2f7deb2863ba79ec7420c04ae9571;eoa;0,000002;0;0,000002;scUSD
Sonic;0xb1412442aa998950f2f652667d5eba35fe66e43f;0x391b3f70e254d582588b27e97e48d1cfcdf0be7e;0xbf387c583f91a43a53bfe9e691c392d4e140dbe7;eoa;0;0;0;scUSD
Sonic;0xb1412442aa998950f2f652667d5eba35fe66e43f;0x391b3f70e254d582588b27e97e48d1cfcdf0be7e;0xbf8cb33574b663bb832ef14f0657d72d952f5995;eoa;0;0;0;scUSD
Sonic;0xb1412442aa998950f2f652667d5eba35fe66e43f;0x391b3f70e254d582588b27e97e48d1cfcdf0be7e;0xbff1eb114583632062932b28b821b51a8eaa4644;eoa;0;0;0;scUSD
Sonic;0xb1412442aa998950f2f652667d5eba35fe66e43f;0x391b3f70e254d582588b27e97e48d1cfcdf0be7e;0xbffc429c38d2d597847608b2a5f3b2e090a12668;eoa;463,707959;0;463,707959;scUSD
Sonic;0xb1412442aa998950f2f652667d5eba35fe66e43f;0x391b3f70e254d582588b27e97e48d1cfcdf0be7e;0xc011be69f6907df9ed51c34c58c1d3974bdd64ea;eoa;0;0;0;scUSD
Sonic;0xb1412442aa998950f2f652667d5eba35fe66e43f;0x391b3f70e254d582588b27e97e48d1cfcdf0be7e;0xc088ddd17fba8242dcee31f2b85d5ae146051962;eoa;0;0;0;scUSD
Sonic;0xb1412442aa998950f2f652667d5eba35fe66e43f;0x391b3f70e254d582588b27e97e48d1cfcdf0be7e;0xc0c226b735956a3c14b703d84c8c74fa4c7b3e50;eoa;0,000002;0;0,000002;scUSD
Sonic;0xb1412442aa998950f2f652667d5eba35fe66e43f;0x391b3f70e254d582588b27e97e48d1cfcdf0be7e;0xc1ba166cc2c249816db1e9d543368d80095ea33f;eoa;0;0;0;scUSD
Sonic;0xb1412442aa998950f2f652667d5eba35fe66e43f;0x391b3f70e254d582588b27e97e48d1cfcdf0be7e;0xc203de93d14d4591418b9da02b1ec84f485e3b90;eoa;0;0;0;scUSD
Sonic;0xb1412442aa998950f2f652667d5eba35fe66e43f;0x391b3f70e254d582588b27e97e48d1cfcdf0be7e;0xc373956fefaff488103475f77a5190bfea9baf1d;eoa;0;0;0;scUSD
Sonic;0xb1412442aa998950f2f652667d5eba35fe66e43f;0x391b3f70e254d582588b27e97e48d1cfcdf0be7e;0xc3e1e1358bda2a0c0e610b33871e6ebbf1523a58;eoa;0;0;0;scUSD
Sonic;0xb1412442aa998950f2f652667d5eba35fe66e43f;0x391b3f70e254d582588b27e97e48d1cfcdf0be7e;0xc558c575cead9344401e6b80a3ca0b87d48caec1;eoa;0,000003;0;0,000003;scUSD
Sonic;0xb1412442aa998950f2f652667d5eba35fe66e43f;0x391b3f70e254d582588b27e97e48d1cfcdf0be7e;0xc63845563801badc661b90fdbcb27235348a4b22;contract_other;0;0;0;scUSD
Sonic;0xb1412442aa998950f2f652667d5eba35fe66e43f;0x391b3f70e254d582588b27e97e48d1cfcdf0be7e;0xc6ce31daff9175a30fcef932180b0a783ceadd06;eoa;0;0;0;scUSD
Sonic;0xb1412442aa998950f2f652667d5eba35fe66e43f;0x391b3f70e254d582588b27e97e48d1cfcdf0be7e;0xc6eb0bdc91b93f572f44018551780ae7665b647e;eoa;0,000001;0;0,000001;scUSD
Sonic;0xb1412442aa998950f2f652667d5eba35fe66e43f;0x391b3f70e254d582588b27e97e48d1cfcdf0be7e;0xc720aad5b91dc6661d3ea32ddea7e11003a0c12f;eoa;0;0;0;scUSD
Sonic;0xb1412442aa998950f2f652667d5eba35fe66e43f;0x391b3f70e254d582588b27e97e48d1cfcdf0be7e;0xc86e0e7f329b4b0a5dd941862f2ef6befff161e0;eoa;311,632196;0;311,632196;scUSD
Sonic;0xb1412442aa998950f2f652667d5eba35fe66e43f;0x391b3f70e254d582588b27e97e48d1cfcdf0be7e;0xc8f67c28d3de0b913e9eb4b018f44ab6b820d624;eoa;0;0;0;scUSD
Sonic;0xb1412442aa998950f2f652667d5eba35fe66e43f;0x391b3f70e254d582588b27e97e48d1cfcdf0be7e;0xc9be47625dbd1537b9a766a96e290aa3c59e75d4;eoa;0,000001;0;0,000001;scUSD
Sonic;0xb1412442aa998950f2f652667d5eba35fe66e43f;0x391b3f70e254d582588b27e97e48d1cfcdf0be7e;0xc9c45f5198345f0c58c04b45d942474a8707163b;eoa;0;0;0;scUSD
Sonic;0xb1412442aa998950f2f652667d5eba35fe66e43f;0x391b3f70e254d582588b27e97e48d1cfcdf0be7e;0xca6632aa7ce588d8e62620fc4e3d51e22e40b170;eoa;0,000001;0;0,000001;scUSD
Sonic;0xb1412442aa998950f2f652667d5eba35fe66e43f;0x391b3f70e254d582588b27e97e48d1cfcdf0be7e;0xcac9a154247c27af80819e9231c6ff7e09f92baa;eoa;0,000001;0;0,000001;scUSD
Sonic;0xb1412442aa998950f2f652667d5eba35fe66e43f;0x391b3f70e254d582588b27e97e48d1cfcdf0be7e;0xcaebdd12fb2225d3f10bec66c2c5bec79c2f13da;eoa;0,00001;0;0,00001;scUSD
Sonic;0xb1412442aa998950f2f652667d5eba35fe66e43f;0x391b3f70e254d582588b27e97e48d1cfcdf0be7e;0xcb0ccf1fb1829acf943f24e80a1a843774dc0711;eoa;0;0;0;scUSD
Sonic;0xb1412442aa998950f2f652667d5eba35fe66e43f;0x391b3f70e254d582588b27e97e48d1cfcdf0be7e;0xcb5a37b0e885857db5d18691583738d114bc77b6;eoa;0,000001;0;0,000001;scUSD
Sonic;0xb1412442aa998950f2f652667d5eba35fe66e43f;0x391b3f70e254d582588b27e97e48d1cfcdf0be7e;0xcb6586874cc04b01cc4fdb777de502cea7b3d6c1;eoa;0;0;0;scUSD
Sonic;0xb1412442aa998950f2f652667d5eba35fe66e43f;0x391b3f70e254d582588b27e97e48d1cfcdf0be7e;0xcbc61255c3fc15bfed07ba794e3119e7c8ffbad7;eoa;0,000014;0;0,000014;scUSD
Sonic;0xb1412442aa998950f2f652667d5eba35fe66e43f;0x391b3f70e254d582588b27e97e48d1cfcdf0be7e;0xcc27769a5992a3572536c83017187baf651e6add;eoa;0,000001;0;0;scUSD
Sonic;0xb1412442aa998950f2f652667d5eba35fe66e43f;0x391b3f70e254d582588b27e97e48d1cfcdf0be7e;0xccf9e823a068ace4c8e605a391f1d6acda7d407d;eoa;0,000008;0;0,000008;scUSD
Sonic;0xb1412442aa998950f2f652667d5eba35fe66e43f;0x391b3f70e254d582588b27e97e48d1cfcdf0be7e;0xcd07799e9e01c02c3b569cd42f3729713639081c;eoa;0;0;0;scUSD
Sonic;0xb1412442aa998950f2f652667d5eba35fe66e43f;0x391b3f70e254d582588b27e97e48d1cfcdf0be7e;0xcd7215863ebbb76321e0bb5e215d2a0d5050a686;eoa;0,000005;0;0,000005;scUSD
Sonic;0xb1412442aa998950f2f652667d5eba35fe66e43f;0x391b3f70e254d582588b27e97e48d1cfcdf0be7e;0xcedc14bd289cddcbd02abdaef451e509e0b25547;eoa;0;0;0;scUSD
Sonic;0xb1412442aa998950f2f652667d5eba35fe66e43f;0x391b3f70e254d582588b27e97e48d1cfcdf0be7e;0xcef563b0f67043a54b3ea5ba2af5bc50eb9af2f6;eoa;0;0;0;scUSD
Sonic;0xb1412442aa998950f2f652667d5eba35fe66e43f;0x391b3f70e254d582588b27e97e48d1cfcdf0be7e;0xcf0049486e92a3f6618793b69f67b41cebf53c23;eoa;0;0;0;scUSD
Sonic;0xb1412442aa998950f2f652667d5eba35fe66e43f;0x391b3f70e254d582588b27e97e48d1cfcdf0be7e;0xcf304f5bc5490d5f4adfa62e9148ad01b0029a6c;contract_other;0,000002;0;0,000002;scUSD
Sonic;0xb1412442aa998950f2f652667d5eba35fe66e43f;0x391b3f70e254d582588b27e97e48d1cfcdf0be7e;0xcf8abaedefc16bdffefb68dcbd118b40edbc28b3;eoa;0;0;0;scUSD
Sonic;0xb1412442aa998950f2f652667d5eba35fe66e43f;0x391b3f70e254d582588b27e97e48d1cfcdf0be7e;0xd096f455e507dd57ad789ce912e595913f5314d6;eoa;0,000004;0;0,000004;scUSD
Sonic;0xb1412442aa998950f2f652667d5eba35fe66e43f;0x391b3f70e254d582588b27e97e48d1cfcdf0be7e;0xd0e4d93c6c26e1bc4f5e0d386b9ad98ae900b9fc;eoa;0;0;0;scUSD
Sonic;0xb1412442aa998950f2f652667d5eba35fe66e43f;0x391b3f70e254d582588b27e97e48d1cfcdf0be7e;0xd1c921829db71034b077e585fa4f28850f2b5267;eoa;0;0;0;scUSD
Sonic;0xb1412442aa998950f2f652667d5eba35fe66e43f;0x391b3f70e254d582588b27e97e48d1cfcdf0be7e;0xd2625ca08ecd15693584e8b7e3e54c3a5a761c1b;eoa;0,000003;0;0,000003;scUSD
Sonic;0xb1412442aa998950f2f652667d5eba35fe66e43f;0x391b3f70e254d582588b27e97e48d1cfcdf0be7e;0xd2a25a7c57db6a113c7aea2c14bbe90538dfac61;eoa;0;0;0;scUSD
Sonic;0xb1412442aa998950f2f652667d5eba35fe66e43f;0x391b3f70e254d582588b27e97e48d1cfcdf0be7e;0xd36f6c76572e7a2e9b457ca7de541c2f4115c649;eoa;0;0;0;scUSD
Sonic;0xb1412442aa998950f2f652667d5eba35fe66e43f;0x391b3f70e254d582588b27e97e48d1cfcdf0be7e;0xd37e5a41d7792e353fa905d9693ffc0b4016068a;eoa;0;0;0;scUSD
Sonic;0xb1412442aa998950f2f652667d5eba35fe66e43f;0x391b3f70e254d582588b27e97e48d1cfcdf0be7e;0xd38f14dfbee201c6dd21b5ad090180773de66a6c;eoa;0,000001;0;0,000001;scUSD
Sonic;0xb1412442aa998950f2f652667d5eba35fe66e43f;0x391b3f70e254d582588b27e97e48d1cfcdf0be7e;0xd39b2a01d4dca42f32ff52244a1b28811e40045f;eoa;0,004557;0;0,004557;scUSD
Sonic;0xb1412442aa998950f2f652667d5eba35fe66e43f;0x391b3f70e254d582588b27e97e48d1cfcdf0be7e;0xd3f62ccbe87abf905c6611a524d76e6069883350;eoa;0,000009;0;0;scUSD
Sonic;0xb1412442aa998950f2f652667d5eba35fe66e43f;0x391b3f70e254d582588b27e97e48d1cfcdf0be7e;0xd3f67d2e2006b1f64c2967484ebd1f0b7afbb1b6;eoa;0,000001;0;0,000001;scUSD
Sonic;0xb1412442aa998950f2f652667d5eba35fe66e43f;0x391b3f70e254d582588b27e97e48d1cfcdf0be7e;0xd4498bc49ace7874ad89664bf58393aac2a97f71;eoa;0;0;0;scUSD
Sonic;0xb1412442aa998950f2f652667d5eba35fe66e43f;0x391b3f70e254d582588b27e97e48d1cfcdf0be7e;0xd4791a4a0b17a344c189c99884d2a6165197eeb3;eoa;0,000042;0;0,000042;scUSD
Sonic;0xb1412442aa998950f2f652667d5eba35fe66e43f;0x391b3f70e254d582588b27e97e48d1cfcdf0be7e;0xd4cffd1db38d276a412917ccc5b3460ea309f10c;eoa;0,000001;0;0,000001;scUSD
Sonic;0xb1412442aa998950f2f652667d5eba35fe66e43f;0x391b3f70e254d582588b27e97e48d1cfcdf0be7e;0xd59cf0a0d13cb819eee7a239f3ce8b9f08d1b7e9;eoa;0,000001;0;0,000001;scUSD
Sonic;0xb1412442aa998950f2f652667d5eba35fe66e43f;0x391b3f70e254d582588b27e97e48d1cfcdf0be7e;0xd5cc9763394741845a4848cb897cb684686d0000;eoa;0,000001;0;0,000001;scUSD
Sonic;0xb1412442aa998950f2f652667d5eba35fe66e43f;0x391b3f70e254d582588b27e97e48d1cfcdf0be7e;0xd674d9dbea02b7457408ed2cd21051498ec8d13c;eoa;0,000003;0;0,000003;scUSD
Sonic;0xb1412442aa998950f2f652667d5eba35fe66e43f;0x391b3f70e254d582588b27e97e48d1cfcdf0be7e;0xd6c10b3a9135fd67f6489aa442f160c8556d4136;eoa;0,000004;0;0,000004;scUSD
Sonic;0xb1412442aa998950f2f652667d5eba35fe66e43f;0x391b3f70e254d582588b27e97e48d1cfcdf0be7e;0xd76b025f9b36194be6b5b98326efbd6bfd1e1165;eoa;0;0;0;scUSD
Sonic;0xb1412442aa998950f2f652667d5eba35fe66e43f;0x391b3f70e254d582588b27e97e48d1cfcdf0be7e;0xd7f1d7be3177ab2df23bd39b63fcef5313452b3f;contract_other;0;0;0;scUSD
Sonic;0xb1412442aa998950f2f652667d5eba35fe66e43f;0x391b3f70e254d582588b27e97e48d1cfcdf0be7e;0xd899141b9f06a11b227fcf2c3fae8652776facb2;eoa;0,000005;0;0,000005;scUSD
Sonic;0xb1412442aa998950f2f652667d5eba35fe66e43f;0x391b3f70e254d582588b27e97e48d1cfcdf0be7e;0xd9010fb0b7df8bd85b7b614c01df9a65e032f60d;eoa;0;0;0;scUSD
Sonic;0xb1412442aa998950f2f652667d5eba35fe66e43f;0x391b3f70e254d582588b27e97e48d1cfcdf0be7e;0xda232095d6ccea2728e6ba5111d435c605b3e049;eoa;0,000034;0;0,000034;scUSD
Sonic;0xb1412442aa998950f2f652667d5eba35fe66e43f;0x391b3f70e254d582588b27e97e48d1cfcdf0be7e;0xdb7bbd7445d149cbd8650901d1d76a27545044f0;eoa;0;0;0;scUSD
Sonic;0xb1412442aa998950f2f652667d5eba35fe66e43f;0x391b3f70e254d582588b27e97e48d1cfcdf0be7e;0xdbd5a11a2c3410bcb022b77a70799089ff992998;eoa;0;0;0;scUSD
Sonic;0xb1412442aa998950f2f652667d5eba35fe66e43f;0x391b3f70e254d582588b27e97e48d1cfcdf0be7e;0xdbf4a4874e5bf633d8628e5272f9965ec1ee4dd9;eoa;0;0;0;scUSD
Sonic;0xb1412442aa998950f2f652667d5eba35fe66e43f;0x391b3f70e254d582588b27e97e48d1cfcdf0be7e;0xdcc54c20c03f54da9e6dcb4b637d46d767c7f2b8;eoa;0;0;0;scUSD
Sonic;0xb1412442aa998950f2f652667d5eba35fe66e43f;0x391b3f70e254d582588b27e97e48d1cfcdf0be7e;0xdd95faa5eaa0f14d420ba6502a98dee39e8b3653;eoa;0;0;0;scUSD
Sonic;0xb1412442aa998950f2f652667d5eba35fe66e43f;0x391b3f70e254d582588b27e97e48d1cfcdf0be7e;0xdff2425c57f2f930ff14d693dc913894053622ae;eoa;0,000001;0;0,000001;scUSD
Sonic;0xb1412442aa998950f2f652667d5eba35fe66e43f;0x391b3f70e254d582588b27e97e48d1cfcdf0be7e;0xe0478582ecdc0545d3c060084e01343655911061;eoa;0,000002;0;0,000002;scUSD
Sonic;0xb1412442aa998950f2f652667d5eba35fe66e43f;0x391b3f70e254d582588b27e97e48d1cfcdf0be7e;0xe0c4bf9f1296f2c70aef3de0b0cdea63d9b261b3;eoa;0;0;0;scUSD
Sonic;0xb1412442aa998950f2f652667d5eba35fe66e43f;0x391b3f70e254d582588b27e97e48d1cfcdf0be7e;0xe171e110cfe6f658c4421c2da4c86e4933919de4;eoa;0;0;0;scUSD
Sonic;0xb1412442aa998950f2f652667d5eba35fe66e43f;0x391b3f70e254d582588b27e97e48d1cfcdf0be7e;0xe17a3d8399ebc55cc9c6b5719687b70d5fbf44a4;eoa;0;0;0;scUSD
Sonic;0xb1412442aa998950f2f652667d5eba35fe66e43f;0x391b3f70e254d582588b27e97e48d1cfcdf0be7e;0xe1f03a9089e6bfd6e44c590c6e6348b4ae27321d;eoa;0;0;0;scUSD
Sonic;0xb1412442aa998950f2f652667d5eba35fe66e43f;0x391b3f70e254d582588b27e97e48d1cfcdf0be7e;0xe29befd128ccac015cac0a6fc59a49d8b7c2f044;eoa;0,00001;0;0,00001;scUSD
Sonic;0xb1412442aa998950f2f652667d5eba35fe66e43f;0x391b3f70e254d582588b27e97e48d1cfcdf0be7e;0xe2b130d9379289c7686a0c8baea590cca1a77416;eoa;0,000002;0;0,000002;scUSD
Sonic;0xb1412442aa998950f2f652667d5eba35fe66e43f;0x391b3f70e254d582588b27e97e48d1cfcdf0be7e;0xe2b95b543191158941484d8b97ef8e6a1f16472d;eoa;0;0;0;scUSD
Sonic;0xb1412442aa998950f2f652667d5eba35fe66e43f;0x391b3f70e254d582588b27e97e48d1cfcdf0be7e;0xe2cfa8d3353d6529a9b4e98d97cfd263166c47fa;eoa;0;0;0;scUSD
Sonic;0xb1412442aa998950f2f652667d5eba35fe66e43f;0x391b3f70e254d582588b27e97e48d1cfcdf0be7e;0xe3d6d582fb2d53ba82d2bd17fe6f8f5520b50fc0;eoa;0;0;0;scUSD
Sonic;0xb1412442aa998950f2f652667d5eba35fe66e43f;0x391b3f70e254d582588b27e97e48d1cfcdf0be7e;0xe4084c4530d9965d605d3dc5657f8afc6fcf6cfb;eoa;0,000001;0;0,000001;scUSD
Sonic;0xb1412442aa998950f2f652667d5eba35fe66e43f;0x391b3f70e254d582588b27e97e48d1cfcdf0be7e;0xe427171b46406a572a39c2d76004b0c6d2a2fe92;eoa;0;0;0;scUSD
Sonic;0xb1412442aa998950f2f652667d5eba35fe66e43f;0x391b3f70e254d582588b27e97e48d1cfcdf0be7e;0xe4727db0d9ef3ca11b9d177c2e92f63b512993a5;eoa;0,000005;0;0,000005;scUSD
Sonic;0xb1412442aa998950f2f652667d5eba35fe66e43f;0x391b3f70e254d582588b27e97e48d1cfcdf0be7e;0xe513cd2b7ead0ad2549283acd7fc4f9b91a5c878;eoa;0;0;0;scUSD
Sonic;0xb1412442aa998950f2f652667d5eba35fe66e43f;0x391b3f70e254d582588b27e97e48d1cfcdf0be7e;0xe57911881b16e676485fd217e0cb99a42631b16c;eoa;0,000006;0;0,000006;scUSD
Sonic;0xb1412442aa998950f2f652667d5eba35fe66e43f;0x391b3f70e254d582588b27e97e48d1cfcdf0be7e;0xe6f1ee0fc72be2d246b8f02811799c239c125bac;eoa;0;0;0;scUSD
Sonic;0xb1412442aa998950f2f652667d5eba35fe66e43f;0x391b3f70e254d582588b27e97e48d1cfcdf0be7e;0xe786c1c68f3bbb3d94e91f9c961a067939e498cd;eoa;0,000003;0;0,000003;scUSD
Sonic;0xb1412442aa998950f2f652667d5eba35fe66e43f;0x391b3f70e254d582588b27e97e48d1cfcdf0be7e;0xe791949e7f8b26e4d967094f5dce3002b4449c4e;eoa;0,000001;0;0,000001;scUSD
Sonic;0xb1412442aa998950f2f652667d5eba35fe66e43f;0x391b3f70e254d582588b27e97e48d1cfcdf0be7e;0xe8770f09190054248f64243732b71a043a7725b2;eoa;0,000003;0;0,000003;scUSD
Sonic;0xb1412442aa998950f2f652667d5eba35fe66e43f;0x391b3f70e254d582588b27e97e48d1cfcdf0be7e;0xe8da24093f7cfda901bbf183c3d48e2a387e38e0;eoa;0;0;0;scUSD
Sonic;0xb1412442aa998950f2f652667d5eba35fe66e43f;0x391b3f70e254d582588b27e97e48d1cfcdf0be7e;0xe97135a6f64e4fcd5c3dc82f15e08881c7a0cced;eoa;0;0;0;scUSD
Sonic;0xb1412442aa998950f2f652667d5eba35fe66e43f;0x391b3f70e254d582588b27e97e48d1cfcdf0be7e;0xea844c517e9e3718acbe88f8ea511a285bc0bf3e;eoa;2153,747951;0;2111,904851;scUSD
Sonic;0xb1412442aa998950f2f652667d5eba35fe66e43f;0x391b3f70e254d582588b27e97e48d1cfcdf0be7e;0xeb029a5856e6e4b860c843842ebbfd6dfe77c6e9;eoa;0;0;0;scUSD
Sonic;0xb1412442aa998950f2f652667d5eba35fe66e43f;0x391b3f70e254d582588b27e97e48d1cfcdf0be7e;0xeb7df1c8bfb37f6470788a1f8b20f37e46ca383e;eoa;0;0;0;scUSD
Sonic;0xb1412442aa998950f2f652667d5eba35fe66e43f;0x391b3f70e254d582588b27e97e48d1cfcdf0be7e;0xeb9aaa0a887436292245b7517ab2dfa15e46756f;eoa;0;0;0;scUSD
Sonic;0xb1412442aa998950f2f652667d5eba35fe66e43f;0x391b3f70e254d582588b27e97e48d1cfcdf0be7e;0xec03609f48d71330054ee8c174a12647043be108;eoa;0;0;0;scUSD
Sonic;0xb1412442aa998950f2f652667d5eba35fe66e43f;0x391b3f70e254d582588b27e97e48d1cfcdf0be7e;0xec65a51040838948ebb648ad1c37e3aa38119033;eoa;0;0;0;scUSD
Sonic;0xb1412442aa998950f2f652667d5eba35fe66e43f;0x391b3f70e254d582588b27e97e48d1cfcdf0be7e;0xeccf528b9ccacd9336b70ad4d1228a6843567e02;eoa;0,000007;0;0,000007;scUSD
Sonic;0xb1412442aa998950f2f652667d5eba35fe66e43f;0x391b3f70e254d582588b27e97e48d1cfcdf0be7e;0xedeed75328937a17749c1a59772e2ec79eb51314;eoa;0;0;0;scUSD
Sonic;0xb1412442aa998950f2f652667d5eba35fe66e43f;0x391b3f70e254d582588b27e97e48d1cfcdf0be7e;0xee67025fe03a202be6199c673ae73c9d26701e66;eoa;20,422878;0;20,026178;scUSD
Sonic;0xb1412442aa998950f2f652667d5eba35fe66e43f;0x391b3f70e254d582588b27e97e48d1cfcdf0be7e;0xeec2fa9571663d09941a3b67de35fa8aecc2564e;eoa;0;0;0;scUSD
Sonic;0xb1412442aa998950f2f652667d5eba35fe66e43f;0x391b3f70e254d582588b27e97e48d1cfcdf0be7e;0xeeee45bfce028e200def9a0d2bea7c526a3bca36;eoa;0;0;0;scUSD
Sonic;0xb1412442aa998950f2f652667d5eba35fe66e43f;0x391b3f70e254d582588b27e97e48d1cfcdf0be7e;0xef00685b3a799a7ebb64a9c2fec49a56d5ce93d4;eoa;0;0;0;scUSD
Sonic;0xb1412442aa998950f2f652667d5eba35fe66e43f;0x391b3f70e254d582588b27e97e48d1cfcdf0be7e;0xef2d05c19665cf9a902f20cf69335fe670b164d8;eoa;0;0;0;scUSD
Sonic;0xb1412442aa998950f2f652667d5eba35fe66e43f;0x391b3f70e254d582588b27e97e48d1cfcdf0be7e;0xefb37bd3a9ed2f768bf6f79d0379fe7f9be50f49;erc4626_unresolved;0,000001;0;0,000001;scUSD
Sonic;0xb1412442aa998950f2f652667d5eba35fe66e43f;0x391b3f70e254d582588b27e97e48d1cfcdf0be7e;0xefbcb88deb87a4559f382feca0cac2293d4a8e79;eoa;0;0;0;scUSD
Sonic;0xb1412442aa998950f2f652667d5eba35fe66e43f;0x391b3f70e254d582588b27e97e48d1cfcdf0be7e;0xf1196bf726ed9227507f5a8b7c87ae177124db2b;eoa;0;0;0;scUSD
Sonic;0xb1412442aa998950f2f652667d5eba35fe66e43f;0x391b3f70e254d582588b27e97e48d1cfcdf0be7e;0xf11a81f114c39e936da080a7954ecb6c4c141b9b;eoa;0;0;0;scUSD
Sonic;0xb1412442aa998950f2f652667d5eba35fe66e43f;0x391b3f70e254d582588b27e97e48d1cfcdf0be7e;0xf177414566d855fdc106f73815cdbece6379c1d0;eoa;3,244408;0;3,133908;scUSD
Sonic;0xb1412442aa998950f2f652667d5eba35fe66e43f;0x391b3f70e254d582588b27e97e48d1cfcdf0be7e;0xf18afed8b077e306da081ac67be3575ccc431a25;eoa;0;0;0;scUSD
Sonic;0xb1412442aa998950f2f652667d5eba35fe66e43f;0x391b3f70e254d582588b27e97e48d1cfcdf0be7e;0xf20464fd66251ab19b357a7500ae89381074c127;eoa;0;0;0;scUSD
Sonic;0xb1412442aa998950f2f652667d5eba35fe66e43f;0x391b3f70e254d582588b27e97e48d1cfcdf0be7e;0xf31aec5bdf7b5a7647cdb08901ca090b700d38f5;eoa;0;0;0;scUSD
Sonic;0xb1412442aa998950f2f652667d5eba35fe66e43f;0x391b3f70e254d582588b27e97e48d1cfcdf0be7e;0xf46b5e722000087b0f72521c465f712cbd41956e;eoa;0;0;0;scUSD
Sonic;0xb1412442aa998950f2f652667d5eba35fe66e43f;0x391b3f70e254d582588b27e97e48d1cfcdf0be7e;0xf4a3adf696838d8f8035cdb4fcfa9403e3a16863;eoa;29,615663;0;28,856927;scUSD
Sonic;0xb1412442aa998950f2f652667d5eba35fe66e43f;0x391b3f70e254d582588b27e97e48d1cfcdf0be7e;0xf5afc179a45e902e4d24b2347434660bae08db01;eoa;0,000001;0;0,000001;scUSD
Sonic;0xb1412442aa998950f2f652667d5eba35fe66e43f;0x391b3f70e254d582588b27e97e48d1cfcdf0be7e;0xf6a7ffc868752b16e6a869cca757d41357f75442;eoa;0;0;0;scUSD
Sonic;0xb1412442aa998950f2f652667d5eba35fe66e43f;0x391b3f70e254d582588b27e97e48d1cfcdf0be7e;0xf71e1548fa953a4aa39dc28e960a5668afe830bb;eoa;0;0;0;scUSD
Sonic;0xb1412442aa998950f2f652667d5eba35fe66e43f;0x391b3f70e254d582588b27e97e48d1cfcdf0be7e;0xf73bd5710d3e3d4e8db7ec6058f9fb77ff8414e9;eoa;0,000005;0;0,000005;scUSD
Sonic;0xb1412442aa998950f2f652667d5eba35fe66e43f;0x391b3f70e254d582588b27e97e48d1cfcdf0be7e;0xf7700944b35c3f85a23e9d77bee065dc4f10d6f7;eoa;0;0;0;scUSD
Sonic;0xb1412442aa998950f2f652667d5eba35fe66e43f;0x391b3f70e254d582588b27e97e48d1cfcdf0be7e;0xf7cee8348aafe8595b5316f9dd018edbdfdcc783;eoa;0;0;0;scUSD
Sonic;0xb1412442aa998950f2f652667d5eba35fe66e43f;0x391b3f70e254d582588b27e97e48d1cfcdf0be7e;0xf8022e6310a26b5ecacbe1911486aed0f7164b65;eoa;0,000002;0;0,000002;scUSD
Sonic;0xb1412442aa998950f2f652667d5eba35fe66e43f;0x391b3f70e254d582588b27e97e48d1cfcdf0be7e;0xf852df942b45a9f522a7a1e711dd8cc1c0ea004b;eoa;0;0;0;scUSD
Sonic;0xb1412442aa998950f2f652667d5eba35fe66e43f;0x391b3f70e254d582588b27e97e48d1cfcdf0be7e;0xf868b39de670fc4384cf8c290883a8139af3296c;eoa;0,000005;0;0,000005;scUSD
Sonic;0xb1412442aa998950f2f652667d5eba35fe66e43f;0x391b3f70e254d582588b27e97e48d1cfcdf0be7e;0xf98853f7f8e52710fad74a2349f1c46a2fe8f011;eoa;0;0;0;scUSD
Sonic;0xb1412442aa998950f2f652667d5eba35fe66e43f;0x391b3f70e254d582588b27e97e48d1cfcdf0be7e;0xfa65726fee6ed707a4d311c1abe764ac69623727;eoa;0,000001;0;0,000001;scUSD
Sonic;0xb1412442aa998950f2f652667d5eba35fe66e43f;0x391b3f70e254d582588b27e97e48d1cfcdf0be7e;0xfa66a01537f35080d453eeb1110568a0119ba5e6;eoa;0;0;0;scUSD
Sonic;0xb1412442aa998950f2f652667d5eba35fe66e43f;0x391b3f70e254d582588b27e97e48d1cfcdf0be7e;0xfa8dd07f8415af665ae45037dfc4de8bc726b9a5;eoa;0;0;0;scUSD
Sonic;0xb1412442aa998950f2f652667d5eba35fe66e43f;0x391b3f70e254d582588b27e97e48d1cfcdf0be7e;0xfae9ab3bed27f92859727aa5de071079d8de44fa;eoa;0;0;0;scUSD
Sonic;0xb1412442aa998950f2f652667d5eba35fe66e43f;0x391b3f70e254d582588b27e97e48d1cfcdf0be7e;0xfb40d84694ac4ea4a469367654f2fd5eb476c8aa;eoa;0,000001;0;0,000001;scUSD
Sonic;0xb1412442aa998950f2f652667d5eba35fe66e43f;0x391b3f70e254d582588b27e97e48d1cfcdf0be7e;0xfbcee0e3d6f369c7f516102ead40934e2306d71e;eoa;0;0;0;scUSD
Sonic;0xb1412442aa998950f2f652667d5eba35fe66e43f;0x391b3f70e254d582588b27e97e48d1cfcdf0be7e;0xfc6c84bd2c5b909227f9f691a03f90922c983376;eoa;0;0;0;scUSD
Sonic;0xb1412442aa998950f2f652667d5eba35fe66e43f;0x391b3f70e254d582588b27e97e48d1cfcdf0be7e;0xfec9bd456f0372b91d49a15cd1b48f87ec1a8974;eoa;0,000002;0;0,000002;scUSD
Sonic;0xb1412442aa998950f2f652667d5eba35fe66e43f;0x391b3f70e254d582588b27e97e48d1cfcdf0be7e;0xfeee1abf88eae68de12c333b15dcde9a8d2ffe9d;eoa;0;0;0;scUSD
Sonic;0xb1412442aa998950f2f652667d5eba35fe66e43f;0x391b3f70e254d582588b27e97e48d1cfcdf0be7e;0xffcaa153245ce13f857946ffa5ecb59f104dd8db;eoa;0;0;0;scUSD
Sonic;0xb1412442aa998950f2f652667d5eba35fe66e43f;0x391b3f70e254d582588b27e97e48d1cfcdf0be7e;0xfff86782445bee51fdbd69f876c270176e16725d;eoa;0;0;0;scUSD
Sonic;0xb1412442aa998950f2f652667d5eba35fe66e43f;0x391b3f70e254d582588b27e97e48d1cfcdf0be7e;0xec97f1c07b29e21cece5581fc3354c3feac7db7b;eoa;0;0;18,182258;scUSD
Sonic;0xb1412442aa998950f2f652667d5eba35fe66e43f;0x391b3f70e254d582588b27e97e48d1cfcdf0be7e;0x6719558682cbb76f7fa6c216c7b51791b163a6b8;eoa;0;0;17,962706;scUSD
Sonic;0xb1412442aa998950f2f652667d5eba35fe66e43f;0x391b3f70e254d582588b27e97e48d1cfcdf0be7e;0x1edd56194359271b3d9066d54a5484f6a83458de;eoa;0;0;6,147948;scUSD
Sonic;0xb1412442aa998950f2f652667d5eba35fe66e43f;0x391b3f70e254d582588b27e97e48d1cfcdf0be7e;0x19f0c7c7ce47f5a75073c353a3937be70f877159;eoa;0;0;69,512648;scUSD
Sonic;0xb1412442aa998950f2f652667d5eba35fe66e43f;0x391b3f70e254d582588b27e97e48d1cfcdf0be7e;0x3f73ccb6be932bd607393de5328088dd4f6b6746;eoa;0;0;9,526901;scUSD
Sonic;0xb1412442aa998950f2f652667d5eba35fe66e43f;0x391b3f70e254d582588b27e97e48d1cfcdf0be7e;0x1d880684b7086fcf37f876757e0f1b0d3fbd4962;eoa;0;0;379,891217;scUSD
Sonic;0xb1412442aa998950f2f652667d5eba35fe66e43f;0x391b3f70e254d582588b27e97e48d1cfcdf0be7e;0xce11977e1564cd2400e741944cba46d2a4641a95;eoa;0;0;11,310081;scUSD
Sonic;0xb1412442aa998950f2f652667d5eba35fe66e43f;0x61e175f91f017987c421e0731d6baa0594eca6eb;0x1b35727072435bb97fbe8cc378eb6973c98faab3;Gnosis Safe;17,013098;0;-39,698041;scUSD
Sonic;0xb1412442aa998950f2f652667d5eba35fe66e43f;0x61e175f91f017987c421e0731d6baa0594eca6eb;0x224b920120ad0c30aedb5afd01056405ec8e00f8;eoa;15,396202;0;0;scUSD
Sonic;0xb1412442aa998950f2f652667d5eba35fe66e43f;0x61e175f91f017987c421e0731d6baa0594eca6eb;0xb81105800eec045c216109531135840dcd50b113;contract_other;3938,403396;0;3938,846992;scUSD
Sonic;0xb1412442aa998950f2f652667d5eba35fe66e43f;0x61e175f91f017987c421e0731d6baa0594eca6eb;0x8b2d4c5d0e84609cfdb650be807a93469dce834a;eoa;0;0;72,107341;scUSD
Ethereum;0x1de3ba67da79a81bc0c3922689c98550e4bd9bc2;;0xd9eba6cd776e57db63673dfb60ea0bda955c9c4d;eoa;50698,816986;0;50698,816986;USDC
Ethereum;0x1de3ba67da79a81bc0c3922689c98550e4bd9bc2;;0x2f41ea375785bfbcc6e7accb5e921dc8334fbb76;eoa;50670,240745;0;50670,240745;USDC
Ethereum;0x1de3ba67da79a81bc0c3922689c98550e4bd9bc2;;0xbd8fbccf5b9f96643be929163fcb13e368cd1822;eoa;43120,789463;0;0,000001;USDC
Ethereum;0x1de3ba67da79a81bc0c3922689c98550e4bd9bc2;;0xf32e991bb42f44b07ba05b18211fe0a545e81dd1;eoa;40993,825571;0;0;USDC
Ethereum;0x1de3ba67da79a81bc0c3922689c98550e4bd9bc2;;0xee50f624206905c5423fd6d4155862afeb34fc2e;eoa;24596,149814;0;24596,149814;USDC
Ethereum;0x1de3ba67da79a81bc0c3922689c98550e4bd9bc2;;0x1116cbb80e8b965b2650e973a3b5747545bc1111;eoa;18820,02745;0;0;USDC
Ethereum;0x1de3ba67da79a81bc0c3922689c98550e4bd9bc2;;0x9a522c05d22a2c8e42c03a34f93a8437f5305d23;eoa;15627,873126;0;15627,873126;USDC
Ethereum;0x1de3ba67da79a81bc0c3922689c98550e4bd9bc2;;0x991cec65a906b5727b32d175cfc550673a20ed17;eoa;15232,478329;0;15232,478329;USDC
Ethereum;0x1de3ba67da79a81bc0c3922689c98550e4bd9bc2;;0x0270711e27462d23c238e6b27547e042dac30429;eoa;14698,347569;0;14698,347569;USDC
Ethereum;0x1de3ba67da79a81bc0c3922689c98550e4bd9bc2;;0xee3a8faef6c61c97e4039b3f569276605e61c5c3;eoa;10935,282586;0;51929,108157;USDC
Ethereum;0x1de3ba67da79a81bc0c3922689c98550e4bd9bc2;;0x30eb5069183144ab0214a51f157a804dfd4a67af;eoa;10177,553972;0;10177,553972;USDC
Ethereum;0x1de3ba67da79a81bc0c3922689c98550e4bd9bc2;;0x889f4f8113b87c5829857e4b51f403bcaed2c9b0;eoa;10147,823368;0;10147,823368;USDC
Ethereum;0x1de3ba67da79a81bc0c3922689c98550e4bd9bc2;;0xdb2a1b03a7e1877349d81600a434299fd4990e8a;eoa;5575,595519;0;0;USDC
Ethereum;0x1de3ba67da79a81bc0c3922689c98550e4bd9bc2;;0x02fca7c15641b70443509630d0dd6b6a47385069;eoa;5088,8079;0;5088,8079;USDC
Ethereum;0x1de3ba67da79a81bc0c3922689c98550e4bd9bc2;;0xb330d4110c3dcf6c4f2137367720c814b4ddff21;eoa;5053,769244;0;5053,769244;USDC
Ethereum;0x1de3ba67da79a81bc0c3922689c98550e4bd9bc2;;0xa2ba4717a1d8e78864328ab610aecc734d1d5287;eoa;3788,251772;0;3788,251772;USDC
Ethereum;0x1de3ba67da79a81bc0c3922689c98550e4bd9bc2;;0xb918f44dc8b5781abbfade3266c668b370442887;eoa;1818,23299;0;1818,23299;USDC
Ethereum;0x1de3ba67da79a81bc0c3922689c98550e4bd9bc2;;0xa521e425f37acc731651565b41ce3e5022274f4f;eoa;10,440059;0;10,440059;USDC
Ethereum;0x1de3ba67da79a81bc0c3922689c98550e4bd9bc2;;0xa6ffb253e5d895071ee0947b4f39d604c93e704c;eoa;10,440059;0;10,440059;USDC
Ethereum;0x1de3ba67da79a81bc0c3922689c98550e4bd9bc2;;0x7b8135db002d27f745ef7f9f284fe9f641e6b217;eoa;3,113463;0;3,113463;USDC
Ethereum;0x1de3ba67da79a81bc0c3922689c98550e4bd9bc2;;0x70e1b787a5d677a5906acccf0b4f387b8bb1b5c3;eoa;0,509468;0;0,509468;USDC
Ethereum;0x1de3ba67da79a81bc0c3922689c98550e4bd9bc2;;0x4a60f2750c124e1f8ec691b3e202691e19c30517;eoa;0;0;0,1112;USDC
Ethereum;0x1de3ba67da79a81bc0c3922689c98550e4bd9bc2;;0xbeb69e7ac7f59bdb79b89fc94ed862c6b39f3c00;eoa;0;0;43120,789462;USDC
Ethereum;0x1de3ba67da79a81bc0c3922689c98550e4bd9bc2;;0x7e3593e0eb65256ddd6805d4a4988dbff58e6a0c;eoa;0;0;5575,595519;USDC
Ethereum;0x1de3ba67da79a81bc0c3922689c98550e4bd9bc2;;0x12345e2c5a8828b6c6aeb6f6a774d48dd30e79cc;eoa;0;0;18820,02745;USDC
Ethereum;0x1de3ba67da79a81bc0c3922689c98550e4bd9bc2;0x8399c8fc273bd165c346af74a02e65f10e4fd78f;0x00700052c0608f670705380a4900e0a8080010cc;contract_other;5,096231;0;5,096231;USDC
Ethereum;0x1de3ba67da79a81bc0c3922689c98550e4bd9bc2;0x8399c8fc273bd165c346af74a02e65f10e4fd78f;0x05d1d0e0a090bac05e7959c0ab647b15e3a20484;eoa;20103,627764;0;20094,11174;USDC
Ethereum;0x1de3ba67da79a81bc0c3922689c98550e4bd9bc2;0x8399c8fc273bd165c346af74a02e65f10e4fd78f;0x082f554a92da8311a8b6c62ba432b24f33790458;eoa;0,908695;0;1,421651;USDC
Ethereum;0x1de3ba67da79a81bc0c3922689c98550e4bd9bc2;0x8399c8fc273bd165c346af74a02e65f10e4fd78f;0x0de84c8734e9b32317e95ba33963285b0cbf50ae;eoa;3,764281;0;3,764281;USDC
Ethereum;0x1de3ba67da79a81bc0c3922689c98550e4bd9bc2;0x8399c8fc273bd165c346af74a02e65f10e4fd78f;0x12c31853922c7d7e0019a27132c82ed6955d276d;contract_other;101,518614;0;101,518614;USDC
Ethereum;0x1de3ba67da79a81bc0c3922689c98550e4bd9bc2;0x8399c8fc273bd165c346af74a02e65f10e4fd78f;0x1a89ddd357be863c7f2a869744a7c185320569e4;eoa;87062,047738;0;87061,844239;USDC
Ethereum;0x1de3ba67da79a81bc0c3922689c98550e4bd9bc2;0x8399c8fc273bd165c346af74a02e65f10e4fd78f;0x2be8a810e48a413566b4bc1730bfc123f27c602b;eoa;1858,419763;0;1858,419763;USDC
Ethereum;0x1de3ba67da79a81bc0c3922689c98550e4bd9bc2;0x8399c8fc273bd165c346af74a02e65f10e4fd78f;0x4500720c4e0e29ab62e13e8526cce1887c789347;eoa;11522,371774;0;11522,371774;USDC
Ethereum;0x1de3ba67da79a81bc0c3922689c98550e4bd9bc2;0x8399c8fc273bd165c346af74a02e65f10e4fd78f;0x4d62b6e166767988106cf7ee8fe23e480e76ff1d;Gnosis Safe;130355,834455;0;130355,834455;USDC
Ethereum;0x1de3ba67da79a81bc0c3922689c98550e4bd9bc2;0x8399c8fc273bd165c346af74a02e65f10e4fd78f;0x62a4a8f9f5f3aae9ee9cee780285a0d501c12d09;eoa;10,410638;0;10,410638;USDC
Ethereum;0x1de3ba67da79a81bc0c3922689c98550e4bd9bc2;0x8399c8fc273bd165c346af74a02e65f10e4fd78f;0x6a000f20005980200259b80c5102003040001068;contract_other;0;0;0;USDC
Ethereum;0x1de3ba67da79a81bc0c3922689c98550e4bd9bc2;0x8399c8fc273bd165c346af74a02e65f10e4fd78f;0x700cc06331eb752c12df84e4bd80c9cf7c88ec29;eoa;3392,391317;0;3392,391317;USDC
Ethereum;0x1de3ba67da79a81bc0c3922689c98550e4bd9bc2;0x8399c8fc273bd165c346af74a02e65f10e4fd78f;0x95c845a97c3224b3b1f2e8278da760208176bf35;contract_other;4,56485;0;4,56485;USDC
Ethereum;0x1de3ba67da79a81bc0c3922689c98550e4bd9bc2;0x8399c8fc273bd165c346af74a02e65f10e4fd78f;0xb0cc2225cfd8c84c624fcf23777486403a061d89;eoa;12160,465927;0;12154,938714;USDC
Ethereum;0x1de3ba67da79a81bc0c3922689c98550e4bd9bc2;0x8399c8fc273bd165c346af74a02e65f10e4fd78f;0xba1333333333a1ba1108e8412f11850a5c319ba9;contract_other;592292,694125;0;430577,232886;USDC
Ethereum;0x1de3ba67da79a81bc0c3922689c98550e4bd9bc2;0x8399c8fc273bd165c346af74a02e65f10e4fd78f;0xbc7ebb7dae9b94c604bc3eeec0a5359e4a5678ea;erc4626_unresolved;1,229884;0;83,634026;USDC
Ethereum;0x1de3ba67da79a81bc0c3922689c98550e4bd9bc2;0x8399c8fc273bd165c346af74a02e65f10e4fd78f;0xd065e68189d9bbfeb31d87bfaeaaaf8fd276fe68;erc4626_unresolved;1,035034;0;1,035034;USDC
Ethereum;0x1de3ba67da79a81bc0c3922689c98550e4bd9bc2;0x8399c8fc273bd165c346af74a02e65f10e4fd78f;0xd0ac404410ae9646656015d4b6346705a13f12f8;eoa;566,33873;0;566,33873;USDC
Ethereum;0x1de3ba67da79a81bc0c3922689c98550e4bd9bc2;0x8399c8fc273bd165c346af74a02e65f10e4fd78f;0xd4b089bc591280e6d7c770b90478bc85f78b8d9c;eoa;0,983549;0;0,983549;USDC
Ethereum;0x1de3ba67da79a81bc0c3922689c98550e4bd9bc2;0x8399c8fc273bd165c346af74a02e65f10e4fd78f;0xd8454b3787c6aab1cf2846af7882f8c440c3903d;Gnosis Safe;997,910645;0;997,910645;USDC
Ethereum;0x1de3ba67da79a81bc0c3922689c98550e4bd9bc2;0x8399c8fc273bd165c346af74a02e65f10e4fd78f;0xe8a9693002d1397ca7a0ee11c2ab2ed6932d2966;eoa;1,279213;0;1,279213;USDC
Ethereum;0x1de3ba67da79a81bc0c3922689c98550e4bd9bc2;0x8399c8fc273bd165c346af74a02e65f10e4fd78f;0x83a7d1b8bbe852019827eb18682a73db62215601;eoa;0;0;16,561684;USDC
Ethereum;0x1de3ba67da79a81bc0c3922689c98550e4bd9bc2;0x8399c8fc273bd165c346af74a02e65f10e4fd78f;0x06ace3f1abffa83a6b8bbe29b0a51a7cf9af2bbb;eoa;0;0;8,403933;USDC
Ethereum;0x1de3ba67da79a81bc0c3922689c98550e4bd9bc2;0x8399c8fc273bd165c346af74a02e65f10e4fd78f;0x5310978c7ae79754289519fa7483e10b9c47a6cd;eoa;0;0;0;USDC
Ethereum;0x1de3ba67da79a81bc0c3922689c98550e4bd9bc2;0x8399c8fc273bd165c346af74a02e65f10e4fd78f;0x7dae957271ac61ed40c0d50d4554729a69cabab8;eoa;0;0;-0,000001;USDC
Ethereum;0x1de3ba67da79a81bc0c3922689c98550e4bd9bc2;0x8399c8fc273bd165c346af74a02e65f10e4fd78f;0x7a7266c6384a9a7383c2464b34762d0f7d6e8043;contract_other;0;0;0,000111;USDC
Ethereum;0x1de3ba67da79a81bc0c3922689c98550e4bd9bc2;0x8399c8fc273bd165c346af74a02e65f10e4fd78f;0xd943870a5b782d7e79a3f9737adbecca37c5513a;eoa;0;0;190,941977;USDC
Ethereum;0x1de3ba67da79a81bc0c3922689c98550e4bd9bc2;0x8399c8fc273bd165c346af74a02e65f10e4fd78f;0x1bf8b4ca127440fb31fb6a52bec7af783ba2b34d;eoa;0;0;1,942337;USDC
Ethereum;0x1de3ba67da79a81bc0c3922689c98550e4bd9bc2;0x8399c8fc273bd165c346af74a02e65f10e4fd78f;0x61837848401c8a1970e78d3103423c28f53b6bb1;eoa;0;0;10,133675;USDC
Ethereum;0x1de3ba67da79a81bc0c3922689c98550e4bd9bc2;0x8399c8fc273bd165c346af74a02e65f10e4fd78f;0x1ab8aa28ae574654d494956e5d5cc8ce7c0bdcad;eoa;0;0;0;USDC
Ethereum;0x1de3ba67da79a81bc0c3922689c98550e4bd9bc2;0x8399c8fc273bd165c346af74a02e65f10e4fd78f;0x3fb49f96338b22cadd9614a51633189d4ce21088;eoa;0;0;0;USDC
Ethereum;0x1de3ba67da79a81bc0c3922689c98550e4bd9bc2;0x8399c8fc273bd165c346af74a02e65f10e4fd78f;0x09ad820aac5779683b481c4674208a4e1b024afa;eoa;0;0;0;USDC
Ethereum;0x1de3ba67da79a81bc0c3922689c98550e4bd9bc2;0x8399c8fc273bd165c346af74a02e65f10e4fd78f;0x63242a4ea82847b20e506b63b0e2e2eff0cc6cb0;contract_other;0;0;0;USDC
Ethereum;0x1de3ba67da79a81bc0c3922689c98550e4bd9bc2;0x8399c8fc273bd165c346af74a02e65f10e4fd78f;0xb32740929748ffeeb23506a6cef184c40b5be13d;eoa;0;0;0;USDC
Ethereum;0x1de3ba67da79a81bc0c3922689c98550e4bd9bc2;0x8399c8fc273bd165c346af74a02e65f10e4fd78f;0xf5042e6ffac5a625d4e7848e0b01373d8eb9e222;contract_other;0;0;0;USDC
Ethereum;0x1de3ba67da79a81bc0c3922689c98550e4bd9bc2;0x8399c8fc273bd165c346af74a02e65f10e4fd78f;0x802667f09d6de533390b9a9bc5e6623fe526bede;eoa;0;0;0;USDC
Ethereum;0x1de3ba67da79a81bc0c3922689c98550e4bd9bc2;0x8399c8fc273bd165c346af74a02e65f10e4fd78f;0x89c6340b1a1f4b25d36cd8b063d49045caf3f818;contract_other;0;0;0;USDC
Ethereum;0x1de3ba67da79a81bc0c3922689c98550e4bd9bc2;0x8399c8fc273bd165c346af74a02e65f10e4fd78f;0x1231deb6f5749ef6ce6943a275a1d3e7486f4eae;contract_other;0;0;0;USDC
Ethereum;0x1de3ba67da79a81bc0c3922689c98550e4bd9bc2;0x8399c8fc273bd165c346af74a02e65f10e4fd78f;0x0f089078099748c8a196b52710b01d4cb404578d;eoa;0;0;0,000002;USDC
Ethereum;0x1de3ba67da79a81bc0c3922689c98550e4bd9bc2;0x8399c8fc273bd165c346af74a02e65f10e4fd78f;0xaeaef01615566bf9f216829bcb46b9fe69448d18;contract_other;0;0;0,000001;USDC
Ethereum;0x1de3ba67da79a81bc0c3922689c98550e4bd9bc2;0x8399c8fc273bd165c346af74a02e65f10e4fd78f;0xbf3e3a5519c63f83b8a0f212cb8d070eb6579e39;eoa;0;0;0;USDC
Ethereum;0x1de3ba67da79a81bc0c3922689c98550e4bd9bc2;0x8399c8fc273bd165c346af74a02e65f10e4fd78f;0x0012389d4b1f93f5fc6eff53216afc73ff0b3dd9;eoa;0;0;0;USDC
Ethereum;0x1de3ba67da79a81bc0c3922689c98550e4bd9bc2;0x8399c8fc273bd165c346af74a02e65f10e4fd78f;0xa2a6b7ae1331b6674e73d24756f3279b24b91830;eoa;0;0;0;USDC
Ethereum;0x1de3ba67da79a81bc0c3922689c98550e4bd9bc2;0x8399c8fc273bd165c346af74a02e65f10e4fd78f;0x611a682b26ac7ebf4f7ce762eab219d636b4d9bb;eoa;0;0;0,000003;USDC
Ethereum;0x1de3ba67da79a81bc0c3922689c98550e4bd9bc2;0x8399c8fc273bd165c346af74a02e65f10e4fd78f;0x7256aa0ec4139a90869856f2819680f4af9bcb75;erc4626_unresolved;0;0;30,04644;USDC
Ethereum;0x1de3ba67da79a81bc0c3922689c98550e4bd9bc2;0x8399c8fc273bd165c346af74a02e65f10e4fd78f;0x8c864d0c8e476bf9eb9d620c10e1296fb0e2f940;contract_other;0;0;0;USDC
Ethereum;0x1de3ba67da79a81bc0c3922689c98550e4bd9bc2;0x8399c8fc273bd165c346af74a02e65f10e4fd78f;0x00000f91109c4d0007e90000d9facad5298a0cac;erc4626_unresolved;0;0;0;USDC
Ethereum;0x1de3ba67da79a81bc0c3922689c98550e4bd9bc2;0x8399c8fc273bd165c346af74a02e65f10e4fd78f;0x3d6991085ab1ae3926cb96f25684c40a364b6856;eoa;0;0;102,641711;USDC
Ethereum;0x1de3ba67da79a81bc0c3922689c98550e4bd9bc2;0x8399c8fc273bd165c346af74a02e65f10e4fd78f;0x3611b82c7b13e72b26eb0e9be0613bee7a45ac7c;contract_other;0;0;0,000001;USDC
Ethereum;0x1de3ba67da79a81bc0c3922689c98550e4bd9bc2;0x8399c8fc273bd165c346af74a02e65f10e4fd78f;0x44537005262af983c37d79d5a8a74d963b4c8726;contract_other;0;0;0,000001;USDC
Ethereum;0x1de3ba67da79a81bc0c3922689c98550e4bd9bc2;0x8399c8fc273bd165c346af74a02e65f10e4fd78f;0xfb99ac7e3c0af115a82746f9d72a780938e6d83c;eoa;0;0;29,966626;USDC
Ethereum;0x1de3ba67da79a81bc0c3922689c98550e4bd9bc2;0x8399c8fc273bd165c346af74a02e65f10e4fd78f;0x1434a8ab47210bfb144450be4ac64470379e351f;eoa;0;0;2,141218;USDC
Ethereum;0x1de3ba67da79a81bc0c3922689c98550e4bd9bc2;0x8399c8fc273bd165c346af74a02e65f10e4fd78f;0x2114c72e943ef95cabf2d7e493183d80b390f384;eoa;0;0;0;USDC
Ethereum;0x1de3ba67da79a81bc0c3922689c98550e4bd9bc2;0x8399c8fc273bd165c346af74a02e65f10e4fd78f;0xba49a3d456de4e670a94e13b8b1e5315929c97ad;eoa;0;0;70,60534;USDC
Ethereum;0x1de3ba67da79a81bc0c3922689c98550e4bd9bc2;0x8399c8fc273bd165c346af74a02e65f10e4fd78f;0xf708e11a7c94abde8f6217b13e6fe39c8b9cc0a6;contract_other;0;0;0;USDC
Ethereum;0x1de3ba67da79a81bc0c3922689c98550e4bd9bc2;0x8399c8fc273bd165c346af74a02e65f10e4fd78f;0x437f64649600e302f4335be1130f665394015437;eoa;0;0;0;USDC
Ethereum;0x1de3ba67da79a81bc0c3922689c98550e4bd9bc2;0x8399c8fc273bd165c346af74a02e65f10e4fd78f;0x36f576549194a3931f1388067608e01ea8077205;contract_other;0;0;0;USDC
Ethereum;0x1de3ba67da79a81bc0c3922689c98550e4bd9bc2;0x8399c8fc273bd165c346af74a02e65f10e4fd78f;0x719a143654a0c4621f49fa77077800ef3f5c3b40;erc4626_unresolved;0;0;0;USDC
Ethereum;0x1de3ba67da79a81bc0c3922689c98550e4bd9bc2;0x8399c8fc273bd165c346af74a02e65f10e4fd78f;0x892fac1beb41e5e4b44a21e2dbe238d92ff9564c;eoa;0;0;528,528283;USDC
Ethereum;0x1de3ba67da79a81bc0c3922689c98550e4bd9bc2;0x8399c8fc273bd165c346af74a02e65f10e4fd78f;0x5ceaf94af7d2e99ff7ed03c8bbd1729a77b7e0fb;eoa;0;0;0;USDC
Ethereum;0x1de3ba67da79a81bc0c3922689c98550e4bd9bc2;0x8399c8fc273bd165c346af74a02e65f10e4fd78f;0x990636ecb3ff04d33d92e970d3d588bf5cd8d086;eoa;0;0;0;USDC
Ethereum;0x1de3ba67da79a81bc0c3922689c98550e4bd9bc2;0x8399c8fc273bd165c346af74a02e65f10e4fd78f;0x111111125421ca6dc452d289314280a0f8842a65;contract_other;0;0;0;USDC
Ethereum;0x1de3ba67da79a81bc0c3922689c98550e4bd9bc2;0x8399c8fc273bd165c346af74a02e65f10e4fd78f;0xece27b29e59550846cb9ac9117e103ed92c63504;eoa;0;0;0,000002;USDC
Ethereum;0x1de3ba67da79a81bc0c3922689c98550e4bd9bc2;0x8399c8fc273bd165c346af74a02e65f10e4fd78f;0x4b1acaf94f81eb3ba74cf8897c9d8ccfff8a82ca;eoa;0;0;0;USDC
Ethereum;0x1de3ba67da79a81bc0c3922689c98550e4bd9bc2;0x8399c8fc273bd165c346af74a02e65f10e4fd78f;0x74de5d4fcbf63e00296fd95d33236b9794016631;erc4626_unresolved;0;0;0;USDC
Ethereum;0x1de3ba67da79a81bc0c3922689c98550e4bd9bc2;0x8399c8fc273bd165c346af74a02e65f10e4fd78f;0x5d5c2f7ffccf7e5494203189112a7eddebc6c906;eoa;0;0;0,578915;USDC
Ethereum;0x1de3ba67da79a81bc0c3922689c98550e4bd9bc2;0x8399c8fc273bd165c346af74a02e65f10e4fd78f;0x6ec1a7103e7917689a20740ae743cd60842f9a56;eoa;0;0;37,992739;USDC
Ethereum;0x1de3ba67da79a81bc0c3922689c98550e4bd9bc2;0x8399c8fc273bd165c346af74a02e65f10e4fd78f;0xcd6b980029e6e6e0733ac8ec3e02be9410d09799;eoa;0;0;0,142427;USDC
Ethereum;0x1de3ba67da79a81bc0c3922689c98550e4bd9bc2;0x8399c8fc273bd165c346af74a02e65f10e4fd78f;0xbde7f713ac0b995194f8513309a81a9bb29e1154;eoa;0;0;24,378507;USDC
Ethereum;0x1de3ba67da79a81bc0c3922689c98550e4bd9bc2;0x8399c8fc273bd165c346af74a02e65f10e4fd78f;0x14ec7a28c020283eb53f302e8dbcc025cb49baf8;eoa;0;0;0;USDC
Ethereum;0x1de3ba67da79a81bc0c3922689c98550e4bd9bc2;0x8399c8fc273bd165c346af74a02e65f10e4fd78f;0xb92fe925dc43a0ecde6c8b1a2709c170ec4fff4f;contract_other;0;0;0;USDC
Ethereum;0x1de3ba67da79a81bc0c3922689c98550e4bd9bc2;0x8399c8fc273bd165c346af74a02e65f10e4fd78f;0xdf6684b2ca49e540ede6ebdabe07e6b18754222c;eoa;0;0;0,006977;USDC
Ethereum;0x1de3ba67da79a81bc0c3922689c98550e4bd9bc2;0x8399c8fc273bd165c346af74a02e65f10e4fd78f;0x11946f3bb1e67b8f4e50cb01ea1fba7cec7ac60e;eoa;0;0;0;USDC
Ethereum;0x1de3ba67da79a81bc0c3922689c98550e4bd9bc2;0x8399c8fc273bd165c346af74a02e65f10e4fd78f;0xb300000b72deaeb607a12d5f54773d1c19c7028d;contract_other;0;0;0;USDC
Ethereum;0x1de3ba67da79a81bc0c3922689c98550e4bd9bc2;0x8399c8fc273bd165c346af74a02e65f10e4fd78f;0xe5bff5a3752d48606d5f4ff19954138fe5e656b1;eoa;0;0;0;USDC
Ethereum;0x1de3ba67da79a81bc0c3922689c98550e4bd9bc2;0x8399c8fc273bd165c346af74a02e65f10e4fd78f;0xd39d1733a03f940ce47cec8982e45e6964d29fa1;eoa;0;0;0;USDC
Ethereum;0x1de3ba67da79a81bc0c3922689c98550e4bd9bc2;0x8399c8fc273bd165c346af74a02e65f10e4fd78f;0x341a58a1ad7aa1fee212719b0c2d8e4c8e0fd195;eoa;0;0;0;USDC
Ethereum;0x1de3ba67da79a81bc0c3922689c98550e4bd9bc2;0x8399c8fc273bd165c346af74a02e65f10e4fd78f;0x4128c06251e49ad27bbfa22a0907af701c47b240;eoa;0;0;35,477365;USDC
Ethereum;0x1de3ba67da79a81bc0c3922689c98550e4bd9bc2;0x8399c8fc273bd165c346af74a02e65f10e4fd78f;0x212f884252792ebaaa811fb0678444b21c7c2879;contract_other;0;0;139775,127597;USDC
Ethereum;0x1de3ba67da79a81bc0c3922689c98550e4bd9bc2;0x8399c8fc273bd165c346af74a02e65f10e4fd78f;0x4f1c91064f16d2ea7b33ff17c5b9e5affee7b61e;eoa;0;0;422,124514;USDC
Ethereum;0x1de3ba67da79a81bc0c3922689c98550e4bd9bc2;0x8399c8fc273bd165c346af74a02e65f10e4fd78f;0x8f10b468b06c6fd214b65f87778827f7d113f996;eoa;0;0;0;USDC
Ethereum;0x1de3ba67da79a81bc0c3922689c98550e4bd9bc2;0x8399c8fc273bd165c346af74a02e65f10e4fd78f;0xf61d5f8291f68a833aba80982c9d2495986284a5;eoa;0;0;2,407641;USDC
Ethereum;0x1de3ba67da79a81bc0c3922689c98550e4bd9bc2;0x8399c8fc273bd165c346af74a02e65f10e4fd78f;0x4161574d054c35c17023e3b87210ea6da129de9f;eoa;0;0;0;USDC
Ethereum;0x1de3ba67da79a81bc0c3922689c98550e4bd9bc2;0x8399c8fc273bd165c346af74a02e65f10e4fd78f;0x000000000000000000000000000000000000dead;eoa;0;0;0;USDC
Ethereum;0x1de3ba67da79a81bc0c3922689c98550e4bd9bc2;0x8399c8fc273bd165c346af74a02e65f10e4fd78f;0xe08d97e151473a848c3d9ca3f323cb720472d015;contract_other;0;0;0,000001;USDC
Ethereum;0x1de3ba67da79a81bc0c3922689c98550e4bd9bc2;0x8399c8fc273bd165c346af74a02e65f10e4fd78f;0xc0ffeebabe5d496b2dde509f9fa189c25cf29671;eoa;0;0;0,041659;USDC
Ethereum;0x1de3ba67da79a81bc0c3922689c98550e4bd9bc2;0x8399c8fc273bd165c346af74a02e65f10e4fd78f;0xc7780583d355f3f893144ccfe692d2776f2411b5;eoa;0;0;0,505911;USDC
Ethereum;0x1de3ba67da79a81bc0c3922689c98550e4bd9bc2;0x8399c8fc273bd165c346af74a02e65f10e4fd78f;0x0514f827c129c16418a0933e03c99a6af982fc61;eoa;0;0;-0,000003;USDC
Ethereum;0x1de3ba67da79a81bc0c3922689c98550e4bd9bc2;0x8399c8fc273bd165c346af74a02e65f10e4fd78f;0x61d7063041d83c8ca3e42c39181dfd14b3bc76c2;contract_other;0;0;0;USDC
Ethereum;0x1de3ba67da79a81bc0c3922689c98550e4bd9bc2;0x8399c8fc273bd165c346af74a02e65f10e4fd78f;0xeccd16aa1ae0b32b231a3b5ffe8567abf68616e2;eoa;0;0;0;USDC
Ethereum;0x1de3ba67da79a81bc0c3922689c98550e4bd9bc2;0x8399c8fc273bd165c346af74a02e65f10e4fd78f;0xb0f53fc4e15301147de9b3e49c3db942e3f118f2;Gnosis Safe;0;0;20354,377658;USDC
Ethereum;0x1de3ba67da79a81bc0c3922689c98550e4bd9bc2;0x8399c8fc273bd165c346af74a02e65f10e4fd78f;0x2a315c59a6a95aeeec085c73badac801c2f4209f;eoa;0;0;0,000004;USDC
Ethereum;0x1de3ba67da79a81bc0c3922689c98550e4bd9bc2;0x8399c8fc273bd165c346af74a02e65f10e4fd78f;0x000000000004444c5dc75cb358380d2e3de08a90;contract_other;0;0;0;USDC
Ethereum;0x1de3ba67da79a81bc0c3922689c98550e4bd9bc2;0x8399c8fc273bd165c346af74a02e65f10e4fd78f;0x7f54f05635d15cde17a49502fedb9d1803a3be8a;eoa;0;0;0;USDC
Ethereum;0x1de3ba67da79a81bc0c3922689c98550e4bd9bc2;0x8399c8fc273bd165c346af74a02e65f10e4fd78f;0xa570f81d6a96f22c6fd18b5b60ea7b1b4e532c1e;eoa;0;0;0,002286;USDC
Ethereum;0x1de3ba67da79a81bc0c3922689c98550e4bd9bc2;0x8399c8fc273bd165c346af74a02e65f10e4fd78f;0x20f6ee51340adeed01a59b0e65cb3703f3dc860c;eoa;0;0;0;USDC
Arbitrum One;0xacb7432a4bb15402ce2afe0a7c9d5b738604f6f9;;0x1332a2a0ac2083f54c7fbae6984cd9cf7a31fbf7;eoa;101519,984874;0;101519,984874;USDC
Arbitrum One;0xacb7432a4bb15402ce2afe0a7c9d5b738604f6f9;;0x17cce5c9194883513abbbfd454237595fe0f8122;contract_other;94594,009925;0;94594,009925;USDC
Arbitrum One;0xacb7432a4bb15402ce2afe0a7c9d5b738604f6f9;;0x8f70a8ad4a76d6163098ac9b4e2d7f47dfe3cce9;eoa;46009,343041;29287,127873;16722,215168;USDC
Arbitrum One;0xacb7432a4bb15402ce2afe0a7c9d5b738604f6f9;;0x57d607866c63ab8cf2ff32fa2c2e30061a71cf9e;eoa;45678,189989;0;45678,189989;USDC
Arbitrum One;0xacb7432a4bb15402ce2afe0a7c9d5b738604f6f9;;0x0a0ae914771ec0a5851049864ccc27b1baa8cd43;eoa;40491,538209;0;40491,538209;USDC
Arbitrum One;0xacb7432a4bb15402ce2afe0a7c9d5b738604f6f9;;0xfdcb647ba5c40e002052e4e073a3e7870a3b3605;eoa;20780,255078;0;20780,255078;USDC
Arbitrum One;0xacb7432a4bb15402ce2afe0a7c9d5b738604f6f9;;0x023156f5e5885c580c84536379fc549d0e940d18;eoa;20252,477005;0;20252,477005;USDC
Arbitrum One;0xacb7432a4bb15402ce2afe0a7c9d5b738604f6f9;;0x9d3666ac78ee404d3f490e4216b9c79e35aa97d9;eoa;20186,41322;0;0;USDC
Arbitrum One;0xacb7432a4bb15402ce2afe0a7c9d5b738604f6f9;;0x04ac78ed8770bdef747e36654a2b8cca64dab06d;eoa;20060,956707;0;20060,956707;USDC
Arbitrum One;0xacb7432a4bb15402ce2afe0a7c9d5b738604f6f9;;0xf5bade4f44a40c4f823e333025a58a0d33efed2a;eoa;19728,009574;0;19728,009574;USDC
Arbitrum One;0xacb7432a4bb15402ce2afe0a7c9d5b738604f6f9;;0x6155ccab55c1d729748395f20874e15f3e5a7792;eoa;19107,29553;0;0;USDC
Arbitrum One;0xacb7432a4bb15402ce2afe0a7c9d5b738604f6f9;;0x696997e2293b519889ea790f14d18abd104f5283;eoa;10072,673427;0;10072,673427;USDC
Arbitrum One;0xacb7432a4bb15402ce2afe0a7c9d5b738604f6f9;;0xd8626cdb432364420e895c9b2307e39b874d3660;eoa;7558,696125;0;7558,696125;USDC
Arbitrum One;0xacb7432a4bb15402ce2afe0a7c9d5b738604f6f9;;0x8be35dad8bda7d89a52e8223438128a1cea0178f;eoa;4058,808629;0;4058,808629;USDC
Arbitrum One;0xacb7432a4bb15402ce2afe0a7c9d5b738604f6f9;;0x7a111c75efe7c6a05991514e4363531a143521e9;eoa;3527,31152;0;3527,31152;USDC
Arbitrum One;0xacb7432a4bb15402ce2afe0a7c9d5b738604f6f9;;0xab72004f0c79554f31660bb9a8a7aef995f263ef;eoa;3010,233133;0;3010,233133;USDC
Arbitrum One;0xacb7432a4bb15402ce2afe0a7c9d5b738604f6f9;;0xba3c6287f826e2a3b5275a6577f3909e6a5e242a;eoa;2215,320625;0;2215,320625;USDC
Arbitrum One;0xacb7432a4bb15402ce2afe0a7c9d5b738604f6f9;;0x6c3d24022bee4f3aaacca39668001cf834954877;eoa;2018,180494;0;2018,180494;USDC
Arbitrum One;0xacb7432a4bb15402ce2afe0a7c9d5b738604f6f9;;0x6f6090bc33b410217be7ad1d59a0e086d44b3112;eoa;2015,434506;0;2015,434506;USDC
Arbitrum One;0xacb7432a4bb15402ce2afe0a7c9d5b738604f6f9;;0x863cfafd9dbec146ef19a7d022ece96fd1e3f394;eoa;1612,55498;0;1612,55498;USDC
Arbitrum One;0xacb7432a4bb15402ce2afe0a7c9d5b738604f6f9;;0x544f5e97c01a249ac4ff1f341c3010374b52dc69;eoa;1580,586276;0;1580,586276;USDC
Arbitrum One;0xacb7432a4bb15402ce2afe0a7c9d5b738604f6f9;;0x7ab32f292df8ac43b32552553b07e60814b1136e;contract_other;1533,384337;0;1533,384337;USDC
Arbitrum One;0xacb7432a4bb15402ce2afe0a7c9d5b738604f6f9;;0xa045d599d8e423b66097a11269acb80b32215ac9;eoa;1209,080623;0;1209,080623;USDC
Arbitrum One;0xacb7432a4bb15402ce2afe0a7c9d5b738604f6f9;;0xc9f678d97cfe754d5cc16261727442a84878791f;eoa;1023,836102;0;1023,836102;USDC
Arbitrum One;0xacb7432a4bb15402ce2afe0a7c9d5b738604f6f9;;0xb53c293b5407679dc472d75f8caf754ce9924d09;eoa;1017,291106;0;1017,291106;USDC
Arbitrum One;0xacb7432a4bb15402ce2afe0a7c9d5b738604f6f9;;0x9271f083323e0d803dc5d41ade34ebd6deda068f;eoa;1012,657932;0;1012,657932;USDC
Arbitrum One;0xacb7432a4bb15402ce2afe0a7c9d5b738604f6f9;;0xd3094ffbc701f3e5be2bbf860a4fbb1c65972406;eoa;1011,590387;0;1011,590387;USDC
Arbitrum One;0xacb7432a4bb15402ce2afe0a7c9d5b738604f6f9;;0x0c5d8b194023a62688ea1948dea72a36f1ee1708;eoa;859,196972;0;859,196972;USDC
Arbitrum One;0xacb7432a4bb15402ce2afe0a7c9d5b738604f6f9;;0x07dd1ee031886551f2c2d7bb2a8abf7148eeae06;eoa;833,36967;0;833,36967;USDC
Arbitrum One;0xacb7432a4bb15402ce2afe0a7c9d5b738604f6f9;;0x86234e0267437ddcf1be478cd766b5ace0ccca88;eoa;716,589347;0;716,589347;USDC
Arbitrum One;0xacb7432a4bb15402ce2afe0a7c9d5b738604f6f9;;0x42ac7ef76874b8c24efe248cbffd9cf71ac50e3c;eoa;528,807772;0;528,807772;USDC
Arbitrum One;0xacb7432a4bb15402ce2afe0a7c9d5b738604f6f9;;0xbcf2fe83855876d7d0a59d38f7f8bd904f8941b7;eoa;504,048613;300,000909;204,047704;USDC
Arbitrum One;0xacb7432a4bb15402ce2afe0a7c9d5b738604f6f9;;0x9cfa57032bdfea6e2877827d7071a36d50088599;eoa;405,094084;0;405,094084;USDC
Arbitrum One;0xacb7432a4bb15402ce2afe0a7c9d5b738604f6f9;;0x7d9f5f632129602174ea32397bf10ce4101633ac;eoa;309,037661;0;309,037661;USDC
Arbitrum One;0xacb7432a4bb15402ce2afe0a7c9d5b738604f6f9;;0xf8c463e222ed653b6ca8e93d4545e7051aae33a4;eoa;245,058675;0;245,058675;USDC
Arbitrum One;0xacb7432a4bb15402ce2afe0a7c9d5b738604f6f9;;0x37431c16b36e278c0bbf8c0eadf31208b2a38430;eoa;243,501052;93,001914;243,501343;USDC
Arbitrum One;0xacb7432a4bb15402ce2afe0a7c9d5b738604f6f9;;0xcde13fef31b91d0f0f77badd53028cd910353043;eoa;202,174976;0;202,174976;USDC
Arbitrum One;0xacb7432a4bb15402ce2afe0a7c9d5b738604f6f9;;0x1b5f15dcb82d25f91c65b53cee151e8b9fbdd271;eoa;201,016066;100,000449;101,015617;USDC
Arbitrum One;0xacb7432a4bb15402ce2afe0a7c9d5b738604f6f9;;0x12c31853922c7d7e0019a27132c82ed6955d276d;contract_other;101,366258;0;101,366258;USDC
Arbitrum One;0xacb7432a4bb15402ce2afe0a7c9d5b738604f6f9;;0x38517feee7c294e22848c72aaea0a67f88888888;eoa;100,697371;0;100,697371;USDC
Arbitrum One;0xacb7432a4bb15402ce2afe0a7c9d5b738604f6f9;;0x62a4a8f9f5f3aae9ee9cee780285a0d501c12d09;eoa;10,248039;1,000002;9,248037;USDC
Arbitrum One;0xacb7432a4bb15402ce2afe0a7c9d5b738604f6f9;;0xa6f64a650f10ad4f731bea9e69c864aa482a1ca4;eoa;2,181963;0;2,181963;USDC
Arbitrum One;0xacb7432a4bb15402ce2afe0a7c9d5b738604f6f9;;0x1f647438fadff99c6f176d2e266db0a06b79291b;eoa;1,414299;1,000007;0,414292;USDC
Arbitrum One;0xacb7432a4bb15402ce2afe0a7c9d5b738604f6f9;;0x19848ee67b841a8d621052cc0fd43197b4eb45b8;eoa;1,089947;0;1,089947;USDC
Arbitrum One;0xacb7432a4bb15402ce2afe0a7c9d5b738604f6f9;;0x2b59f2cacceea02aead44189e4974bb0eb5cba0d;eoa;1,01233;0;1,01233;USDC
Arbitrum One;0xacb7432a4bb15402ce2afe0a7c9d5b738604f6f9;;0xa553d3ef481c66091ffb857d4f5fb34e97324b4e;eoa;1,007905;0,800005;0,21791;USDC
Arbitrum One;0xacb7432a4bb15402ce2afe0a7c9d5b738604f6f9;;0xaadc195a1c8ea4f2ea323fe0a4445bc2fb8cce9c;eoa;1,006933;0;1,006933;USDC
Arbitrum One;0xacb7432a4bb15402ce2afe0a7c9d5b738604f6f9;;0x5de394c5753588e3b88f0f913266dfd8d831aa9b;eoa;0,837589;0,591829;0,837615;USDC
Arbitrum One;0xacb7432a4bb15402ce2afe0a7c9d5b738604f6f9;;0x56d615afdeab3608807dcca3368ef26b7d2e11db;contract_other;0,254231;0;0,254231;USDC
Arbitrum One;0xacb7432a4bb15402ce2afe0a7c9d5b738604f6f9;;0x545044020ffa4611fb0f2b7ede12d13becfceca3;eoa;0,0001;0;0,0001;USDC
Arbitrum One;0xacb7432a4bb15402ce2afe0a7c9d5b738604f6f9;;0x79b2548d01e02db3f5d7ba155148eac7db368a3f;eoa;0;0;19107,29553;USDC
Arbitrum One;0xacb7432a4bb15402ce2afe0a7c9d5b738604f6f9;;0xee3a8faef6c61c97e4039b3f569276605e61c5c3;eoa;0;0;20186,41322;USDC
Arbitrum One;0xacb7432a4bb15402ce2afe0a7c9d5b738604f6f9;0x2ba39e5388ac6c702cb29aea78d52aa66832f1ee;0x023156f5e5885c580c84536379fc549d0e940d18;eoa;20328,428879;0;20328,428879;USDC
Arbitrum One;0xacb7432a4bb15402ce2afe0a7c9d5b738604f6f9;0x2ba39e5388ac6c702cb29aea78d52aa66832f1ee;0x0414d0a3b55042ed7de07fd503a0f1a935aae45e;eoa;2523,808307;0;2523,808307;USDC
Arbitrum One;0xacb7432a4bb15402ce2afe0a7c9d5b738604f6f9;0x2ba39e5388ac6c702cb29aea78d52aa66832f1ee;0x04c92983c9249115a4c719416fd7e7a10b33cb55;eoa;118,827372;0;118,827372;USDC
Arbitrum One;0xacb7432a4bb15402ce2afe0a7c9d5b738604f6f9;0x2ba39e5388ac6c702cb29aea78d52aa66832f1ee;0x058bbff7be9d3cb50cdb9e6f6929f023f2763b98;contract_other;106430,558492;0;106430,558492;USDC
Arbitrum One;0xacb7432a4bb15402ce2afe0a7c9d5b738604f6f9;0x2ba39e5388ac6c702cb29aea78d52aa66832f1ee;0x05d1d0e0a090bac05e7959c0ab647b15e3a20484;eoa;20234,531418;0;20234,531418;USDC
Arbitrum One;0xacb7432a4bb15402ce2afe0a7c9d5b738604f6f9;0x2ba39e5388ac6c702cb29aea78d52aa66832f1ee;0x0616f6cb936a1136441952e04825d961c48bbc30;eoa;8577,70343;0;8577,70343;USDC
Arbitrum One;0xacb7432a4bb15402ce2afe0a7c9d5b738604f6f9;0x2ba39e5388ac6c702cb29aea78d52aa66832f1ee;0x064cb0bb4c8abe11935134aee670c032d6833556;eoa;101,13389;0;101,13389;USDC
Arbitrum One;0xacb7432a4bb15402ce2afe0a7c9d5b738604f6f9;0x2ba39e5388ac6c702cb29aea78d52aa66832f1ee;0x070aef351f3a01b8b2b8f91800c11e4a533418f5;contract_other;2552,229101;0;2552,229101;USDC
Arbitrum One;0xacb7432a4bb15402ce2afe0a7c9d5b738604f6f9;0x2ba39e5388ac6c702cb29aea78d52aa66832f1ee;0x07ea160fd5b5c4f57db6eb5e956c2e2afedadf62;eoa;31240,172161;0;31239,900062;USDC
Arbitrum One;0xacb7432a4bb15402ce2afe0a7c9d5b738604f6f9;0x2ba39e5388ac6c702cb29aea78d52aa66832f1ee;0x082f554a92da8311a8b6c62ba432b24f33790458;eoa;1,022529;0;1,022529;USDC
Arbitrum One;0xacb7432a4bb15402ce2afe0a7c9d5b738604f6f9;0x2ba39e5388ac6c702cb29aea78d52aa66832f1ee;0x0838ded28c043fd943d4c1af2c038a499a77e1b3;eoa;3069,496205;0;3069,496205;USDC
Arbitrum One;0xacb7432a4bb15402ce2afe0a7c9d5b738604f6f9;0x2ba39e5388ac6c702cb29aea78d52aa66832f1ee;0x084811214284f8d1aa0e70133dd7c448062d5a05;contract_other;22345,837065;0;22345,837065;USDC
Arbitrum One;0xacb7432a4bb15402ce2afe0a7c9d5b738604f6f9;0x2ba39e5388ac6c702cb29aea78d52aa66832f1ee;0x0875f4e4b31957785e705114fd08d7c65966780b;contract_other;1015,457459;0;1015,457459;USDC
Arbitrum One;0xacb7432a4bb15402ce2afe0a7c9d5b738604f6f9;0x2ba39e5388ac6c702cb29aea78d52aa66832f1ee;0x089204d6aa0f1d0dfec37f2cb845f6226b6f0c65;contract_other;1772,922884;0;1772,922884;USDC
Arbitrum One;0xacb7432a4bb15402ce2afe0a7c9d5b738604f6f9;0x2ba39e5388ac6c702cb29aea78d52aa66832f1ee;0x0b301adcc2750bdd678db350212084d54d7ea379;eoa;1021,13708;0;1021,13708;USDC
Arbitrum One;0xacb7432a4bb15402ce2afe0a7c9d5b738604f6f9;0x2ba39e5388ac6c702cb29aea78d52aa66832f1ee;0x0b4e5b3678fd34af110d8295336d27273e8e1bc9;eoa;12096,47997;0;12096,47997;USDC
Arbitrum One;0xacb7432a4bb15402ce2afe0a7c9d5b738604f6f9;0x2ba39e5388ac6c702cb29aea78d52aa66832f1ee;0x0c53947e65c08e8360bd85203a350c315db99319;eoa;1512,239753;0;1512,239753;USDC
Arbitrum One;0xacb7432a4bb15402ce2afe0a7c9d5b738604f6f9;0x2ba39e5388ac6c702cb29aea78d52aa66832f1ee;0x0ddfd028982ec9efcd2d6f856c3962a91eaddebe;eoa;11469,847128;0;11469,847128;USDC
Arbitrum One;0xacb7432a4bb15402ce2afe0a7c9d5b738604f6f9;0x2ba39e5388ac6c702cb29aea78d52aa66832f1ee;0x0dffa0d8f5e3b7ed53b9d11c3789da2be46758ea;eoa;5223,297183;0;5223,297183;USDC
Arbitrum One;0xacb7432a4bb15402ce2afe0a7c9d5b738604f6f9;0x2ba39e5388ac6c702cb29aea78d52aa66832f1ee;0x0e48de9f1443f0d87f6f26382d80c3ad735d9a08;contract_other;39520,300401;0;39520,300401;USDC
Arbitrum One;0xacb7432a4bb15402ce2afe0a7c9d5b738604f6f9;0x2ba39e5388ac6c702cb29aea78d52aa66832f1ee;0x0fba4de954638845ed7296be850e6c8fa6ac6a25;contract_other;1007,389449;0;1007,389449;USDC
Arbitrum One;0xacb7432a4bb15402ce2afe0a7c9d5b738604f6f9;0x2ba39e5388ac6c702cb29aea78d52aa66832f1ee;0x0fea7fb8045973149bd51a2b44a0e9ce4d7538c8;eoa;53148,778851;0;53148,778851;USDC
Arbitrum One;0xacb7432a4bb15402ce2afe0a7c9d5b738604f6f9;0x2ba39e5388ac6c702cb29aea78d52aa66832f1ee;0x10173215adac683fe6df85ba638a8d7c59899002;eoa;10,008351;0;10,008351;USDC
Arbitrum One;0xacb7432a4bb15402ce2afe0a7c9d5b738604f6f9;0x2ba39e5388ac6c702cb29aea78d52aa66832f1ee;0x10292062123cca5ae18ba20156ff1fa2118c994f;eoa;1027,514309;0;1027,514309;USDC
Arbitrum One;0xacb7432a4bb15402ce2afe0a7c9d5b738604f6f9;0x2ba39e5388ac6c702cb29aea78d52aa66832f1ee;0x10d0739e251f5c212312d023c9fcfe0fdcafca23;eoa;65458,409061;0;0;USDC
Arbitrum One;0xacb7432a4bb15402ce2afe0a7c9d5b738604f6f9;0x2ba39e5388ac6c702cb29aea78d52aa66832f1ee;0x10d8264d883e91340dc1cfb8325d3be625a2c6a3;eoa;1147,919541;0;1147,919541;USDC
Arbitrum One;0xacb7432a4bb15402ce2afe0a7c9d5b738604f6f9;0x2ba39e5388ac6c702cb29aea78d52aa66832f1ee;0x1116cbb80e8b965b2650e973a3b5747545bc1111;eoa;11,931685;0;11,931685;USDC
Arbitrum One;0xacb7432a4bb15402ce2afe0a7c9d5b738604f6f9;0x2ba39e5388ac6c702cb29aea78d52aa66832f1ee;0x11d816834dd5f7443583020fa5df7a81f64060c1;contract_other;1832,052621;0;1832,052621;USDC
Arbitrum One;0xacb7432a4bb15402ce2afe0a7c9d5b738604f6f9;0x2ba39e5388ac6c702cb29aea78d52aa66832f1ee;0x1330ead9c9f40211a41a70fdd6178dd469a5929a;eoa;6611,748455;0;6611,748455;USDC
Arbitrum One;0xacb7432a4bb15402ce2afe0a7c9d5b738604f6f9;0x2ba39e5388ac6c702cb29aea78d52aa66832f1ee;0x1332a2a0ac2083f54c7fbae6984cd9cf7a31fbf7;eoa;67221,046646;0;67221,046646;USDC
Arbitrum One;0xacb7432a4bb15402ce2afe0a7c9d5b738604f6f9;0x2ba39e5388ac6c702cb29aea78d52aa66832f1ee;0x154af9d98a77c4e00fdb2a56c48cc8b539677679;eoa;2924,823502;0;2924,823502;USDC
Arbitrum One;0xacb7432a4bb15402ce2afe0a7c9d5b738604f6f9;0x2ba39e5388ac6c702cb29aea78d52aa66832f1ee;0x15a499263225117ef8c290e4892167918d09598d;eoa;5757,304604;0;5757,304604;USDC
Arbitrum One;0xacb7432a4bb15402ce2afe0a7c9d5b738604f6f9;0x2ba39e5388ac6c702cb29aea78d52aa66832f1ee;0x168a06cf97682c95296fab96d52480c9d4de8d45;eoa;2374,805073;0;2374,805073;USDC
Arbitrum One;0xacb7432a4bb15402ce2afe0a7c9d5b738604f6f9;0x2ba39e5388ac6c702cb29aea78d52aa66832f1ee;0x1751219f1c60a19273ccb06bd919d1c6c146f7bb;eoa;523,091217;0;0;USDC
Arbitrum One;0xacb7432a4bb15402ce2afe0a7c9d5b738604f6f9;0x2ba39e5388ac6c702cb29aea78d52aa66832f1ee;0x1782cea0d026430ad4b410697c2df05a104efa9b;contract_other;4,404728;0;4,404728;USDC
Arbitrum One;0xacb7432a4bb15402ce2afe0a7c9d5b738604f6f9;0x2ba39e5388ac6c702cb29aea78d52aa66832f1ee;0x17cc70f1b1e3c45cb7c98bccf7430782628b9c5c;Gnosis Safe;0,408158;0;0,408158;USDC
Arbitrum One;0xacb7432a4bb15402ce2afe0a7c9d5b738604f6f9;0x2ba39e5388ac6c702cb29aea78d52aa66832f1ee;0x17d36c78c434967b2fe7d497a56323fc5105739f;erc4626_unresolved;218,073433;0;218,073433;USDC
Arbitrum One;0xacb7432a4bb15402ce2afe0a7c9d5b738604f6f9;0x2ba39e5388ac6c702cb29aea78d52aa66832f1ee;0x18a02a7b89ade6cff2f16103402bd75f40991127;eoa;5069,548883;0;5069,548883;USDC
Arbitrum One;0xacb7432a4bb15402ce2afe0a7c9d5b738604f6f9;0x2ba39e5388ac6c702cb29aea78d52aa66832f1ee;0x18aaf8b0075b39a652fb1042d98852567bc4dc0b;eoa;3026,026997;0;3026,026997;USDC
Arbitrum One;0xacb7432a4bb15402ce2afe0a7c9d5b738604f6f9;0x2ba39e5388ac6c702cb29aea78d52aa66832f1ee;0x1a102d6115dd8e911e6a9e35bed65730ceaf643e;eoa;2145,184854;0;2145,184854;USDC
Arbitrum One;0xacb7432a4bb15402ce2afe0a7c9d5b738604f6f9;0x2ba39e5388ac6c702cb29aea78d52aa66832f1ee;0x1ab4fba8e5dbccc634d9c07aea8281416ba13319;eoa;1125,567953;0;1125,567953;USDC
Arbitrum One;0xacb7432a4bb15402ce2afe0a7c9d5b738604f6f9;0x2ba39e5388ac6c702cb29aea78d52aa66832f1ee;0x1b8779539bf00dbddbeaf5fbf3fe49ea3f007d2d;eoa;1967,009291;0;0,000001;USDC
Arbitrum One;0xacb7432a4bb15402ce2afe0a7c9d5b738604f6f9;0x2ba39e5388ac6c702cb29aea78d52aa66832f1ee;0x1c74b67f9c6dd986e4735b3e2b34bc1eaa828a20;eoa;6484,912432;0;6484,912432;USDC
Arbitrum One;0xacb7432a4bb15402ce2afe0a7c9d5b738604f6f9;0x2ba39e5388ac6c702cb29aea78d52aa66832f1ee;0x1d54b36d4b7abe1a53b3f1b99b23661062dec419;eoa;329,990663;0;329,990663;USDC
Arbitrum One;0xacb7432a4bb15402ce2afe0a7c9d5b738604f6f9;0x2ba39e5388ac6c702cb29aea78d52aa66832f1ee;0x1f2e1c90e118ed4e0cae7f52e169a1208a327c1a;eoa;0,200748;0;0,200748;USDC
Arbitrum One;0xacb7432a4bb15402ce2afe0a7c9d5b738604f6f9;0x2ba39e5388ac6c702cb29aea78d52aa66832f1ee;0x1fa1ac90a768baa92e9e267fc192a8e547a58f27;eoa;6438,531723;0;-0,000001;USDC
Arbitrum One;0xacb7432a4bb15402ce2afe0a7c9d5b738604f6f9;0x2ba39e5388ac6c702cb29aea78d52aa66832f1ee;0x1fb11e87188edd465c776f9223c8aa22928bb592;contract_other;3087,008701;0;3087,008701;USDC
Arbitrum One;0xacb7432a4bb15402ce2afe0a7c9d5b738604f6f9;0x2ba39e5388ac6c702cb29aea78d52aa66832f1ee;0x20b1c0ce20e0701efdfebe200523d49bad137780;contract_other;179,835844;0;179,835844;USDC
Arbitrum One;0xacb7432a4bb15402ce2afe0a7c9d5b738604f6f9;0x2ba39e5388ac6c702cb29aea78d52aa66832f1ee;0x2142248bda0d9613baf9df848bbefd8eac723d3e;contract_other;10,130507;0;10,130507;USDC
Arbitrum One;0xacb7432a4bb15402ce2afe0a7c9d5b738604f6f9;0x2ba39e5388ac6c702cb29aea78d52aa66832f1ee;0x227051430afafb552cc23137b7a4288ab810f6b7;eoa;5292,586826;0;5292,586826;USDC
Arbitrum One;0xacb7432a4bb15402ce2afe0a7c9d5b738604f6f9;0x2ba39e5388ac6c702cb29aea78d52aa66832f1ee;0x22df8f85ad9850151582f89e37237bf0517f87dd;eoa;3,045955;0;3,045955;USDC
Arbitrum One;0xacb7432a4bb15402ce2afe0a7c9d5b738604f6f9;0x2ba39e5388ac6c702cb29aea78d52aa66832f1ee;0x22f5d1466bc5c115c8146565a8df7b3a5425c588;contract_other;318,590775;0;318,590775;USDC
Arbitrum One;0xacb7432a4bb15402ce2afe0a7c9d5b738604f6f9;0x2ba39e5388ac6c702cb29aea78d52aa66832f1ee;0x248e214636443e5c7babe773b07f991c46e28b99;eoa;17350,813997;0;17350,813997;USDC
Arbitrum One;0xacb7432a4bb15402ce2afe0a7c9d5b738604f6f9;0x2ba39e5388ac6c702cb29aea78d52aa66832f1ee;0x24bb534add82405b1543e4409a7423539ed98866;eoa;1532,380922;0;1532,380922;USDC
Arbitrum One;0xacb7432a4bb15402ce2afe0a7c9d5b738604f6f9;0x2ba39e5388ac6c702cb29aea78d52aa66832f1ee;0x25ddb41cd45ee1d18535f0578cfd61108da35c21;contract_other;2020,949259;0;2020,949259;USDC
Arbitrum One;0xacb7432a4bb15402ce2afe0a7c9d5b738604f6f9;0x2ba39e5388ac6c702cb29aea78d52aa66832f1ee;0x25e6550b87dc7b3ebdc370bf8fe4d1ba6a896c91;contract_other;2893,332577;0;2893,332577;USDC
Arbitrum One;0xacb7432a4bb15402ce2afe0a7c9d5b738604f6f9;0x2ba39e5388ac6c702cb29aea78d52aa66832f1ee;0x27026f85fda10e47c8c0e0b90968b9e6930902fb;Gnosis Safe;0,088353;0;0,088353;USDC
Arbitrum One;0xacb7432a4bb15402ce2afe0a7c9d5b738604f6f9;0x2ba39e5388ac6c702cb29aea78d52aa66832f1ee;0x27106fd5cb559dd2cf5161a1bdbea21a95d30bdb;eoa;5641,271707;0;5641,271707;USDC
Arbitrum One;0xacb7432a4bb15402ce2afe0a7c9d5b738604f6f9;0x2ba39e5388ac6c702cb29aea78d52aa66832f1ee;0x27eefdcd326494fc06c7c4a1db6cb6a04e49a814;eoa;2380,207256;0;0;USDC
Arbitrum One;0xacb7432a4bb15402ce2afe0a7c9d5b738604f6f9;0x2ba39e5388ac6c702cb29aea78d52aa66832f1ee;0x27f5762b61c48b7717ba6e77010dec81fa42f878;eoa;616,316494;0;616,316494;USDC
Arbitrum One;0xacb7432a4bb15402ce2afe0a7c9d5b738604f6f9;0x2ba39e5388ac6c702cb29aea78d52aa66832f1ee;0x2ab10930e2809116e25c76732f339a55c6843cb6;contract_other;306,352092;0;306,352092;USDC
Arbitrum One;0xacb7432a4bb15402ce2afe0a7c9d5b738604f6f9;0x2ba39e5388ac6c702cb29aea78d52aa66832f1ee;0x2bb1ce2873e4761042a00c4d11193f4f69fee624;eoa;2,008697;0;2,008697;USDC
Arbitrum One;0xacb7432a4bb15402ce2afe0a7c9d5b738604f6f9;0x2ba39e5388ac6c702cb29aea78d52aa66832f1ee;0x2cbb78072b4198bd65f3b4a899ab2afa88ebbb50;eoa;311,364122;0;311,364122;USDC
Arbitrum One;0xacb7432a4bb15402ce2afe0a7c9d5b738604f6f9;0x2ba39e5388ac6c702cb29aea78d52aa66832f1ee;0x2d6e33720efae8488ad2121282cc976ba0cb1217;eoa;5,071608;0;5,071608;USDC
Arbitrum One;0xacb7432a4bb15402ce2afe0a7c9d5b738604f6f9;0x2ba39e5388ac6c702cb29aea78d52aa66832f1ee;0x2d7d6e4880080fa76ffc247a1b0ee4d2e3b09ed1;eoa;3120,799745;0;3120,799745;USDC
Arbitrum One;0xacb7432a4bb15402ce2afe0a7c9d5b738604f6f9;0x2ba39e5388ac6c702cb29aea78d52aa66832f1ee;0x2e78a0d97479ccb3238a4cd5f373654ba09fef2e;eoa;6,04638;0;6,04638;USDC
Arbitrum One;0xacb7432a4bb15402ce2afe0a7c9d5b738604f6f9;0x2ba39e5388ac6c702cb29aea78d52aa66832f1ee;0x2e988479f14ff61586f8fd0f09e8720484eb6030;contract_other;166,799601;0;166,799601;USDC
Arbitrum One;0xacb7432a4bb15402ce2afe0a7c9d5b738604f6f9;0x2ba39e5388ac6c702cb29aea78d52aa66832f1ee;0x2f0d21d91ed0367a8a1b40fe9176da3175b4a4e7;eoa;5035,914623;0;5035,914623;USDC
Arbitrum One;0xacb7432a4bb15402ce2afe0a7c9d5b738604f6f9;0x2ba39e5388ac6c702cb29aea78d52aa66832f1ee;0x2f3fa93d3a886bd8d69a4412058c37ee69f48864;Gnosis Safe;12,277686;0;12,277686;USDC
Arbitrum One;0xacb7432a4bb15402ce2afe0a7c9d5b738604f6f9;0x2ba39e5388ac6c702cb29aea78d52aa66832f1ee;0x2f46208c4b4ef72859fdc5e6c3b2d9135c880bf7;eoa;1,537635;0;1,537635;USDC
Arbitrum One;0xacb7432a4bb15402ce2afe0a7c9d5b738604f6f9;0x2ba39e5388ac6c702cb29aea78d52aa66832f1ee;0x3010bb8cf5b49f7dac48505f380f5960421603fe;eoa;71660,500423;0;0;USDC
Arbitrum One;0xacb7432a4bb15402ce2afe0a7c9d5b738604f6f9;0x2ba39e5388ac6c702cb29aea78d52aa66832f1ee;0x304872d26fc375f2b28ad0757b0b89ffbdbdf0bc;eoa;5,111265;0;5,111265;USDC
Arbitrum One;0xacb7432a4bb15402ce2afe0a7c9d5b738604f6f9;0x2ba39e5388ac6c702cb29aea78d52aa66832f1ee;0x312784d86eebc9f785edd98728bb3713096d2e20;eoa;2566,140553;0;2566,140553;USDC
Arbitrum One;0xacb7432a4bb15402ce2afe0a7c9d5b738604f6f9;0x2ba39e5388ac6c702cb29aea78d52aa66832f1ee;0x331629f1c320b04281181fb2575a974111e7928f;eoa;17705,994211;0;17705,994211;USDC
Arbitrum One;0xacb7432a4bb15402ce2afe0a7c9d5b738604f6f9;0x2ba39e5388ac6c702cb29aea78d52aa66832f1ee;0x334ebb44fd8fccb9112983247443dfae5e448887;eoa;50336,624595;0;50336,624595;USDC
Arbitrum One;0xacb7432a4bb15402ce2afe0a7c9d5b738604f6f9;0x2ba39e5388ac6c702cb29aea78d52aa66832f1ee;0x33b61e23316d00faa9dd9a6c68c06e50300ceaba;contract_other;2313,046975;0;0;USDC
Arbitrum One;0xacb7432a4bb15402ce2afe0a7c9d5b738604f6f9;0x2ba39e5388ac6c702cb29aea78d52aa66832f1ee;0x35e39b05ad4080a18a893d2b2737060ee313d80a;eoa;28462,798145;0;28462,798145;USDC
Arbitrum One;0xacb7432a4bb15402ce2afe0a7c9d5b738604f6f9;0x2ba39e5388ac6c702cb29aea78d52aa66832f1ee;0x360e68faccca8ca495c1b759fd9eee466db9fb32;contract_other;101,681623;0;2167,505686;USDC
Arbitrum One;0xacb7432a4bb15402ce2afe0a7c9d5b738604f6f9;0x2ba39e5388ac6c702cb29aea78d52aa66832f1ee;0x366bf4c8a1517e2ea6cb5085679742ff92f14b54;eoa;9345,842516;0;9345,842516;USDC
Arbitrum One;0xacb7432a4bb15402ce2afe0a7c9d5b738604f6f9;0x2ba39e5388ac6c702cb29aea78d52aa66832f1ee;0x373b34d509ac3736c366d08e8fd10de1455ee1f8;eoa;10,128355;0;10,128355;USDC
Arbitrum One;0xacb7432a4bb15402ce2afe0a7c9d5b738604f6f9;0x2ba39e5388ac6c702cb29aea78d52aa66832f1ee;0x377118b5f57448fb41a5dae0ef52045c861a7627;eoa;1009,608323;0;1009,608323;USDC
Arbitrum One;0xacb7432a4bb15402ce2afe0a7c9d5b738604f6f9;0x2ba39e5388ac6c702cb29aea78d52aa66832f1ee;0x3787e87d8a8bd2bb5b0475c5ea1d781fa2682921;eoa;71723,391095;0;0;USDC
Arbitrum One;0xacb7432a4bb15402ce2afe0a7c9d5b738604f6f9;0x2ba39e5388ac6c702cb29aea78d52aa66832f1ee;0x379566a04b6f70a497d62ffd82e5259ecabd8d2f;contract_other;347,931778;0;347,931778;USDC
Arbitrum One;0xacb7432a4bb15402ce2afe0a7c9d5b738604f6f9;0x2ba39e5388ac6c702cb29aea78d52aa66832f1ee;0x37abbda2a823edda9e25826fc488f140155968de;eoa;521,489325;0;521,489325;USDC
Arbitrum One;0xacb7432a4bb15402ce2afe0a7c9d5b738604f6f9;0x2ba39e5388ac6c702cb29aea78d52aa66832f1ee;0x37c6739c4cac8fef23119901307bc64ad5ee623f;eoa;10347,948028;0;10347,948028;USDC
Arbitrum One;0xacb7432a4bb15402ce2afe0a7c9d5b738604f6f9;0x2ba39e5388ac6c702cb29aea78d52aa66832f1ee;0x39041f1b366fe33f9a5a79de5120f2aee2577ebc;eoa;0,516126;0;0,516126;USDC
Arbitrum One;0xacb7432a4bb15402ce2afe0a7c9d5b738604f6f9;0x2ba39e5388ac6c702cb29aea78d52aa66832f1ee;0x3984efb9f6c42b3e51c117165a0fc1bbd2391861;contract_other;7,618814;0;7,618814;USDC
Arbitrum One;0xacb7432a4bb15402ce2afe0a7c9d5b738604f6f9;0x2ba39e5388ac6c702cb29aea78d52aa66832f1ee;0x398827ba66b94bacc8e6d08f389609419cd2d322;eoa;69,697881;0;69,697881;USDC
Arbitrum One;0xacb7432a4bb15402ce2afe0a7c9d5b738604f6f9;0x2ba39e5388ac6c702cb29aea78d52aa66832f1ee;0x39d83fd38acb347efe012434e9a0d93d3c8663ab;eoa;9504,868176;0;9504,868176;USDC
Arbitrum One;0xacb7432a4bb15402ce2afe0a7c9d5b738604f6f9;0x2ba39e5388ac6c702cb29aea78d52aa66832f1ee;0x3a1191221d6cf7584fa220378b1d911c5a051f95;eoa;2063,566985;0;2063,566985;USDC
Arbitrum One;0xacb7432a4bb15402ce2afe0a7c9d5b738604f6f9;0x2ba39e5388ac6c702cb29aea78d52aa66832f1ee;0x3a2db3a15c74500b522070082cd635868204908d;eoa;710,998065;0;710,998065;USDC
Arbitrum One;0xacb7432a4bb15402ce2afe0a7c9d5b738604f6f9;0x2ba39e5388ac6c702cb29aea78d52aa66832f1ee;0x3a4792c0a23021eb216cf884351cb1bf099c3790;contract_other;2,096108;0;2,096108;USDC
Arbitrum One;0xacb7432a4bb15402ce2afe0a7c9d5b738604f6f9;0x2ba39e5388ac6c702cb29aea78d52aa66832f1ee;0x3a9621b5818ff6d16731576feba48f9d563ae5d0;eoa;222,722177;0;222,722177;USDC
Arbitrum One;0xacb7432a4bb15402ce2afe0a7c9d5b738604f6f9;0x2ba39e5388ac6c702cb29aea78d52aa66832f1ee;0x3c7056a287ec6905de66f1d0ca21a1590e4673fb;eoa;47,386568;0;47,386568;USDC
Arbitrum One;0xacb7432a4bb15402ce2afe0a7c9d5b738604f6f9;0x2ba39e5388ac6c702cb29aea78d52aa66832f1ee;0x3ca2d9756af430fd4908ae3f314ba53d8449136a;contract_other;406,285278;0;406,285278;USDC
Arbitrum One;0xacb7432a4bb15402ce2afe0a7c9d5b738604f6f9;0x2ba39e5388ac6c702cb29aea78d52aa66832f1ee;0x3d31b6eccd7a3109e8a497c4273b5d71f121dad4;eoa;1,025481;0;1,025481;USDC
Arbitrum One;0xacb7432a4bb15402ce2afe0a7c9d5b738604f6f9;0x2ba39e5388ac6c702cb29aea78d52aa66832f1ee;0x3e3b2a0eabbeb85c83b15b98dbbdb83fb6262e6e;eoa;105,062505;0;105,062505;USDC
Arbitrum One;0xacb7432a4bb15402ce2afe0a7c9d5b738604f6f9;0x2ba39e5388ac6c702cb29aea78d52aa66832f1ee;0x3fba1ccc2b19f57fddb3238a3e5aead2c6b10ffd;eoa;16124,173633;0;0;USDC
Arbitrum One;0xacb7432a4bb15402ce2afe0a7c9d5b738604f6f9;0x2ba39e5388ac6c702cb29aea78d52aa66832f1ee;0x405dec9bb5bd65c0157db9352aa765bb76be4a12;eoa;204,149701;0;204,149701;USDC
Arbitrum One;0xacb7432a4bb15402ce2afe0a7c9d5b738604f6f9;0x2ba39e5388ac6c702cb29aea78d52aa66832f1ee;0x415669455d93b755efe7f20ef6f1dbdce7f68f7d;erc4626_unresolved;0,000001;0;0,000001;USDC
Arbitrum One;0xacb7432a4bb15402ce2afe0a7c9d5b738604f6f9;0x2ba39e5388ac6c702cb29aea78d52aa66832f1ee;0x4231ce4e0a64cbf8fd27457a8a217d23c7eb9fa5;eoa;954,205923;0;954,205923;USDC
Arbitrum One;0xacb7432a4bb15402ce2afe0a7c9d5b738604f6f9;0x2ba39e5388ac6c702cb29aea78d52aa66832f1ee;0x4438e8b67638b39c06825dbf1b61bea306ed27fb;eoa;151,731009;0;151,731009;USDC
Arbitrum One;0xacb7432a4bb15402ce2afe0a7c9d5b738604f6f9;0x2ba39e5388ac6c702cb29aea78d52aa66832f1ee;0x4563fc211af56a7b31743e3f8731f76415c030a2;eoa;5118,959207;0;5118,959207;USDC
Arbitrum One;0xacb7432a4bb15402ce2afe0a7c9d5b738604f6f9;0x2ba39e5388ac6c702cb29aea78d52aa66832f1ee;0x4638ab64022927c9bd5947607459d13f57f1551c;contract_other;3432,228303;0;3540,421654;USDC
Arbitrum One;0xacb7432a4bb15402ce2afe0a7c9d5b738604f6f9;0x2ba39e5388ac6c702cb29aea78d52aa66832f1ee;0x4a17b70dd348c00708d2b868f7687da27aaa1245;eoa;53280,645283;0;0,063855;USDC
Arbitrum One;0xacb7432a4bb15402ce2afe0a7c9d5b738604f6f9;0x2ba39e5388ac6c702cb29aea78d52aa66832f1ee;0x4a3f0cf3ba6089ec92a6d22b9b7c0eea1b7b0f37;contract_other;4380,183365;0;4380,183365;USDC
Arbitrum One;0xacb7432a4bb15402ce2afe0a7c9d5b738604f6f9;0x2ba39e5388ac6c702cb29aea78d52aa66832f1ee;0x4aaee20543e118a5f86d626ed5b98e37b9835ebf;eoa;483861,571069;0;483861,571069;USDC
Arbitrum One;0xacb7432a4bb15402ce2afe0a7c9d5b738604f6f9;0x2ba39e5388ac6c702cb29aea78d52aa66832f1ee;0x4ac267a7fc6cb78803072bfe56d7b7a32c65cfe7;eoa;3156,291099;0;3156,291099;USDC
Arbitrum One;0xacb7432a4bb15402ce2afe0a7c9d5b738604f6f9;0x2ba39e5388ac6c702cb29aea78d52aa66832f1ee;0x4b1a5f1f92c852dca40ab1aaa1b74e7bee7c0eef;eoa;2027,956072;0;2027,956072;USDC
Arbitrum One;0xacb7432a4bb15402ce2afe0a7c9d5b738604f6f9;0x2ba39e5388ac6c702cb29aea78d52aa66832f1ee;0x4b433b20e0a47c6e0fb4f01cec1095664b398018;eoa;101,831035;0;101,831035;USDC
Arbitrum One;0xacb7432a4bb15402ce2afe0a7c9d5b738604f6f9;0x2ba39e5388ac6c702cb29aea78d52aa66832f1ee;0x4b9499354869d6a84dd6a5550451fca665bc0bcd;eoa;155,60805;0;155,60805;USDC
Arbitrum One;0xacb7432a4bb15402ce2afe0a7c9d5b738604f6f9;0x2ba39e5388ac6c702cb29aea78d52aa66832f1ee;0x4c2b600da06b3394572ed475b55a6d9ad55512ac;Gnosis Safe;263629,440761;0;263629,440761;USDC
Arbitrum One;0xacb7432a4bb15402ce2afe0a7c9d5b738604f6f9;0x2ba39e5388ac6c702cb29aea78d52aa66832f1ee;0x4c335787fca2f7433e1cd067dbde6b663bd7def7;eoa;2029,442955;0;2029,442955;USDC
Arbitrum One;0xacb7432a4bb15402ce2afe0a7c9d5b738604f6f9;0x2ba39e5388ac6c702cb29aea78d52aa66832f1ee;0x4c4c2c4896e800caec25d4c05d8f9e333b820c4b;eoa;21307,753255;0;21307,753255;USDC
Arbitrum One;0xacb7432a4bb15402ce2afe0a7c9d5b738604f6f9;0x2ba39e5388ac6c702cb29aea78d52aa66832f1ee;0x4cbf71a5f5be5abb9d4163a5d9789efbb2516309;eoa;529,663963;0;529,663963;USDC
Arbitrum One;0xacb7432a4bb15402ce2afe0a7c9d5b738604f6f9;0x2ba39e5388ac6c702cb29aea78d52aa66832f1ee;0x4d4ac65513fee380c596ac9edfac588782831bdf;eoa;4,744377;0;4,744377;USDC
Arbitrum One;0xacb7432a4bb15402ce2afe0a7c9d5b738604f6f9;0x2ba39e5388ac6c702cb29aea78d52aa66832f1ee;0x4d72f175630fd735afd1e1105bafe62bd5e107e7;eoa;1015,306974;0;1015,306974;USDC
Arbitrum One;0xacb7432a4bb15402ce2afe0a7c9d5b738604f6f9;0x2ba39e5388ac6c702cb29aea78d52aa66832f1ee;0x4d96cb8a73b38e4e2a7848a88df13b4065ec5138;contract_other;36,51787;0;36,51787;USDC
Arbitrum One;0xacb7432a4bb15402ce2afe0a7c9d5b738604f6f9;0x2ba39e5388ac6c702cb29aea78d52aa66832f1ee;0x4daf8ce9d729ca4f121381ec4b22123627c1c004;eoa;2,06161;0;2,06161;USDC
Arbitrum One;0xacb7432a4bb15402ce2afe0a7c9d5b738604f6f9;0x2ba39e5388ac6c702cb29aea78d52aa66832f1ee;0x4e4fec47706fc212a08cd520509b1a14d286972a;contract_other;3757,092326;0;3757,092326;USDC
Arbitrum One;0xacb7432a4bb15402ce2afe0a7c9d5b738604f6f9;0x2ba39e5388ac6c702cb29aea78d52aa66832f1ee;0x4f29453aee30e4a8f9d288b427a8db4601e9d483;contract_other;4950,261983;0;4950,261983;USDC
Arbitrum One;0xacb7432a4bb15402ce2afe0a7c9d5b738604f6f9;0x2ba39e5388ac6c702cb29aea78d52aa66832f1ee;0x4f50ebfe44020917e736d022646bee64cd52c434;contract_other;2019,093451;0;2019,093451;USDC
Arbitrum One;0xacb7432a4bb15402ce2afe0a7c9d5b738604f6f9;0x2ba39e5388ac6c702cb29aea78d52aa66832f1ee;0x4fd4bb894b4b1f73935d189e147c65957f4d6c72;eoa;1601,990354;0;1601,990354;USDC
Arbitrum One;0xacb7432a4bb15402ce2afe0a7c9d5b738604f6f9;0x2ba39e5388ac6c702cb29aea78d52aa66832f1ee;0x4ffd0a59a26cb2aa76d403215e4cc2845c053994;eoa;10,513813;0;10,513813;USDC
Arbitrum One;0xacb7432a4bb15402ce2afe0a7c9d5b738604f6f9;0x2ba39e5388ac6c702cb29aea78d52aa66832f1ee;0x510d9b8597f3c5ff492e1d4c7f0ba59dd8e8661c;eoa;3034,092395;0;3034,092395;USDC
Arbitrum One;0xacb7432a4bb15402ce2afe0a7c9d5b738604f6f9;0x2ba39e5388ac6c702cb29aea78d52aa66832f1ee;0x518f4fb58740c280f6dc2038edcde97380188b8d;Gnosis Safe;0,001095;0;0,001095;USDC
Arbitrum One;0xacb7432a4bb15402ce2afe0a7c9d5b738604f6f9;0x2ba39e5388ac6c702cb29aea78d52aa66832f1ee;0x51e2d61bb29bd800042f664b7f3619e4e279ae9d;eoa;1,349728;0;1,349728;USDC
Arbitrum One;0xacb7432a4bb15402ce2afe0a7c9d5b738604f6f9;0x2ba39e5388ac6c702cb29aea78d52aa66832f1ee;0x51e7ed51a576f4071576244dd0d07324a4b6867a;eoa;2018,556306;0;2018,556306;USDC
Arbitrum One;0xacb7432a4bb15402ce2afe0a7c9d5b738604f6f9;0x2ba39e5388ac6c702cb29aea78d52aa66832f1ee;0x5308b7f199552f56e5cf5b1b4d3c8f9a57ab0c75;contract_other;849,75302;0;849,75302;USDC
Arbitrum One;0xacb7432a4bb15402ce2afe0a7c9d5b738604f6f9;0x2ba39e5388ac6c702cb29aea78d52aa66832f1ee;0x5311b8925f797fd964b37109d20dcc123ac5d14d;eoa;10,008351;0;10,008351;USDC
Arbitrum One;0xacb7432a4bb15402ce2afe0a7c9d5b738604f6f9;0x2ba39e5388ac6c702cb29aea78d52aa66832f1ee;0x54087122d7cad03b42701bbfa0c12c7ee5a84657;eoa;255,12711;0;255,12711;USDC
Arbitrum One;0xacb7432a4bb15402ce2afe0a7c9d5b738604f6f9;0x2ba39e5388ac6c702cb29aea78d52aa66832f1ee;0x54321eacee11d8f0feab32e6d6644340ad0df9f1;eoa;544,834498;0;544,834498;USDC
Arbitrum One;0xacb7432a4bb15402ce2afe0a7c9d5b738604f6f9;0x2ba39e5388ac6c702cb29aea78d52aa66832f1ee;0x54b4ab76d7c9977428935eae6fe68cb5802ab0a1;eoa;13642,334397;0;13642,334397;USDC
Arbitrum One;0xacb7432a4bb15402ce2afe0a7c9d5b738604f6f9;0x2ba39e5388ac6c702cb29aea78d52aa66832f1ee;0x55a092c3633a4ce5ba83f14707f11894e93251dd;eoa;506,586514;0;506,586514;USDC
Arbitrum One;0xacb7432a4bb15402ce2afe0a7c9d5b738604f6f9;0x2ba39e5388ac6c702cb29aea78d52aa66832f1ee;0x55a192323b4bb47e2b0a50f0685b04eee262be14;contract_other;50,574695;0;-1,9753;USDC
Arbitrum One;0xacb7432a4bb15402ce2afe0a7c9d5b738604f6f9;0x2ba39e5388ac6c702cb29aea78d52aa66832f1ee;0x56f9b0ac994c342c9cc049cc248780a56eef58b6;eoa;3714,242321;0;3714,242321;USDC
Arbitrum One;0xacb7432a4bb15402ce2afe0a7c9d5b738604f6f9;0x2ba39e5388ac6c702cb29aea78d52aa66832f1ee;0x5876b15bb520c70a838c53bd3f1403417f30873d;eoa;0,649004;0;0,649004;USDC
Arbitrum One;0xacb7432a4bb15402ce2afe0a7c9d5b738604f6f9;0x2ba39e5388ac6c702cb29aea78d52aa66832f1ee;0x58a4239f2d5498a6394dcc342b98da844ec68f9c;contract_other;1691,189968;0;1691,189968;USDC
Arbitrum One;0xacb7432a4bb15402ce2afe0a7c9d5b738604f6f9;0x2ba39e5388ac6c702cb29aea78d52aa66832f1ee;0x593a9c906d9c7f9e788bebb518d1f98459b91c65;eoa;120,954536;0;120,954536;USDC
Arbitrum One;0xacb7432a4bb15402ce2afe0a7c9d5b738604f6f9;0x2ba39e5388ac6c702cb29aea78d52aa66832f1ee;0x597a6bc34a478d430ac2c457bbc1aa10f157a843;eoa;26239,714608;0;26239,714608;USDC
Arbitrum One;0xacb7432a4bb15402ce2afe0a7c9d5b738604f6f9;0x2ba39e5388ac6c702cb29aea78d52aa66832f1ee;0x5a5af1c6d252eaae55492281ca30970044ab5a47;eoa;2,351556;0;2,351556;USDC
Arbitrum One;0xacb7432a4bb15402ce2afe0a7c9d5b738604f6f9;0x2ba39e5388ac6c702cb29aea78d52aa66832f1ee;0x5a89e43f3aadbb3ad802be52797b1e4d75d74ac5;eoa;300,769216;0;300,769216;USDC
Arbitrum One;0xacb7432a4bb15402ce2afe0a7c9d5b738604f6f9;0x2ba39e5388ac6c702cb29aea78d52aa66832f1ee;0x5c2c6245f4c2bfaff3f7925bcf549cb35bd90b89;eoa;1050,248039;0;1050,248039;USDC
Arbitrum One;0xacb7432a4bb15402ce2afe0a7c9d5b738604f6f9;0x2ba39e5388ac6c702cb29aea78d52aa66832f1ee;0x5d10100d130467cf8dbe2b904100141f1a63318f;eoa;8581,012063;0;8581,012063;USDC
Arbitrum One;0xacb7432a4bb15402ce2afe0a7c9d5b738604f6f9;0x2ba39e5388ac6c702cb29aea78d52aa66832f1ee;0x5db201ae15f9702f0a0ff9f00b8c1c18355373d0;eoa;196154,116228;0;196154,116228;USDC
Arbitrum One;0xacb7432a4bb15402ce2afe0a7c9d5b738604f6f9;0x2ba39e5388ac6c702cb29aea78d52aa66832f1ee;0x5e05bd32098593d1272d70d266f3f9b790010c45;contract_other;770,184531;0;770,184531;USDC
Arbitrum One;0xacb7432a4bb15402ce2afe0a7c9d5b738604f6f9;0x2ba39e5388ac6c702cb29aea78d52aa66832f1ee;0x5e254b3a8146b7eb30f882c6e8106a8fbd366dd3;eoa;1,144488;0;1,144488;USDC
Arbitrum One;0xacb7432a4bb15402ce2afe0a7c9d5b738604f6f9;0x2ba39e5388ac6c702cb29aea78d52aa66832f1ee;0x5e835b411ce26177a9dff28ac759123599d4e536;eoa;873,158523;0;873,158523;USDC
Arbitrum One;0xacb7432a4bb15402ce2afe0a7c9d5b738604f6f9;0x2ba39e5388ac6c702cb29aea78d52aa66832f1ee;0x5f19640de4a50e035ab0b50957748bfded8f158d;contract_other;948334,531193;0;136,027265;USDC
Arbitrum One;0xacb7432a4bb15402ce2afe0a7c9d5b738604f6f9;0x2ba39e5388ac6c702cb29aea78d52aa66832f1ee;0x5f1b325690ac508cbc44bd5bb6be9025c689cc41;eoa;496,540583;0;496,540583;USDC
Arbitrum One;0xacb7432a4bb15402ce2afe0a7c9d5b738604f6f9;0x2ba39e5388ac6c702cb29aea78d52aa66832f1ee;0x5f7aab8491220e48168c05c2097a06f9121d0140;eoa;154,30942;0;154,30942;USDC
Arbitrum One;0xacb7432a4bb15402ce2afe0a7c9d5b738604f6f9;0x2ba39e5388ac6c702cb29aea78d52aa66832f1ee;0x6039c8d7dd98ac2c48d9ee3fc026e016d18a665b;eoa;1,164445;0;1,164445;USDC
Arbitrum One;0xacb7432a4bb15402ce2afe0a7c9d5b738604f6f9;0x2ba39e5388ac6c702cb29aea78d52aa66832f1ee;0x60fc0df72c61c11c43b64555ff22c3e4dc2b0604;eoa;37085,273963;0;37085,273963;USDC
Arbitrum One;0xacb7432a4bb15402ce2afe0a7c9d5b738604f6f9;0x2ba39e5388ac6c702cb29aea78d52aa66832f1ee;0x6185d684dfa0dfd9567698a704e1e62193f9d0bd;eoa;8240,586419;0;8240,586419;USDC
Arbitrum One;0xacb7432a4bb15402ce2afe0a7c9d5b738604f6f9;0x2ba39e5388ac6c702cb29aea78d52aa66832f1ee;0x6220715827fd1ed8494374073e6727f1136bc6f9;eoa;50,850154;0;50,850154;USDC
Arbitrum One;0xacb7432a4bb15402ce2afe0a7c9d5b738604f6f9;0x2ba39e5388ac6c702cb29aea78d52aa66832f1ee;0x624a004881980f1390b6e433a18d7a4bf0a6aa00;eoa;2703,882496;0;2703,882496;USDC
Arbitrum One;0xacb7432a4bb15402ce2afe0a7c9d5b738604f6f9;0x2ba39e5388ac6c702cb29aea78d52aa66832f1ee;0x624fe276893f36f5ee78bb41a70aa9312768122c;eoa;5,249638;0;5,249638;USDC
Arbitrum One;0xacb7432a4bb15402ce2afe0a7c9d5b738604f6f9;0x2ba39e5388ac6c702cb29aea78d52aa66832f1ee;0x62b1ffcba160ece73de4b627008b09ee7b5479d7;eoa;6174,526314;0;6174,526314;USDC
Arbitrum One;0xacb7432a4bb15402ce2afe0a7c9d5b738604f6f9;0x2ba39e5388ac6c702cb29aea78d52aa66832f1ee;0x62f53fb0a745dd75e2e85be57d30b6de43d951d8;eoa;1018,838801;0;1018,838801;USDC
Arbitrum One;0xacb7432a4bb15402ce2afe0a7c9d5b738604f6f9;0x2ba39e5388ac6c702cb29aea78d52aa66832f1ee;0x634771bba0a4ce5799bd784dbc9f653452c7398f;eoa;2,034008;0;2,034008;USDC
Arbitrum One;0xacb7432a4bb15402ce2afe0a7c9d5b738604f6f9;0x2ba39e5388ac6c702cb29aea78d52aa66832f1ee;0x6527079c9c2546db43d7b21a5e30b355b1c249f9;eoa;170,188446;0;170,188446;USDC
Arbitrum One;0xacb7432a4bb15402ce2afe0a7c9d5b738604f6f9;0x2ba39e5388ac6c702cb29aea78d52aa66832f1ee;0x65528267f5cbb77ca6a0be6042fbfaf912c938d5;eoa;40689,251317;0;0;USDC
Arbitrum One;0xacb7432a4bb15402ce2afe0a7c9d5b738604f6f9;0x2ba39e5388ac6c702cb29aea78d52aa66832f1ee;0x658349773398c9185bb287a21ae7ca312270395d;eoa;31630,010425;0;31630,010425;USDC
Arbitrum One;0xacb7432a4bb15402ce2afe0a7c9d5b738604f6f9;0x2ba39e5388ac6c702cb29aea78d52aa66832f1ee;0x65b6dc877a8352eaf6802404c457d1a9fb2c0257;contract_other;59732,475491;0;59732,475491;USDC
Arbitrum One;0xacb7432a4bb15402ce2afe0a7c9d5b738604f6f9;0x2ba39e5388ac6c702cb29aea78d52aa66832f1ee;0x670deda07eb81dff15ae6552aabe1ab836832f52;eoa;5042,46209;0;5042,46209;USDC
Arbitrum One;0xacb7432a4bb15402ce2afe0a7c9d5b738604f6f9;0x2ba39e5388ac6c702cb29aea78d52aa66832f1ee;0x679d38e368f482f70b63f127c5ff59a52f4e813d;eoa;11713,299998;0;11713,299998;USDC
Arbitrum One;0xacb7432a4bb15402ce2afe0a7c9d5b738604f6f9;0x2ba39e5388ac6c702cb29aea78d52aa66832f1ee;0x68433e461df3f7fc5d73e914f7a404a205a221f6;eoa;2017,697315;0;2017,697315;USDC
Arbitrum One;0xacb7432a4bb15402ce2afe0a7c9d5b738604f6f9;0x2ba39e5388ac6c702cb29aea78d52aa66832f1ee;0x69323029bc1429300706e4f93bcbfb7392e1cf7f;contract_other;0,753949;0;0,753949;USDC
Arbitrum One;0xacb7432a4bb15402ce2afe0a7c9d5b738604f6f9;0x2ba39e5388ac6c702cb29aea78d52aa66832f1ee;0x6980cb1a4efbb232ba8204def60eba6138392d21;eoa;102,972233;0;102,972233;USDC
Arbitrum One;0xacb7432a4bb15402ce2afe0a7c9d5b738604f6f9;0x2ba39e5388ac6c702cb29aea78d52aa66832f1ee;0x69acb472c90d065a3d2737f3487b2d773f80fff4;eoa;371,223292;0;371,223292;USDC
Arbitrum One;0xacb7432a4bb15402ce2afe0a7c9d5b738604f6f9;0x2ba39e5388ac6c702cb29aea78d52aa66832f1ee;0x6a5adbd3e651ed360a64060b7043015efa35cc1c;eoa;29164,396692;0;29164,396692;USDC
Arbitrum One;0xacb7432a4bb15402ce2afe0a7c9d5b738604f6f9;0x2ba39e5388ac6c702cb29aea78d52aa66832f1ee;0x6a8939e99b348ef8727fd6198c38cfc0a460d743;eoa;10124,028529;0;10124,028529;USDC
Arbitrum One;0xacb7432a4bb15402ce2afe0a7c9d5b738604f6f9;0x2ba39e5388ac6c702cb29aea78d52aa66832f1ee;0x6af275629cead38e61250a7ebf30b4e56927cfea;eoa;3138,876651;0;3138,876651;USDC
Arbitrum One;0xacb7432a4bb15402ce2afe0a7c9d5b738604f6f9;0x2ba39e5388ac6c702cb29aea78d52aa66832f1ee;0x6b49f58de0ac7de24490bdc492bf1e8f35e33aa9;eoa;115,920894;0;115,920894;USDC
Arbitrum One;0xacb7432a4bb15402ce2afe0a7c9d5b738604f6f9;0x2ba39e5388ac6c702cb29aea78d52aa66832f1ee;0x6bc4e70cc6fafd4a8bc60dbbf9fa8a9d072eae1d;eoa;1023,304606;0;1023,304606;USDC
Arbitrum One;0xacb7432a4bb15402ce2afe0a7c9d5b738604f6f9;0x2ba39e5388ac6c702cb29aea78d52aa66832f1ee;0x6c276ffd8f5e51c49460c636ab20684373c1e2da;eoa;1438,117243;0;1984,418195;USDC
Arbitrum One;0xacb7432a4bb15402ce2afe0a7c9d5b738604f6f9;0x2ba39e5388ac6c702cb29aea78d52aa66832f1ee;0x6c3d24022bee4f3aaacca39668001cf834954877;eoa;3026,850226;0;3026,850226;USDC
Arbitrum One;0xacb7432a4bb15402ce2afe0a7c9d5b738604f6f9;0x2ba39e5388ac6c702cb29aea78d52aa66832f1ee;0x6ce12a45914d62e4a8816250b5dd1f1a9fb7f07b;Gnosis Safe;1,013525;0;1,013525;USDC
Arbitrum One;0xacb7432a4bb15402ce2afe0a7c9d5b738604f6f9;0x2ba39e5388ac6c702cb29aea78d52aa66832f1ee;0x6d4ac19211ac4d6f8c551ac11063709f3f979f41;eoa;1984,600401;0;1984,600401;USDC
Arbitrum One;0xacb7432a4bb15402ce2afe0a7c9d5b738604f6f9;0x2ba39e5388ac6c702cb29aea78d52aa66832f1ee;0x6d591111cdb4c7bc4a503ac9cb638ad765e95f15;eoa;322,911442;0;322,911442;USDC
Arbitrum One;0xacb7432a4bb15402ce2afe0a7c9d5b738604f6f9;0x2ba39e5388ac6c702cb29aea78d52aa66832f1ee;0x6e55545472296325a726b9f3fd5a349e212cf082;eoa;72920,393478;0;0;USDC
Arbitrum One;0xacb7432a4bb15402ce2afe0a7c9d5b738604f6f9;0x2ba39e5388ac6c702cb29aea78d52aa66832f1ee;0x6e997f164c9cac2084ffec8acac16031345fd971;eoa;1029,310465;0;1029,310465;USDC
Arbitrum One;0xacb7432a4bb15402ce2afe0a7c9d5b738604f6f9;0x2ba39e5388ac6c702cb29aea78d52aa66832f1ee;0x6f03e6b96697957199a1c2641cb1d3446e2fdbbd;eoa;6332,220893;0;6332,220893;USDC
Arbitrum One;0xacb7432a4bb15402ce2afe0a7c9d5b738604f6f9;0x2ba39e5388ac6c702cb29aea78d52aa66832f1ee;0x6fc72fe190bfa450e51d9bb0c05373e909fb3324;eoa;4,386081;0;4,386081;USDC
Arbitrum One;0xacb7432a4bb15402ce2afe0a7c9d5b738604f6f9;0x2ba39e5388ac6c702cb29aea78d52aa66832f1ee;0x707135d88579d5e006309e2fc26c7289ef6baa88;eoa;150,521326;0;150,521326;USDC
Arbitrum One;0xacb7432a4bb15402ce2afe0a7c9d5b738604f6f9;0x2ba39e5388ac6c702cb29aea78d52aa66832f1ee;0x761b375e74a3cc89ccf8b3a920678fd54aee02ad;contract_other;5064,083501;0;5064,083501;USDC
Arbitrum One;0xacb7432a4bb15402ce2afe0a7c9d5b738604f6f9;0x2ba39e5388ac6c702cb29aea78d52aa66832f1ee;0x7647761f9a77df86895558356685b6fc3805083b;eoa;60,482212;0;60,482212;USDC
Arbitrum One;0xacb7432a4bb15402ce2afe0a7c9d5b738604f6f9;0x2ba39e5388ac6c702cb29aea78d52aa66832f1ee;0x79342d64fbcf475e47004f4e00e376385746ffd3;eoa;79742,477567;0;0;USDC
Arbitrum One;0xacb7432a4bb15402ce2afe0a7c9d5b738604f6f9;0x2ba39e5388ac6c702cb29aea78d52aa66832f1ee;0x79977ebc6ee6d5dffa5db56823296de7c71488d7;eoa;2556,012397;0;2556,012397;USDC
Arbitrum One;0xacb7432a4bb15402ce2afe0a7c9d5b738604f6f9;0x2ba39e5388ac6c702cb29aea78d52aa66832f1ee;0x79d6b65b48651d4d03cbe42ca0b55c567593e67f;eoa;3997,539943;0;3997,539943;USDC
Arbitrum One;0xacb7432a4bb15402ce2afe0a7c9d5b738604f6f9;0x2ba39e5388ac6c702cb29aea78d52aa66832f1ee;0x7aff055125ccbaef1680ede264837e54cfcb1a36;eoa;100,792999;0;100,792999;USDC
Arbitrum One;0xacb7432a4bb15402ce2afe0a7c9d5b738604f6f9;0x2ba39e5388ac6c702cb29aea78d52aa66832f1ee;0x7b0a7e6845ebd3460c63641f3ba19394227cba2c;eoa;20151,983857;0;20151,983857;USDC
Arbitrum One;0xacb7432a4bb15402ce2afe0a7c9d5b738604f6f9;0x2ba39e5388ac6c702cb29aea78d52aa66832f1ee;0x7b42a330a13a8032a48fd4e6392f46d132104f5e;contract_other;12117,019874;0;12117,019874;USDC
Arbitrum One;0xacb7432a4bb15402ce2afe0a7c9d5b738604f6f9;0x2ba39e5388ac6c702cb29aea78d52aa66832f1ee;0x7b8e047dfa4b27314c6a7ea5067e356f38666089;eoa;49316,899691;0;49316,899691;USDC
Arbitrum One;0xacb7432a4bb15402ce2afe0a7c9d5b738604f6f9;0x2ba39e5388ac6c702cb29aea78d52aa66832f1ee;0x7ba7167463f291e101dc8629a1ea495e3e0e2147;eoa;3,15155;0;3,15155;USDC
Arbitrum One;0xacb7432a4bb15402ce2afe0a7c9d5b738604f6f9;0x2ba39e5388ac6c702cb29aea78d52aa66832f1ee;0x7c64f995a1dafac1f2bd3b7f156f1309eda323da;eoa;2551,738593;0;2551,738593;USDC
Arbitrum One;0xacb7432a4bb15402ce2afe0a7c9d5b738604f6f9;0x2ba39e5388ac6c702cb29aea78d52aa66832f1ee;0x7dacec67e0ee03217611e66057c645e5cdaebb9a;eoa;5229,146486;0;5229,146486;USDC
Arbitrum One;0xacb7432a4bb15402ce2afe0a7c9d5b738604f6f9;0x2ba39e5388ac6c702cb29aea78d52aa66832f1ee;0x7de3241c2aaf36c118268502e12e3f6bdae5726f;eoa;7063,196619;0;7063,196619;USDC
Arbitrum One;0xacb7432a4bb15402ce2afe0a7c9d5b738604f6f9;0x2ba39e5388ac6c702cb29aea78d52aa66832f1ee;0x7e1463e88ed5c92399bacd3d5ae8a87ae591569d;contract_other;3291,193633;0;3291,193633;USDC
Arbitrum One;0xacb7432a4bb15402ce2afe0a7c9d5b738604f6f9;0x2ba39e5388ac6c702cb29aea78d52aa66832f1ee;0x8063d27262bdc1086c9f7ab9328de135354dd35d;eoa;16028,798739;0;16028,798739;USDC
Arbitrum One;0xacb7432a4bb15402ce2afe0a7c9d5b738604f6f9;0x2ba39e5388ac6c702cb29aea78d52aa66832f1ee;0x80ac5fa7a35eaf6a14dc652f9085abf8b43c3e99;Gnosis Safe;10,216842;0;10,216842;USDC
Arbitrum One;0xacb7432a4bb15402ce2afe0a7c9d5b738604f6f9;0x2ba39e5388ac6c702cb29aea78d52aa66832f1ee;0x822a453101234856a2a4f281b475f3a1ff861166;eoa;7541,857178;0;7541,857178;USDC
Arbitrum One;0xacb7432a4bb15402ce2afe0a7c9d5b738604f6f9;0x2ba39e5388ac6c702cb29aea78d52aa66832f1ee;0x824f27d54ffa03073908623329e75802d3acd22b;eoa;0;0;6395,170172;USDC
Arbitrum One;0xacb7432a4bb15402ce2afe0a7c9d5b738604f6f9;0x2ba39e5388ac6c702cb29aea78d52aa66832f1ee;0x82845f120dcc9d1af5d64209577eb02abcaeba40;contract_other;1348,23303;0;1348,23303;USDC
Arbitrum One;0xacb7432a4bb15402ce2afe0a7c9d5b738604f6f9;0x2ba39e5388ac6c702cb29aea78d52aa66832f1ee;0x83192296434629e0c6ba70707a1a33affaa192cc;eoa;1045,286698;0;1045,286698;USDC
Arbitrum One;0xacb7432a4bb15402ce2afe0a7c9d5b738604f6f9;0x2ba39e5388ac6c702cb29aea78d52aa66832f1ee;0x83d3e6efa0ef2dcd5dc0560e9e26053c5c5a9967;eoa;61279,802378;0;61279,802378;USDC
Arbitrum One;0xacb7432a4bb15402ce2afe0a7c9d5b738604f6f9;0x2ba39e5388ac6c702cb29aea78d52aa66832f1ee;0x83f47284f9cc6fde780e6c82b4e76d10bdd4af8c;eoa;1074,047154;0;1074,047154;USDC
Arbitrum One;0xacb7432a4bb15402ce2afe0a7c9d5b738604f6f9;0x2ba39e5388ac6c702cb29aea78d52aa66832f1ee;0x858ef5cf58325f34c5f306be18ff5f9d149d5ff0;eoa;124655,270362;0;124655,270362;USDC
Arbitrum One;0xacb7432a4bb15402ce2afe0a7c9d5b738604f6f9;0x2ba39e5388ac6c702cb29aea78d52aa66832f1ee;0x87a09bef77c381adc4f69d12a593a3a2604b13d1;eoa;1035,253883;0;1035,253883;USDC
Arbitrum One;0xacb7432a4bb15402ce2afe0a7c9d5b738604f6f9;0x2ba39e5388ac6c702cb29aea78d52aa66832f1ee;0x8901d9cf0272a2876525ee25fcbb9e423c4b95f6;eoa;45275,511021;0;45275,511021;USDC
Arbitrum One;0xacb7432a4bb15402ce2afe0a7c9d5b738604f6f9;0x2ba39e5388ac6c702cb29aea78d52aa66832f1ee;0x89de4303b238c12f12841e0f057f098b307f2ad8;eoa;49,429895;0;49,429895;USDC
Arbitrum One;0xacb7432a4bb15402ce2afe0a7c9d5b738604f6f9;0x2ba39e5388ac6c702cb29aea78d52aa66832f1ee;0x8b773f2e3aa7f9d64cb93a95a0b42829d6bad7e3;contract_other;2,053552;0;2,053552;USDC
Arbitrum One;0xacb7432a4bb15402ce2afe0a7c9d5b738604f6f9;0x2ba39e5388ac6c702cb29aea78d52aa66832f1ee;0x8b926a22e41af4bb4f16c05b0c980f660ae60eaa;erc4626_unresolved;3085,191197;0;3085,191197;USDC
Arbitrum One;0xacb7432a4bb15402ce2afe0a7c9d5b738604f6f9;0x2ba39e5388ac6c702cb29aea78d52aa66832f1ee;0x8be35dad8bda7d89a52e8223438128a1cea0178f;eoa;4056,161773;0;4056,161773;USDC
Arbitrum One;0xacb7432a4bb15402ce2afe0a7c9d5b738604f6f9;0x2ba39e5388ac6c702cb29aea78d52aa66832f1ee;0x8c34272fa4044b51571049160101d44f4ed1a01d;eoa;277,00481;0;277,00481;USDC
Arbitrum One;0xacb7432a4bb15402ce2afe0a7c9d5b738604f6f9;0x2ba39e5388ac6c702cb29aea78d52aa66832f1ee;0x8d1a519326724b18a6f5877a082aae19394d0f67;Gnosis Safe;32641,105559;0;0;USDC
Arbitrum One;0xacb7432a4bb15402ce2afe0a7c9d5b738604f6f9;0x2ba39e5388ac6c702cb29aea78d52aa66832f1ee;0x8d1dbf65227265345c538084e1db400adc6107ae;contract_other;1007,224453;0;1007,224453;USDC
Arbitrum One;0xacb7432a4bb15402ce2afe0a7c9d5b738604f6f9;0x2ba39e5388ac6c702cb29aea78d52aa66832f1ee;0x8dee8f9c5ced8710c3a1e4db1848ea8cf0bd9abd;eoa;108643,345773;0;108643,345773;USDC
Arbitrum One;0xacb7432a4bb15402ce2afe0a7c9d5b738604f6f9;0x2ba39e5388ac6c702cb29aea78d52aa66832f1ee;0x8df5951d41ffa89841df1e4c1fde8716160008d4;eoa;10635,611596;0;10635,611596;USDC
Arbitrum One;0xacb7432a4bb15402ce2afe0a7c9d5b738604f6f9;0x2ba39e5388ac6c702cb29aea78d52aa66832f1ee;0x8e86d3b14b4ddfecedd0afa1c2e383399ac0d42e;eoa;6143,722337;0;6143,722337;USDC
Arbitrum One;0xacb7432a4bb15402ce2afe0a7c9d5b738604f6f9;0x2ba39e5388ac6c702cb29aea78d52aa66832f1ee;0x90a6f955daa75e255d53b0f5c68def60883a2fa8;contract_other;1938,370433;0;1938,370433;USDC
Arbitrum One;0xacb7432a4bb15402ce2afe0a7c9d5b738604f6f9;0x2ba39e5388ac6c702cb29aea78d52aa66832f1ee;0x90af14e7a2f2b530508f1f145272b2385963af25;eoa;210,435562;0;210,435562;USDC
Arbitrum One;0xacb7432a4bb15402ce2afe0a7c9d5b738604f6f9;0x2ba39e5388ac6c702cb29aea78d52aa66832f1ee;0x90f34091c5330db3bda70e728707879c64e28713;eoa;1051,868857;0;1051,868857;USDC
Arbitrum One;0xacb7432a4bb15402ce2afe0a7c9d5b738604f6f9;0x2ba39e5388ac6c702cb29aea78d52aa66832f1ee;0x91966bc080584544b29715ba2115046c987e66f8;contract_other;3862,25107;0;3862,25107;USDC
Arbitrum One;0xacb7432a4bb15402ce2afe0a7c9d5b738604f6f9;0x2ba39e5388ac6c702cb29aea78d52aa66832f1ee;0x919eb87df4271688297c808ce68cce0317c50c7d;eoa;10,149697;0;10,149697;USDC
Arbitrum One;0xacb7432a4bb15402ce2afe0a7c9d5b738604f6f9;0x2ba39e5388ac6c702cb29aea78d52aa66832f1ee;0x92215391d24c75eb005eb4b7c8c55bf0036604a5;eoa;1,113419;0;1,113419;USDC
Arbitrum One;0xacb7432a4bb15402ce2afe0a7c9d5b738604f6f9;0x2ba39e5388ac6c702cb29aea78d52aa66832f1ee;0x924f378dfb90eaa67af5ba842988325db3b2dcd7;eoa;14409,556242;0;14409,556242;USDC
Arbitrum One;0xacb7432a4bb15402ce2afe0a7c9d5b738604f6f9;0x2ba39e5388ac6c702cb29aea78d52aa66832f1ee;0x9271f083323e0d803dc5d41ade34ebd6deda068f;eoa;3044,521628;0;3044,521628;USDC
Arbitrum One;0xacb7432a4bb15402ce2afe0a7c9d5b738604f6f9;0x2ba39e5388ac6c702cb29aea78d52aa66832f1ee;0x92c43859db0f3e03eea0f05529775f4612f5de33;eoa;784,433544;0;784,433544;USDC
Arbitrum One;0xacb7432a4bb15402ce2afe0a7c9d5b738604f6f9;0x2ba39e5388ac6c702cb29aea78d52aa66832f1ee;0x93186d72ca0824d0ece461218925cda33b922527;eoa;29846,122415;0;29846,122415;USDC
Arbitrum One;0xacb7432a4bb15402ce2afe0a7c9d5b738604f6f9;0x2ba39e5388ac6c702cb29aea78d52aa66832f1ee;0x93ae56d3619f5f5b2c81f6ce50e8c1a80d752233;eoa;1029,622911;0;1029,622911;USDC
Arbitrum One;0xacb7432a4bb15402ce2afe0a7c9d5b738604f6f9;0x2ba39e5388ac6c702cb29aea78d52aa66832f1ee;0x93ca26ac2d0a5ef91ad08462b4a403abac05b0e2;eoa;117,089248;0;117,089248;USDC
Arbitrum One;0xacb7432a4bb15402ce2afe0a7c9d5b738604f6f9;0x2ba39e5388ac6c702cb29aea78d52aa66832f1ee;0x941b6117f7059c484d66e8f24ed38cb40a1667cd;eoa;525,272186;0;525,272186;USDC
Arbitrum One;0xacb7432a4bb15402ce2afe0a7c9d5b738604f6f9;0x2ba39e5388ac6c702cb29aea78d52aa66832f1ee;0x949b365bddeb0a8a0add854f79b0472064c4f9c2;eoa;813,086851;0;813,086851;USDC
Arbitrum One;0xacb7432a4bb15402ce2afe0a7c9d5b738604f6f9;0x2ba39e5388ac6c702cb29aea78d52aa66832f1ee;0x94f748ec36a03f44bbaf888b21ca0963d4eea0aa;eoa;24063,454415;0;24063,454415;USDC
Arbitrum One;0xacb7432a4bb15402ce2afe0a7c9d5b738604f6f9;0x2ba39e5388ac6c702cb29aea78d52aa66832f1ee;0x9520222ee3c3ef10f9da626931cff4bd131b8f9f;contract_other;10,482996;0;10,482996;USDC
Arbitrum One;0xacb7432a4bb15402ce2afe0a7c9d5b738604f6f9;0x2ba39e5388ac6c702cb29aea78d52aa66832f1ee;0x95599b626e0e70a3e8b645371a69b76f860db215;eoa;505,66819;0;505,66819;USDC
Arbitrum One;0xacb7432a4bb15402ce2afe0a7c9d5b738604f6f9;0x2ba39e5388ac6c702cb29aea78d52aa66832f1ee;0x9592e0c46732ba7b4d32e6aefaef30a2fc3d604e;eoa;7967,525561;0;7967,525561;USDC
Arbitrum One;0xacb7432a4bb15402ce2afe0a7c9d5b738604f6f9;0x2ba39e5388ac6c702cb29aea78d52aa66832f1ee;0x96fbb630fbcea1786bf46bf0c42770c75faf130f;eoa;810,823478;0;810,823478;USDC
Arbitrum One;0xacb7432a4bb15402ce2afe0a7c9d5b738604f6f9;0x2ba39e5388ac6c702cb29aea78d52aa66832f1ee;0x97793872ae3b17b4c67d671fdcde3c74b3955df4;eoa;1360,366832;0;1360,366832;USDC
Arbitrum One;0xacb7432a4bb15402ce2afe0a7c9d5b738604f6f9;0x2ba39e5388ac6c702cb29aea78d52aa66832f1ee;0x97df3180b6ac60608ceec289362e834d530b51ad;eoa;1,126443;0;1,126443;USDC
Arbitrum One;0xacb7432a4bb15402ce2afe0a7c9d5b738604f6f9;0x2ba39e5388ac6c702cb29aea78d52aa66832f1ee;0x99ee50dfb3db4981d3f9cac78a658884ee9cb631;eoa;1518,115287;0;1518,115287;USDC
Arbitrum One;0xacb7432a4bb15402ce2afe0a7c9d5b738604f6f9;0x2ba39e5388ac6c702cb29aea78d52aa66832f1ee;0x99f7753cf85e2e6d59f4419f0c3a95295410b7ac;eoa;2026,981345;0;2026,981345;USDC
Arbitrum One;0xacb7432a4bb15402ce2afe0a7c9d5b738604f6f9;0x2ba39e5388ac6c702cb29aea78d52aa66832f1ee;0x9a522c05d22a2c8e42c03a34f93a8437f5305d23;eoa;15128,087428;0;15128,087428;USDC
Arbitrum One;0xacb7432a4bb15402ce2afe0a7c9d5b738604f6f9;0x2ba39e5388ac6c702cb29aea78d52aa66832f1ee;0x9b8b04b6f82cd5e1dae58ca3614d445f93defc5c;eoa;5,259629;0;5,259629;USDC
Arbitrum One;0xacb7432a4bb15402ce2afe0a7c9d5b738604f6f9;0x2ba39e5388ac6c702cb29aea78d52aa66832f1ee;0x9c98901250bc035d9a11a34ac358ff2c964456c2;Gnosis Safe;11,667526;0;11,667526;USDC
Arbitrum One;0xacb7432a4bb15402ce2afe0a7c9d5b738604f6f9;0x2ba39e5388ac6c702cb29aea78d52aa66832f1ee;0x9e914507ceca7435da77265e931408a327583e12;eoa;7470,83588;0;7470,83588;USDC
Arbitrum One;0xacb7432a4bb15402ce2afe0a7c9d5b738604f6f9;0x2ba39e5388ac6c702cb29aea78d52aa66832f1ee;0xa045d599d8e423b66097a11269acb80b32215ac9;eoa;1208,719417;0;1208,719417;USDC
Arbitrum One;0xacb7432a4bb15402ce2afe0a7c9d5b738604f6f9;0x2ba39e5388ac6c702cb29aea78d52aa66832f1ee;0xa0d4a74c3802723fb54e165b4c1968a5fe629de7;eoa;1038,527415;0;1038,527415;USDC
Arbitrum One;0xacb7432a4bb15402ce2afe0a7c9d5b738604f6f9;0x2ba39e5388ac6c702cb29aea78d52aa66832f1ee;0xa1d515eea26ca1198dd7a6e122618b076b1125b8;Gnosis Safe;3,113406;0;3,113406;USDC
Arbitrum One;0xacb7432a4bb15402ce2afe0a7c9d5b738604f6f9;0x2ba39e5388ac6c702cb29aea78d52aa66832f1ee;0xa246a0651b304010602bb822056dede2afd2d34c;eoa;2016,204422;0;2016,204422;USDC
Arbitrum One;0xacb7432a4bb15402ce2afe0a7c9d5b738604f6f9;0x2ba39e5388ac6c702cb29aea78d52aa66832f1ee;0xa2cd4d72ae79927c92de9d92b02052a3fdf4b781;eoa;50918,809221;0;50918,809221;USDC
Arbitrum One;0xacb7432a4bb15402ce2afe0a7c9d5b738604f6f9;0x2ba39e5388ac6c702cb29aea78d52aa66832f1ee;0xa2d179f9156f30ab77bee6c155c45a6e0789b6c5;eoa;25,885921;0;25,885921;USDC
Arbitrum One;0xacb7432a4bb15402ce2afe0a7c9d5b738604f6f9;0x2ba39e5388ac6c702cb29aea78d52aa66832f1ee;0xa3293eb177c41141e22b01081a0e58c8151e9229;eoa;11622,248863;0;11622,248863;USDC
Arbitrum One;0xacb7432a4bb15402ce2afe0a7c9d5b738604f6f9;0x2ba39e5388ac6c702cb29aea78d52aa66832f1ee;0xa612421f162c3ed3765f3090e9400880dd6f670e;eoa;105,111744;0;105,111744;USDC
Arbitrum One;0xacb7432a4bb15402ce2afe0a7c9d5b738604f6f9;0x2ba39e5388ac6c702cb29aea78d52aa66832f1ee;0xa6ffb253e5d895071ee0947b4f39d604c93e704c;eoa;109,000269;0;109,000269;USDC
Arbitrum One;0xacb7432a4bb15402ce2afe0a7c9d5b738604f6f9;0x2ba39e5388ac6c702cb29aea78d52aa66832f1ee;0xa7ad03f876cd617a67e50adefbefb08c254dd15a;eoa;0,000001;0;0,000001;USDC
Arbitrum One;0xacb7432a4bb15402ce2afe0a7c9d5b738604f6f9;0x2ba39e5388ac6c702cb29aea78d52aa66832f1ee;0xa888ee70b4077516dcb6ff4f6157fe37b6a3af40;eoa;2119,934182;0;2119,934182;USDC
Arbitrum One;0xacb7432a4bb15402ce2afe0a7c9d5b738604f6f9;0x2ba39e5388ac6c702cb29aea78d52aa66832f1ee;0xa9786da5d3abb6c404b79df28b7f402e58ef7c5b;eoa;55627,655533;0;55627,655533;USDC
Arbitrum One;0xacb7432a4bb15402ce2afe0a7c9d5b738604f6f9;0x2ba39e5388ac6c702cb29aea78d52aa66832f1ee;0xa9f965f97f1fa4ee91f2b2f929cddf2698e1ca43;eoa;1217,355763;0;1217,355763;USDC
Arbitrum One;0xacb7432a4bb15402ce2afe0a7c9d5b738604f6f9;0x2ba39e5388ac6c702cb29aea78d52aa66832f1ee;0xaa9543f2eff0e7a4b267f839612945841172b02f;eoa;18876,129752;0;18876,129752;USDC
Arbitrum One;0xacb7432a4bb15402ce2afe0a7c9d5b738604f6f9;0x2ba39e5388ac6c702cb29aea78d52aa66832f1ee;0xabcae081dc0d143aefe3fef2efb70dc756b64007;eoa;10124,087106;0;10124,087106;USDC
Arbitrum One;0xacb7432a4bb15402ce2afe0a7c9d5b738604f6f9;0x2ba39e5388ac6c702cb29aea78d52aa66832f1ee;0xac12cf77d0575b38a552ca7d88a0ba6b8198d9cc;Gnosis Safe;1651,631057;0;1651,631057;USDC
Arbitrum One;0xacb7432a4bb15402ce2afe0a7c9d5b738604f6f9;0x2ba39e5388ac6c702cb29aea78d52aa66832f1ee;0xada2bd6a38d5aa0008221fc8f28eab5ef36cf7e5;eoa;61378,49522;0;61378,49522;USDC
Arbitrum One;0xacb7432a4bb15402ce2afe0a7c9d5b738604f6f9;0x2ba39e5388ac6c702cb29aea78d52aa66832f1ee;0xae71dcbd45c93378eee9d73134f5c74fb742355a;contract_other;2268,019448;0;2268,019448;USDC
Arbitrum One;0xacb7432a4bb15402ce2afe0a7c9d5b738604f6f9;0x2ba39e5388ac6c702cb29aea78d52aa66832f1ee;0xaf1bff74708098db603e48aaebec1bbae03dcf11;contract_other;8245,811434;0;8245,811434;USDC
Arbitrum One;0xacb7432a4bb15402ce2afe0a7c9d5b738604f6f9;0x2ba39e5388ac6c702cb29aea78d52aa66832f1ee;0xaf95358502300f70c0e342f3a81521c8049e8b18;eoa;21600,717716;0;21600,717716;USDC
Arbitrum One;0xacb7432a4bb15402ce2afe0a7c9d5b738604f6f9;0x2ba39e5388ac6c702cb29aea78d52aa66832f1ee;0xb04828bbd4854ef9e0d23332352039aeb1d76b4c;eoa;84002,263585;0;84002,263585;USDC
Arbitrum One;0xacb7432a4bb15402ce2afe0a7c9d5b738604f6f9;0x2ba39e5388ac6c702cb29aea78d52aa66832f1ee;0xb05251a5a1b0fcfefe5f94530f4372cf45196361;eoa;510,404536;0;510,404536;USDC
Arbitrum One;0xacb7432a4bb15402ce2afe0a7c9d5b738604f6f9;0x2ba39e5388ac6c702cb29aea78d52aa66832f1ee;0xb0f197b8a58e8ff8730128d0bfdd7fa80f95c2eb;contract_other;102,229883;0;102,229883;USDC
Arbitrum One;0xacb7432a4bb15402ce2afe0a7c9d5b738604f6f9;0x2ba39e5388ac6c702cb29aea78d52aa66832f1ee;0xb13dfc88a37e32da6326d03ae528c203da941e37;eoa;2537,856356;0;2537,856356;USDC
Arbitrum One;0xacb7432a4bb15402ce2afe0a7c9d5b738604f6f9;0x2ba39e5388ac6c702cb29aea78d52aa66832f1ee;0xb2ace1d4800e2bda9efeb9d71c1e8c9e2ed56445;eoa;1009,47566;0;1009,47566;USDC
Arbitrum One;0xacb7432a4bb15402ce2afe0a7c9d5b738604f6f9;0x2ba39e5388ac6c702cb29aea78d52aa66832f1ee;0xb2d3d3b2907ae39694728490dd0362097931fbf5;eoa;1038,333647;0;1038,333647;USDC
Arbitrum One;0xacb7432a4bb15402ce2afe0a7c9d5b738604f6f9;0x2ba39e5388ac6c702cb29aea78d52aa66832f1ee;0xb3380c108fb6a494f0a60ea0b7aefaa0d3c703a9;eoa;3052,931972;0;3052,931972;USDC
Arbitrum One;0xacb7432a4bb15402ce2afe0a7c9d5b738604f6f9;0x2ba39e5388ac6c702cb29aea78d52aa66832f1ee;0xb3a58446e4455099d99ce1fd0ca7399d20277510;eoa;833,071087;0;833,071087;USDC
Arbitrum One;0xacb7432a4bb15402ce2afe0a7c9d5b738604f6f9;0x2ba39e5388ac6c702cb29aea78d52aa66832f1ee;0xb499ca173c4e271ae0be2668dee48f62777b737c;eoa;0,000005;0;0,000005;USDC
Arbitrum One;0xacb7432a4bb15402ce2afe0a7c9d5b738604f6f9;0x2ba39e5388ac6c702cb29aea78d52aa66832f1ee;0xb5b9454e2c1294593ecae1e3216b6f4c76ad4526;eoa;2468,432477;0;2468,432477;USDC
Arbitrum One;0xacb7432a4bb15402ce2afe0a7c9d5b738604f6f9;0x2ba39e5388ac6c702cb29aea78d52aa66832f1ee;0xb5d4ec26c775a2b60b71b3e06634ab7204ce5bc0;Gnosis Safe;12,280947;0;12,280947;USDC
Arbitrum One;0xacb7432a4bb15402ce2afe0a7c9d5b738604f6f9;0x2ba39e5388ac6c702cb29aea78d52aa66832f1ee;0xb7981dac7acafcb73b037cb80d845e232d750d29;eoa;1179,327246;0;1179,327246;USDC
Arbitrum One;0xacb7432a4bb15402ce2afe0a7c9d5b738604f6f9;0x2ba39e5388ac6c702cb29aea78d52aa66832f1ee;0xb7e730829019bc4b61acc3feb185fdb44079fc32;eoa;3098,040447;0;3098,040447;USDC
Arbitrum One;0xacb7432a4bb15402ce2afe0a7c9d5b738604f6f9;0x2ba39e5388ac6c702cb29aea78d52aa66832f1ee;0xb9088314df59465d610209121d34fd299df85e8a;eoa;2081,15072;0;2081,15072;USDC
Arbitrum One;0xacb7432a4bb15402ce2afe0a7c9d5b738604f6f9;0x2ba39e5388ac6c702cb29aea78d52aa66832f1ee;0xb9282a3cc68c8266888f0299963f407543395c89;eoa;1006,232015;0;0;USDC
Arbitrum One;0xacb7432a4bb15402ce2afe0a7c9d5b738604f6f9;0x2ba39e5388ac6c702cb29aea78d52aa66832f1ee;0xb9d193d8011e58d643ab4a36d3a1fb14ef9871d5;contract_other;10,120908;0;10,120908;USDC
Arbitrum One;0xacb7432a4bb15402ce2afe0a7c9d5b738604f6f9;0x2ba39e5388ac6c702cb29aea78d52aa66832f1ee;0xba1333333333a1ba1108e8412f11850a5c319ba9;contract_other;53,285266;0;1,563101;USDC
Arbitrum One;0xacb7432a4bb15402ce2afe0a7c9d5b738604f6f9;0x2ba39e5388ac6c702cb29aea78d52aa66832f1ee;0xbac181ae7146a29e6c14e506dd613f74a0157467;eoa;1514,589783;0;1514,589783;USDC
Arbitrum One;0xacb7432a4bb15402ce2afe0a7c9d5b738604f6f9;0x2ba39e5388ac6c702cb29aea78d52aa66832f1ee;0xbbd58b158dbde6fb1f32a32437e6a30abce72dc8;eoa;305,815562;0;305,815562;USDC
Arbitrum One;0xacb7432a4bb15402ce2afe0a7c9d5b738604f6f9;0x2ba39e5388ac6c702cb29aea78d52aa66832f1ee;0xbcd9ffed6db9e318d04e7a1cd2c199c3627394c3;eoa;3040,160131;0;3040,160131;USDC
Arbitrum One;0xacb7432a4bb15402ce2afe0a7c9d5b738604f6f9;0x2ba39e5388ac6c702cb29aea78d52aa66832f1ee;0xbd100eaa235309de377749314d05101ed125003e;eoa;1052,268268;0;138233,782359;USDC
Arbitrum One;0xacb7432a4bb15402ce2afe0a7c9d5b738604f6f9;0x2ba39e5388ac6c702cb29aea78d52aa66832f1ee;0xbd631998427fc798082f1a25aa23bb2d53c4566a;contract_other;168,894621;0;168,894621;USDC
Arbitrum One;0xacb7432a4bb15402ce2afe0a7c9d5b738604f6f9;0x2ba39e5388ac6c702cb29aea78d52aa66832f1ee;0xbe6c5eccd00e6838635a751452605e8bfc63172f;eoa;165,973002;0;165,973002;USDC
Arbitrum One;0xacb7432a4bb15402ce2afe0a7c9d5b738604f6f9;0x2ba39e5388ac6c702cb29aea78d52aa66832f1ee;0xbe838a012d83d595995d19753dc56db266512548;contract_other;352,855541;0;268,027341;USDC
Arbitrum One;0xacb7432a4bb15402ce2afe0a7c9d5b738604f6f9;0x2ba39e5388ac6c702cb29aea78d52aa66832f1ee;0xbff898854c3016833f7cbd10d3c8d72f8e4ab9c4;eoa;1515,033192;0;1515,033192;USDC
Arbitrum One;0xacb7432a4bb15402ce2afe0a7c9d5b738604f6f9;0x2ba39e5388ac6c702cb29aea78d52aa66832f1ee;0xc1c16daa953a36bece0d3b908110dbfdbcdf7a6b;eoa;1022,503772;0;1022,503772;USDC
Arbitrum One;0xacb7432a4bb15402ce2afe0a7c9d5b738604f6f9;0x2ba39e5388ac6c702cb29aea78d52aa66832f1ee;0xc1f260e33948a6bd0deb1c64f6f61655f59132b2;eoa;9077,491719;0;9077,491719;USDC
Arbitrum One;0xacb7432a4bb15402ce2afe0a7c9d5b738604f6f9;0x2ba39e5388ac6c702cb29aea78d52aa66832f1ee;0xc25c8424447685800fe83d366cf9cb980dacb852;eoa;2209,312296;0;2209,312296;USDC
Arbitrum One;0xacb7432a4bb15402ce2afe0a7c9d5b738604f6f9;0x2ba39e5388ac6c702cb29aea78d52aa66832f1ee;0xc289afdf001a12137f55b466d19db5717cbb18c9;eoa;12102,530166;0;12102,530166;USDC
Arbitrum One;0xacb7432a4bb15402ce2afe0a7c9d5b738604f6f9;0x2ba39e5388ac6c702cb29aea78d52aa66832f1ee;0xc34712dcdd03441728619d63341d139f3f2b4ae8;eoa;1435,780778;0;1435,780778;USDC
Arbitrum One;0xacb7432a4bb15402ce2afe0a7c9d5b738604f6f9;0x2ba39e5388ac6c702cb29aea78d52aa66832f1ee;0xc532614f5416f413035491104669344851f29d06;eoa;2093,742922;0;2093,742922;USDC
Arbitrum One;0xacb7432a4bb15402ce2afe0a7c9d5b738604f6f9;0x2ba39e5388ac6c702cb29aea78d52aa66832f1ee;0xc559938002c0c10c1f83d2e44f280d45faca12e9;eoa;1057,925515;0;1057,925515;USDC
Arbitrum One;0xacb7432a4bb15402ce2afe0a7c9d5b738604f6f9;0x2ba39e5388ac6c702cb29aea78d52aa66832f1ee;0xc5a09188be1742a564a7fa369e8a9591aac26238;eoa;504,905327;0;504,905327;USDC
Arbitrum One;0xacb7432a4bb15402ce2afe0a7c9d5b738604f6f9;0x2ba39e5388ac6c702cb29aea78d52aa66832f1ee;0xc657b6b61edd5e4a528936e573b7b01e07e967a7;eoa;10,744103;0;10,744103;USDC
Arbitrum One;0xacb7432a4bb15402ce2afe0a7c9d5b738604f6f9;0x2ba39e5388ac6c702cb29aea78d52aa66832f1ee;0xc82de8c7dbb524a7d454944ffd7e32820bedc512;eoa;42,070536;0;42,070536;USDC
Arbitrum One;0xacb7432a4bb15402ce2afe0a7c9d5b738604f6f9;0x2ba39e5388ac6c702cb29aea78d52aa66832f1ee;0xc84fa58fc2932551b72327dbdb193d3acf6d181f;eoa;2712,349035;0;2712,349035;USDC
Arbitrum One;0xacb7432a4bb15402ce2afe0a7c9d5b738604f6f9;0x2ba39e5388ac6c702cb29aea78d52aa66832f1ee;0xc882a446291394637bdacb0b3128e75609532ea5;eoa;575,442283;0;575,442283;USDC
Arbitrum One;0xacb7432a4bb15402ce2afe0a7c9d5b738604f6f9;0x2ba39e5388ac6c702cb29aea78d52aa66832f1ee;0xc8b2109e0b1fe8f4705f03ff1244bce040ec2093;eoa;5960,654899;0;5960,654899;USDC
Arbitrum One;0xacb7432a4bb15402ce2afe0a7c9d5b738604f6f9;0x2ba39e5388ac6c702cb29aea78d52aa66832f1ee;0xc8c7965eb4b861fd143c2eaa7630f93b83f4dd64;eoa;1012,825302;0;1012,825302;USDC
Arbitrum One;0xacb7432a4bb15402ce2afe0a7c9d5b738604f6f9;0x2ba39e5388ac6c702cb29aea78d52aa66832f1ee;0xc8fffba6d5ababb428e5c812c9c72ee7dd881bf8;contract_other;513,145117;0;513,145117;USDC
Arbitrum One;0xacb7432a4bb15402ce2afe0a7c9d5b738604f6f9;0x2ba39e5388ac6c702cb29aea78d52aa66832f1ee;0xc94bb4d1a66457f70d1d86f8a7248f6c80c70ca3;eoa;5,107487;0;5,107487;USDC
Arbitrum One;0xacb7432a4bb15402ce2afe0a7c9d5b738604f6f9;0x2ba39e5388ac6c702cb29aea78d52aa66832f1ee;0xc9e852b3aac261edf7c806ff78be2b8ab9abeeeb;eoa;0,000829;0;0,000829;USDC
Arbitrum One;0xacb7432a4bb15402ce2afe0a7c9d5b738604f6f9;0x2ba39e5388ac6c702cb29aea78d52aa66832f1ee;0xcad30f661ed3bf0dda1c9e3f63b0819fc7a9702e;eoa;1015,124211;0;0;USDC
Arbitrum One;0xacb7432a4bb15402ce2afe0a7c9d5b738604f6f9;0x2ba39e5388ac6c702cb29aea78d52aa66832f1ee;0xcb9bec10e243456de53996a9ed19f127ea1c180d;eoa;2064,616064;0;0;USDC
Arbitrum One;0xacb7432a4bb15402ce2afe0a7c9d5b738604f6f9;0x2ba39e5388ac6c702cb29aea78d52aa66832f1ee;0xcbdd0a7754c09a3b3431d8185e2be829fd3f22e9;contract_other;1,027434;0;1,027434;USDC
Arbitrum One;0xacb7432a4bb15402ce2afe0a7c9d5b738604f6f9;0x2ba39e5388ac6c702cb29aea78d52aa66832f1ee;0xcc327ac1aec14f140ed5177ce83c50875aa478af;eoa;252941,074694;0;252941,074694;USDC
Arbitrum One;0xacb7432a4bb15402ce2afe0a7c9d5b738604f6f9;0x2ba39e5388ac6c702cb29aea78d52aa66832f1ee;0xcc93e84dd979c634586cef8388be16627bd933d2;contract_other;5021,610288;0;5021,610288;USDC
Arbitrum One;0xacb7432a4bb15402ce2afe0a7c9d5b738604f6f9;0x2ba39e5388ac6c702cb29aea78d52aa66832f1ee;0xcca241aa38ad3e4a252a42690c5642c9f981e33d;eoa;759,866278;0;759,866278;USDC
Arbitrum One;0xacb7432a4bb15402ce2afe0a7c9d5b738604f6f9;0x2ba39e5388ac6c702cb29aea78d52aa66832f1ee;0xcd6b980029e6e6e0733ac8ec3e02be9410d09799;eoa;0;0;0;USDC
Arbitrum One;0xacb7432a4bb15402ce2afe0a7c9d5b738604f6f9;0x2ba39e5388ac6c702cb29aea78d52aa66832f1ee;0xce2bb3923d2d2aace2cb88027e402359ed247239;eoa;50,412472;0;50,412472;USDC
Arbitrum One;0xacb7432a4bb15402ce2afe0a7c9d5b738604f6f9;0x2ba39e5388ac6c702cb29aea78d52aa66832f1ee;0xce9d63416433bca563627c301f18524b2c81ee81;eoa;10,066714;0;0;USDC
Arbitrum One;0xacb7432a4bb15402ce2afe0a7c9d5b738604f6f9;0x2ba39e5388ac6c702cb29aea78d52aa66832f1ee;0xd0ac404410ae9646656015d4b6346705a13f12f8;eoa;6070,596498;0;6070,596498;USDC
Arbitrum One;0xacb7432a4bb15402ce2afe0a7c9d5b738604f6f9;0x2ba39e5388ac6c702cb29aea78d52aa66832f1ee;0xd0c7a59e3ce5a289b553ebf7659f5c3316ecfbb9;eoa;12,260232;0;12,260232;USDC
Arbitrum One;0xacb7432a4bb15402ce2afe0a7c9d5b738604f6f9;0x2ba39e5388ac6c702cb29aea78d52aa66832f1ee;0xd0d45da06ddb4df96f76216e918deb05c50c9b89;eoa;510,777124;0;510,777124;USDC
Arbitrum One;0xacb7432a4bb15402ce2afe0a7c9d5b738604f6f9;0x2ba39e5388ac6c702cb29aea78d52aa66832f1ee;0xd1da9924c8ea15a8e35951b4702aa4937a9dd70a;contract_other;304,849456;0;304,849456;USDC
Arbitrum One;0xacb7432a4bb15402ce2afe0a7c9d5b738604f6f9;0x2ba39e5388ac6c702cb29aea78d52aa66832f1ee;0xd3094ffbc701f3e5be2bbf860a4fbb1c65972406;eoa;505,484771;0;505,484771;USDC
Arbitrum One;0xacb7432a4bb15402ce2afe0a7c9d5b738604f6f9;0x2ba39e5388ac6c702cb29aea78d52aa66832f1ee;0xd39b2a01d4dca42f32ff52244a1b28811e40045f;eoa;0,020593;0;0,020593;USDC
Arbitrum One;0xacb7432a4bb15402ce2afe0a7c9d5b738604f6f9;0x2ba39e5388ac6c702cb29aea78d52aa66832f1ee;0xd49e6dd2949ad41900ca6779d1d23d7754935af5;contract_other;8758845,424937;0;8074225,260646;USDC
Arbitrum One;0xacb7432a4bb15402ce2afe0a7c9d5b738604f6f9;0x2ba39e5388ac6c702cb29aea78d52aa66832f1ee;0xd4da14dabe00acfe3e22b0e93a76f97e7f0aac77;eoa;50445,073213;0;50445,073213;USDC
Arbitrum One;0xacb7432a4bb15402ce2afe0a7c9d5b738604f6f9;0x2ba39e5388ac6c702cb29aea78d52aa66832f1ee;0xd4f45c40017266cd1d3c89b822669e8d6db131cd;eoa;23092,624723;0;23092,624723;USDC
Arbitrum One;0xacb7432a4bb15402ce2afe0a7c9d5b738604f6f9;0x2ba39e5388ac6c702cb29aea78d52aa66832f1ee;0xd5ba1dea6ef446d2d590517eba5809b27e6863e9;contract_other;9,990298;0;9,990298;USDC
Arbitrum One;0xacb7432a4bb15402ce2afe0a7c9d5b738604f6f9;0x2ba39e5388ac6c702cb29aea78d52aa66832f1ee;0xd711bd8c2bf029c0bb55d29c7bf9020704c98143;eoa;226,813777;0;226,813777;USDC
Arbitrum One;0xacb7432a4bb15402ce2afe0a7c9d5b738604f6f9;0x2ba39e5388ac6c702cb29aea78d52aa66832f1ee;0xd76c7cb048ed70f809d15f5d4c59a00c50e4c155;eoa;3039,726782;0;3039,726782;USDC
Arbitrum One;0xacb7432a4bb15402ce2afe0a7c9d5b738604f6f9;0x2ba39e5388ac6c702cb29aea78d52aa66832f1ee;0xd7d13d2f2cf64ca1a5129a8088786b8471a00e2c;eoa;1008,184526;0;1008,184526;USDC
Arbitrum One;0xacb7432a4bb15402ce2afe0a7c9d5b738604f6f9;0x2ba39e5388ac6c702cb29aea78d52aa66832f1ee;0xd811c87e99829cb9c10cfe576904b7c41b0b1442;eoa;10,111737;0;10,111737;USDC
Arbitrum One;0xacb7432a4bb15402ce2afe0a7c9d5b738604f6f9;0x2ba39e5388ac6c702cb29aea78d52aa66832f1ee;0xd8454b3787c6aab1cf2846af7882f8c440c3903d;Gnosis Safe;6219,005029;0;6219,005029;USDC
Arbitrum One;0xacb7432a4bb15402ce2afe0a7c9d5b738604f6f9;0x2ba39e5388ac6c702cb29aea78d52aa66832f1ee;0xd8c3519260183350d46a175ad3e69b7c8e71e764;eoa;317,57866;0;317,57866;USDC
Arbitrum One;0xacb7432a4bb15402ce2afe0a7c9d5b738604f6f9;0x2ba39e5388ac6c702cb29aea78d52aa66832f1ee;0xd9a0a16e5a634bf5a02962b667f17c65bae14086;eoa;1,116046;0;1,116046;USDC
Arbitrum One;0xacb7432a4bb15402ce2afe0a7c9d5b738604f6f9;0x2ba39e5388ac6c702cb29aea78d52aa66832f1ee;0xd9b49a81ee72af3c026a2c144c9ffd678a78c8b1;eoa;19321,774854;0;19321,774854;USDC
Arbitrum One;0xacb7432a4bb15402ce2afe0a7c9d5b738604f6f9;0x2ba39e5388ac6c702cb29aea78d52aa66832f1ee;0xda5d334370f7319614e0d2f47f7e51af87f30c51;eoa;344,014884;0;344,014884;USDC
Arbitrum One;0xacb7432a4bb15402ce2afe0a7c9d5b738604f6f9;0x2ba39e5388ac6c702cb29aea78d52aa66832f1ee;0xdaa6cbef692cd5c3670a2ddac49c0ca291e2b429;eoa;37700,564756;0;37700,564756;USDC
Arbitrum One;0xacb7432a4bb15402ce2afe0a7c9d5b738604f6f9;0x2ba39e5388ac6c702cb29aea78d52aa66832f1ee;0xdab9bfd40cb950d83ac1f3f0e30cf84abafe494a;eoa;2040,873891;0;2040,873891;USDC
Arbitrum One;0xacb7432a4bb15402ce2afe0a7c9d5b738604f6f9;0x2ba39e5388ac6c702cb29aea78d52aa66832f1ee;0xdb77aa456bafd391756d76aebf0ea0b8d6004e10;Gnosis Safe;2,039648;0;2,039648;USDC
Arbitrum One;0xacb7432a4bb15402ce2afe0a7c9d5b738604f6f9;0x2ba39e5388ac6c702cb29aea78d52aa66832f1ee;0xdb80f78c9981f55f19b9cccdddb22a424707c3e2;eoa;323,042054;0;323,042054;USDC
Arbitrum One;0xacb7432a4bb15402ce2afe0a7c9d5b738604f6f9;0x2ba39e5388ac6c702cb29aea78d52aa66832f1ee;0xdce67b2103cf130fb9bf8ae57cbf6f1af883bbcd;eoa;20275,134379;0;20275,134379;USDC
Arbitrum One;0xacb7432a4bb15402ce2afe0a7c9d5b738604f6f9;0x2ba39e5388ac6c702cb29aea78d52aa66832f1ee;0xdd029132b83d56b2ef11be69e0cec5905cc3c16b;eoa;202,219604;0;311,504173;USDC
Arbitrum One;0xacb7432a4bb15402ce2afe0a7c9d5b738604f6f9;0x2ba39e5388ac6c702cb29aea78d52aa66832f1ee;0xdd5747e4e8e5cc6819c1235c0f65c7fab56feaba;eoa;10075,456879;0;10075,456879;USDC
Arbitrum One;0xacb7432a4bb15402ce2afe0a7c9d5b738604f6f9;0x2ba39e5388ac6c702cb29aea78d52aa66832f1ee;0xdd60b7faae492bc88502d9c07ff00a39c7f6f1e5;eoa;443,945366;0;443,945366;USDC
Arbitrum One;0xacb7432a4bb15402ce2afe0a7c9d5b738604f6f9;0x2ba39e5388ac6c702cb29aea78d52aa66832f1ee;0xdd62272e4a6d969f53e38141112d112565449968;eoa;2,101071;0;2,101071;USDC
Arbitrum One;0xacb7432a4bb15402ce2afe0a7c9d5b738604f6f9;0x2ba39e5388ac6c702cb29aea78d52aa66832f1ee;0xde4fe5cf355fd74c2d6fa6eed585ae97e669b7ef;eoa;18400,382157;0;18400,382157;USDC
Arbitrum One;0xacb7432a4bb15402ce2afe0a7c9d5b738604f6f9;0x2ba39e5388ac6c702cb29aea78d52aa66832f1ee;0xde6d22b7b9ff1b05ad580e073bfc6fcc00ceb561;eoa;2185,367791;0;2185,367791;USDC
Arbitrum One;0xacb7432a4bb15402ce2afe0a7c9d5b738604f6f9;0x2ba39e5388ac6c702cb29aea78d52aa66832f1ee;0xde7aa3b684d38ae0f7253cf1fb757f6029968478;eoa;5235,643079;0;5235,643079;USDC
Arbitrum One;0xacb7432a4bb15402ce2afe0a7c9d5b738604f6f9;0x2ba39e5388ac6c702cb29aea78d52aa66832f1ee;0xdedcf5806c4968c6397eee97e68047bda339d0c1;eoa;5,241983;0;5,241983;USDC
Arbitrum One;0xacb7432a4bb15402ce2afe0a7c9d5b738604f6f9;0x2ba39e5388ac6c702cb29aea78d52aa66832f1ee;0xdf16b92dedf10aa5d961c52e4b06766ba1649786;eoa;5,015026;0;5,015026;USDC
Arbitrum One;0xacb7432a4bb15402ce2afe0a7c9d5b738604f6f9;0x2ba39e5388ac6c702cb29aea78d52aa66832f1ee;0xdfc30c075019bb671d60d84242d814f3cdf8d76e;eoa;8025,981921;0;8025,981921;USDC
Arbitrum One;0xacb7432a4bb15402ce2afe0a7c9d5b738604f6f9;0x2ba39e5388ac6c702cb29aea78d52aa66832f1ee;0xe0ee80f8546ce8ab232f000afcc61e4ebeb4d14e;eoa;9779,222331;0;9779,222331;USDC
Arbitrum One;0xacb7432a4bb15402ce2afe0a7c9d5b738604f6f9;0x2ba39e5388ac6c702cb29aea78d52aa66832f1ee;0xe206df6d15943b758bd27e241386e3c754a223ac;eoa;2160,555565;0;0;USDC
Arbitrum One;0xacb7432a4bb15402ce2afe0a7c9d5b738604f6f9;0x2ba39e5388ac6c702cb29aea78d52aa66832f1ee;0xe303ea03c40723da041ce32be27bd7b1dba08332;eoa;140,406131;0;140,406131;USDC
Arbitrum One;0xacb7432a4bb15402ce2afe0a7c9d5b738604f6f9;0x2ba39e5388ac6c702cb29aea78d52aa66832f1ee;0xe33a480412c86500939014c00f7add7522675dec;eoa;55429,723936;0;55429,723936;USDC
Arbitrum One;0xacb7432a4bb15402ce2afe0a7c9d5b738604f6f9;0x2ba39e5388ac6c702cb29aea78d52aa66832f1ee;0xe44ba030362ff2513b53a7085e92d64266813f36;contract_other;4964,543382;0;4964,543382;USDC
Arbitrum One;0xacb7432a4bb15402ce2afe0a7c9d5b738604f6f9;0x2ba39e5388ac6c702cb29aea78d52aa66832f1ee;0xe51540f72f9bcd25559d7438fd91296f560d8ec4;contract_other;101,350928;0;101,350928;USDC
Arbitrum One;0xacb7432a4bb15402ce2afe0a7c9d5b738604f6f9;0x2ba39e5388ac6c702cb29aea78d52aa66832f1ee;0xe5bc22933e0b9fb4f234ee8f54661a1ffb3f8af0;eoa;13580,189454;0;13580,189454;USDC
Arbitrum One;0xacb7432a4bb15402ce2afe0a7c9d5b738604f6f9;0x2ba39e5388ac6c702cb29aea78d52aa66832f1ee;0xe5d671d71005126241c1fb69a395301dd330d241;eoa;15596,33394;0;15596,33394;USDC
Arbitrum One;0xacb7432a4bb15402ce2afe0a7c9d5b738604f6f9;0x2ba39e5388ac6c702cb29aea78d52aa66832f1ee;0xe651794ad2f311dd14024e5d63bbbbd7975442a4;eoa;1529,431493;0;0;USDC
Arbitrum One;0xacb7432a4bb15402ce2afe0a7c9d5b738604f6f9;0x2ba39e5388ac6c702cb29aea78d52aa66832f1ee;0xe66498c07a5247a2bebebc93880dffe89c19cb20;eoa;20948,689268;0;20948,689268;USDC
Arbitrum One;0xacb7432a4bb15402ce2afe0a7c9d5b738604f6f9;0x2ba39e5388ac6c702cb29aea78d52aa66832f1ee;0xe6f82898c1158c99b6e3fe99a30d734cac8e8809;eoa;2033,115738;0;0;USDC
Arbitrum One;0xacb7432a4bb15402ce2afe0a7c9d5b738604f6f9;0x2ba39e5388ac6c702cb29aea78d52aa66832f1ee;0xe7389a535b8aa3acb2d6a04d83ade1dcd34bc250;eoa;512,26169;0;512,26169;USDC
Arbitrum One;0xacb7432a4bb15402ce2afe0a7c9d5b738604f6f9;0x2ba39e5388ac6c702cb29aea78d52aa66832f1ee;0xe774d563d7fcde91cb7731750508bb864178c4fc;contract_other;35305,157127;0;35305,157127;USDC
Arbitrum One;0xacb7432a4bb15402ce2afe0a7c9d5b738604f6f9;0x2ba39e5388ac6c702cb29aea78d52aa66832f1ee;0xe7a4b6df0a8e18ddef31b4e367c0bca4ac0f6778;eoa;149025,40282;0;149025,40282;USDC
Arbitrum One;0xacb7432a4bb15402ce2afe0a7c9d5b738604f6f9;0x2ba39e5388ac6c702cb29aea78d52aa66832f1ee;0xe7c5af99c22462748b9b2052b9d4dd26a108b7b0;eoa;6,352533;0;6,352533;USDC
Arbitrum One;0xacb7432a4bb15402ce2afe0a7c9d5b738604f6f9;0x2ba39e5388ac6c702cb29aea78d52aa66832f1ee;0xe7cc592ba5d0093798645dd49fa8a1ac78e6e833;eoa;59,280716;0;59,280716;USDC
Arbitrum One;0xacb7432a4bb15402ce2afe0a7c9d5b738604f6f9;0x2ba39e5388ac6c702cb29aea78d52aa66832f1ee;0xe7d3cde588ebbd923598daf98adb3076436defc3;contract_other;3038,821739;0;3038,821739;USDC
Arbitrum One;0xacb7432a4bb15402ce2afe0a7c9d5b738604f6f9;0x2ba39e5388ac6c702cb29aea78d52aa66832f1ee;0xe88a4b3c49d4bf48d938cee1400e6806b2550386;eoa;3085,192054;0;3085,192054;USDC
Arbitrum One;0xacb7432a4bb15402ce2afe0a7c9d5b738604f6f9;0x2ba39e5388ac6c702cb29aea78d52aa66832f1ee;0xe9971be4f5d9bc3f0ee7b2e406022433505abd72;contract_other;20,256639;0;20,256639;USDC
Arbitrum One;0xacb7432a4bb15402ce2afe0a7c9d5b738604f6f9;0x2ba39e5388ac6c702cb29aea78d52aa66832f1ee;0xea5a0514cc0b7ad227ac77bd86a68774696b5ca8;eoa;101198,373351;0;0;USDC
Arbitrum One;0xacb7432a4bb15402ce2afe0a7c9d5b738604f6f9;0x2ba39e5388ac6c702cb29aea78d52aa66832f1ee;0xeb469fecf7678837f09c2e83c9c31c8601c26b5e;eoa;1012,448571;0;1012,448571;USDC
Arbitrum One;0xacb7432a4bb15402ce2afe0a7c9d5b738604f6f9;0x2ba39e5388ac6c702cb29aea78d52aa66832f1ee;0xebb460c815a621f3f89858a28729471e4bd6987b;eoa;306,491191;0;306,491191;USDC
Arbitrum One;0xacb7432a4bb15402ce2afe0a7c9d5b738604f6f9;0x2ba39e5388ac6c702cb29aea78d52aa66832f1ee;0xecc65c3341c66520097bd29be2afd891f4907bfc;contract_other;25,825989;0;25,825989;USDC
Arbitrum One;0xacb7432a4bb15402ce2afe0a7c9d5b738604f6f9;0x2ba39e5388ac6c702cb29aea78d52aa66832f1ee;0xeda49bce2f38d284f839be1f4f2e23e6c7cc7dbd;eoa;0,03955;0;0,03955;USDC
Arbitrum One;0xacb7432a4bb15402ce2afe0a7c9d5b738604f6f9;0x2ba39e5388ac6c702cb29aea78d52aa66832f1ee;0xee2847c1513aadd9b331df52d7eaf5e1c3a04655;eoa;2,013036;0;2,013036;USDC
Arbitrum One;0xacb7432a4bb15402ce2afe0a7c9d5b738604f6f9;0x2ba39e5388ac6c702cb29aea78d52aa66832f1ee;0xeff282ed1e9bd500825612a4d51e89ef9c57128f;eoa;167,789837;0;167,789837;USDC
Arbitrum One;0xacb7432a4bb15402ce2afe0a7c9d5b738604f6f9;0x2ba39e5388ac6c702cb29aea78d52aa66832f1ee;0xf039471b8dc7064d9c36ff8f52a623db7fd9da7c;contract_other;3742,614447;0;3742,614447;USDC
Arbitrum One;0xacb7432a4bb15402ce2afe0a7c9d5b738604f6f9;0x2ba39e5388ac6c702cb29aea78d52aa66832f1ee;0xf03e93866338cc8fc1efafe5ed1bb2b2d01f732c;eoa;69894,204224;0;69894,204224;USDC
Arbitrum One;0xacb7432a4bb15402ce2afe0a7c9d5b738604f6f9;0x2ba39e5388ac6c702cb29aea78d52aa66832f1ee;0xf0a391658f07e65779c7370a592675106c931277;contract_other;20,280739;0;25,764106;USDC
Arbitrum One;0xacb7432a4bb15402ce2afe0a7c9d5b738604f6f9;0x2ba39e5388ac6c702cb29aea78d52aa66832f1ee;0xf1e7d46d7b63c862e1b98d86a3d93b41010fe727;Gnosis Safe;39052,606845;0;38681,093493;USDC
Arbitrum One;0xacb7432a4bb15402ce2afe0a7c9d5b738604f6f9;0x2ba39e5388ac6c702cb29aea78d52aa66832f1ee;0xf22b4f001c0a47d4a42a3d8b5424803361fcd4fa;eoa;24,172471;0;24,417334;USDC
Arbitrum One;0xacb7432a4bb15402ce2afe0a7c9d5b738604f6f9;0x2ba39e5388ac6c702cb29aea78d52aa66832f1ee;0xf231560a345d441cd80e1129a77f0b5a98b24aac;eoa;5039,195778;0;5039,195778;USDC
Arbitrum One;0xacb7432a4bb15402ce2afe0a7c9d5b738604f6f9;0x2ba39e5388ac6c702cb29aea78d52aa66832f1ee;0xf37dd233eee607f4e062f7c08843ee483ab7d660;eoa;3020,037734;0;3020,037734;USDC
Arbitrum One;0xacb7432a4bb15402ce2afe0a7c9d5b738604f6f9;0x2ba39e5388ac6c702cb29aea78d52aa66832f1ee;0xf3cb86661fb008ed0cd700588602a12f01cb7033;eoa;2025,89046;0;2025,89046;USDC
Arbitrum One;0xacb7432a4bb15402ce2afe0a7c9d5b738604f6f9;0x2ba39e5388ac6c702cb29aea78d52aa66832f1ee;0xf51e815a8d7f93d5b3420279993f53538fdcebc2;eoa;2,430139;0;2,430139;USDC
Arbitrum One;0xacb7432a4bb15402ce2afe0a7c9d5b738604f6f9;0x2ba39e5388ac6c702cb29aea78d52aa66832f1ee;0xf58738234646a4b725b6edd57e8fa8a5c7cb315b;eoa;825,802795;0;825,802795;USDC
Arbitrum One;0xacb7432a4bb15402ce2afe0a7c9d5b738604f6f9;0x2ba39e5388ac6c702cb29aea78d52aa66832f1ee;0xf5a4f19e0009d20b9a34b5a8315790398b08fcee;eoa;2221,114167;0;2221,114167;USDC
Arbitrum One;0xacb7432a4bb15402ce2afe0a7c9d5b738604f6f9;0x2ba39e5388ac6c702cb29aea78d52aa66832f1ee;0xf7a5c6b0428fca63f2de15c9765febe7e496e673;eoa;10,486521;0;10,486521;USDC
Arbitrum One;0xacb7432a4bb15402ce2afe0a7c9d5b738604f6f9;0x2ba39e5388ac6c702cb29aea78d52aa66832f1ee;0xf8c463e222ed653b6ca8e93d4545e7051aae33a4;eoa;245,644064;0;245,644064;USDC
Arbitrum One;0xacb7432a4bb15402ce2afe0a7c9d5b738604f6f9;0x2ba39e5388ac6c702cb29aea78d52aa66832f1ee;0xf93191d350117723dbeda5484a3b0996d285cecf;contract_other;0,000194;0;0,296527;USDC
Arbitrum One;0xacb7432a4bb15402ce2afe0a7c9d5b738604f6f9;0x2ba39e5388ac6c702cb29aea78d52aa66832f1ee;0xf9ba2ed3fe271f225ae5b91b65ae089350a35462;contract_other;4377,164033;0;4377,164033;USDC
Arbitrum One;0xacb7432a4bb15402ce2afe0a7c9d5b738604f6f9;0x2ba39e5388ac6c702cb29aea78d52aa66832f1ee;0xfb9f04c4aff3e6d035ecc212a6ddcac4f2c5a6d3;contract_other;1007,142259;0;0;USDC
Arbitrum One;0xacb7432a4bb15402ce2afe0a7c9d5b738604f6f9;0x2ba39e5388ac6c702cb29aea78d52aa66832f1ee;0xfd6443a422804e298ce12bd8a93f34ba23c4d604;eoa;472,103166;0;472,103166;USDC
Arbitrum One;0xacb7432a4bb15402ce2afe0a7c9d5b738604f6f9;0x2ba39e5388ac6c702cb29aea78d52aa66832f1ee;0xfdd18c06632fcd8d7180ab284cf47f31ce8f4251;contract_other;1314,112099;0;1314,112099;USDC
Arbitrum One;0xacb7432a4bb15402ce2afe0a7c9d5b738604f6f9;0x2ba39e5388ac6c702cb29aea78d52aa66832f1ee;0xff56efc559be6f9be512094c3072cc4e34b5bee3;Gnosis Safe;101,910415;0;101,910415;USDC
Arbitrum One;0xacb7432a4bb15402ce2afe0a7c9d5b738604f6f9;0x2ba39e5388ac6c702cb29aea78d52aa66832f1ee;0xff5df32fc2ad0421662109f6998fdf7db30944a7;eoa;28543,758789;0;28543,758789;USDC
Arbitrum One;0xacb7432a4bb15402ce2afe0a7c9d5b738604f6f9;0x2ba39e5388ac6c702cb29aea78d52aa66832f1ee;0xc30673f758e02069e28181edfd9d424c57f562af;eoa;0;0;0,223372;USDC
Arbitrum One;0xacb7432a4bb15402ce2afe0a7c9d5b738604f6f9;0x2ba39e5388ac6c702cb29aea78d52aa66832f1ee;0x965fc41a953b538a7fd6f9e0b779ec6056842c9a;eoa;0;0;1966,172985;USDC
Arbitrum One;0xacb7432a4bb15402ce2afe0a7c9d5b738604f6f9;0x2ba39e5388ac6c702cb29aea78d52aa66832f1ee;0x125dae47930c1118cf2db5a140877c64b408783c;contract_other;0;0;0,283088;USDC
Arbitrum One;0xacb7432a4bb15402ce2afe0a7c9d5b738604f6f9;0x2ba39e5388ac6c702cb29aea78d52aa66832f1ee;0x6b2c040d0b53866fee0ac0db71d73c44c44af54c;eoa;0;0;1006,232015;USDC
Arbitrum One;0xacb7432a4bb15402ce2afe0a7c9d5b738604f6f9;0x2ba39e5388ac6c702cb29aea78d52aa66832f1ee;0xf066789028fe31d4f53b69b81b328b8218cc0641;Gnosis Safe;0;0;0,00007;USDC
Arbitrum One;0xacb7432a4bb15402ce2afe0a7c9d5b738604f6f9;0x2ba39e5388ac6c702cb29aea78d52aa66832f1ee;0x00004808a6df8de77c891dc13826ff33cb17e24d;eoa;0;0;60625,271603;USDC
Arbitrum One;0xacb7432a4bb15402ce2afe0a7c9d5b738604f6f9;0x2ba39e5388ac6c702cb29aea78d52aa66832f1ee;0x0e527f24871d472638ae5ff76f11d3e45d8288cc;eoa;0;0;92579,753363;USDC
Arbitrum One;0xacb7432a4bb15402ce2afe0a7c9d5b738604f6f9;0x2ba39e5388ac6c702cb29aea78d52aa66832f1ee;0x0ea0695ab6ffe76753907e0cb7741f705fdca82e;eoa;0;0;26196,011753;USDC
Arbitrum One;0xacb7432a4bb15402ce2afe0a7c9d5b738604f6f9;0x2ba39e5388ac6c702cb29aea78d52aa66832f1ee;0x09e15e270f5b4985306ec5637dc68d108b3cfe64;eoa;0;0;11322,360834;USDC
Arbitrum One;0xacb7432a4bb15402ce2afe0a7c9d5b738604f6f9;0x2ba39e5388ac6c702cb29aea78d52aa66832f1ee;0xf1d56d810540d1d8db0e1041eb6c0773be6da0f5;eoa;0;0;10477,733712;USDC
Arbitrum One;0xacb7432a4bb15402ce2afe0a7c9d5b738604f6f9;0x2ba39e5388ac6c702cb29aea78d52aa66832f1ee;0xb12651ca39ec08ea73420ab3fa3ea2406463d44c;eoa;0;0;1270,97272;USDC
Arbitrum One;0xacb7432a4bb15402ce2afe0a7c9d5b738604f6f9;0x2ba39e5388ac6c702cb29aea78d52aa66832f1ee;0x7ec609d11bde23ca306128ba0f92fbb3d1e06466;eoa;0;0;1047,919402;USDC
Arbitrum One;0xacb7432a4bb15402ce2afe0a7c9d5b738604f6f9;0x2ba39e5388ac6c702cb29aea78d52aa66832f1ee;0xeced294c157abf06f6ab282f08f96a63bf3d838c;eoa;0;0;523,967205;USDC
Arbitrum One;0xacb7432a4bb15402ce2afe0a7c9d5b738604f6f9;0x2ba39e5388ac6c702cb29aea78d52aa66832f1ee;0x02aa319b5ce28294b7207bdce3bbcf4bf514c05b;eoa;0;0;363,000437;USDC
Arbitrum One;0xacb7432a4bb15402ce2afe0a7c9d5b738604f6f9;0x2ba39e5388ac6c702cb29aea78d52aa66832f1ee;0x3f0738811669135315e1f89a71355fbc25508dc0;eoa;0;0;26,001782;USDC
Arbitrum One;0xacb7432a4bb15402ce2afe0a7c9d5b738604f6f9;0x2ba39e5388ac6c702cb29aea78d52aa66832f1ee;0x2341d6650861a0d71931d8425a302defa1c1847c;eoa;0;0;18,50266;USDC
Arbitrum One;0xacb7432a4bb15402ce2afe0a7c9d5b738604f6f9;0x2ba39e5388ac6c702cb29aea78d52aa66832f1ee;0x6a74649acfd7822ae8fb78463a9f2192752e5aa2;eoa;0;0;132,395773;USDC
Arbitrum One;0xacb7432a4bb15402ce2afe0a7c9d5b738604f6f9;0x2ba39e5388ac6c702cb29aea78d52aa66832f1ee;0xd2b2a8ab7a8c903501f4db4ee45c67522a4511ed;eoa;0;0;276476,046033;USDC
Arbitrum One;0xacb7432a4bb15402ce2afe0a7c9d5b738604f6f9;0x2ba39e5388ac6c702cb29aea78d52aa66832f1ee;0x057a1558a67c10f2b11f7f936e58fcdec8113af9;eoa;0;0;138635,179233;USDC
Arbitrum One;0xacb7432a4bb15402ce2afe0a7c9d5b738604f6f9;0x2ba39e5388ac6c702cb29aea78d52aa66832f1ee;0x0cb3e38741ed54fde0b7b7e1c93dcd28a4a6f15c;eoa;0;0;0;USDC
Arbitrum One;0xacb7432a4bb15402ce2afe0a7c9d5b738604f6f9;0x2ba39e5388ac6c702cb29aea78d52aa66832f1ee;0xbb49d6fdf4e571d99e3cee70ac0c9559befaa732;eoa;0;0;0,000001;USDC
Arbitrum One;0xacb7432a4bb15402ce2afe0a7c9d5b738604f6f9;0x2ba39e5388ac6c702cb29aea78d52aa66832f1ee;0x65d7624883ac2a33855aae52969b5bd80eb4bf4c;eoa;0;0;36582,615202;USDC
Arbitrum One;0xacb7432a4bb15402ce2afe0a7c9d5b738604f6f9;0x2ba39e5388ac6c702cb29aea78d52aa66832f1ee;0x26c5a3d604b36b4d7e4e6435e27402d358915c15;eoa;0;0;23380,051634;USDC
Arbitrum One;0xacb7432a4bb15402ce2afe0a7c9d5b738604f6f9;0x2ba39e5388ac6c702cb29aea78d52aa66832f1ee;0x101ded8dec510217a437d4def7d8f4df59fddb6b;eoa;0;0;17549,273343;USDC
Arbitrum One;0xacb7432a4bb15402ce2afe0a7c9d5b738604f6f9;0x2ba39e5388ac6c702cb29aea78d52aa66832f1ee;0xad66ea1ae4c0be12693bcc86ca13ba2d6c955d25;eoa;0;0;11184,162074;USDC
Arbitrum One;0xacb7432a4bb15402ce2afe0a7c9d5b738604f6f9;0x2ba39e5388ac6c702cb29aea78d52aa66832f1ee;0xcf5aa8a3693891a6f820e98545e7350176ff7025;eoa;0;0;10972,455445;USDC
Arbitrum One;0xacb7432a4bb15402ce2afe0a7c9d5b738604f6f9;0x2ba39e5388ac6c702cb29aea78d52aa66832f1ee;0xf18a1ff35822f45d67742989dd28542ec927caa2;eoa;0;0;10570,48294;USDC
Arbitrum One;0xacb7432a4bb15402ce2afe0a7c9d5b738604f6f9;0x2ba39e5388ac6c702cb29aea78d52aa66832f1ee;0xbfd56b745f6bc042e76433d670484eba7e4e1e57;eoa;0;0;9705,7872;USDC
Arbitrum One;0xacb7432a4bb15402ce2afe0a7c9d5b738604f6f9;0x2ba39e5388ac6c702cb29aea78d52aa66832f1ee;0x91539c6e1267110e5b474b54da8a4b21745585fe;eoa;0;0;8197,166916;USDC
Arbitrum One;0xacb7432a4bb15402ce2afe0a7c9d5b738604f6f9;0x2ba39e5388ac6c702cb29aea78d52aa66832f1ee;0xcb4319bcd070bc2e94d10cb11a6a494e4113854e;eoa;0;0;5582,917293;USDC
Arbitrum One;0xacb7432a4bb15402ce2afe0a7c9d5b738604f6f9;0x2ba39e5388ac6c702cb29aea78d52aa66832f1ee;0x0aa7f68aa5ba344df1453288c8348621162b310e;eoa;0;0;5526,579566;USDC
Arbitrum One;0xacb7432a4bb15402ce2afe0a7c9d5b738604f6f9;0x2ba39e5388ac6c702cb29aea78d52aa66832f1ee;0x2b41aad904cbe17870bf89d74d0e8fcc7d26b76e;eoa;0;0;5462,839775;USDC
Arbitrum One;0xacb7432a4bb15402ce2afe0a7c9d5b738604f6f9;0x2ba39e5388ac6c702cb29aea78d52aa66832f1ee;0xf202241765aa535b712adc7d51847072a4a3a942;eoa;0;0;5255,169384;USDC
Arbitrum One;0xacb7432a4bb15402ce2afe0a7c9d5b738604f6f9;0x2ba39e5388ac6c702cb29aea78d52aa66832f1ee;0xc3c6fb91c88fe19bc74ce6a13c238fa78d830d30;eoa;0;0;5036,344045;USDC
Arbitrum One;0xacb7432a4bb15402ce2afe0a7c9d5b738604f6f9;0x2ba39e5388ac6c702cb29aea78d52aa66832f1ee;0x5004803335fa459caa153a9ca5ca9d7708356927;Gnosis Safe;0;0;4078,472959;USDC
Arbitrum One;0xacb7432a4bb15402ce2afe0a7c9d5b738604f6f9;0x2ba39e5388ac6c702cb29aea78d52aa66832f1ee;0xf41837f6bc562098cc012778cf25a1ff77000de3;eoa;0;0;3957,502966;USDC
Arbitrum One;0xacb7432a4bb15402ce2afe0a7c9d5b738604f6f9;0x2ba39e5388ac6c702cb29aea78d52aa66832f1ee;0x1a6e0306e3d8b32ce91f596293034b3a16e4a45d;eoa;0;0;3301,185507;USDC
Arbitrum One;0xacb7432a4bb15402ce2afe0a7c9d5b738604f6f9;0x2ba39e5388ac6c702cb29aea78d52aa66832f1ee;0xc4c7b45ee1aa322d46366076dc1f760a13bf3b7e;Gnosis Safe;0;0;0;USDC
Arbitrum One;0xacb7432a4bb15402ce2afe0a7c9d5b738604f6f9;0x2ba39e5388ac6c702cb29aea78d52aa66832f1ee;0x02298bb1840b9e2aaaf022546a045a1f089b5696;eoa;0;0;2909,175966;USDC
Arbitrum One;0xacb7432a4bb15402ce2afe0a7c9d5b738604f6f9;0x2ba39e5388ac6c702cb29aea78d52aa66832f1ee;0x543a475c659b5cc326e513c45d915d55208e35c7;eoa;0;0;2862,598244;USDC
Arbitrum One;0xacb7432a4bb15402ce2afe0a7c9d5b738604f6f9;0x2ba39e5388ac6c702cb29aea78d52aa66832f1ee;0xd3e55e9d7ed207fb7523c211bde2aa6867c93ec6;contract_other;0;0;2758,808382;USDC
Arbitrum One;0xacb7432a4bb15402ce2afe0a7c9d5b738604f6f9;0x2ba39e5388ac6c702cb29aea78d52aa66832f1ee;0x5361ed7fc404a8073d41a0ab70b1e4423e21a6b4;eoa;0;0;2757,917527;USDC
Arbitrum One;0xacb7432a4bb15402ce2afe0a7c9d5b738604f6f9;0x2ba39e5388ac6c702cb29aea78d52aa66832f1ee;0x2d5feaae545e4ec422dc5c5b5c3fbecb5b28a416;eoa;0;0;2734,970638;USDC
Arbitrum One;0xacb7432a4bb15402ce2afe0a7c9d5b738604f6f9;0x2ba39e5388ac6c702cb29aea78d52aa66832f1ee;0x1e07ac19c0028f6c0815d19105befe93ee9bb6a4;eoa;0;0;2732,423024;USDC
Arbitrum One;0xacb7432a4bb15402ce2afe0a7c9d5b738604f6f9;0x2ba39e5388ac6c702cb29aea78d52aa66832f1ee;0x97c2ea4c75ee00a29baea35ccb63f8ce9f17890b;eoa;0;0;2731,743347;USDC
Arbitrum One;0xacb7432a4bb15402ce2afe0a7c9d5b738604f6f9;0x2ba39e5388ac6c702cb29aea78d52aa66832f1ee;0xa99da68da256437215264005605e125973e793ad;eoa;0;0;2658,653765;USDC
Arbitrum One;0xacb7432a4bb15402ce2afe0a7c9d5b738604f6f9;0x2ba39e5388ac6c702cb29aea78d52aa66832f1ee;0x11777b2bf98b31f0d71690416562f0b42d6f8594;eoa;0;0;2206,400994;USDC
Arbitrum One;0xacb7432a4bb15402ce2afe0a7c9d5b738604f6f9;0x2ba39e5388ac6c702cb29aea78d52aa66832f1ee;0xb3d28c9487c123fa2c3287e3fd9e54ddbce803e4;eoa;0;0;2317,252877;USDC
Arbitrum One;0xacb7432a4bb15402ce2afe0a7c9d5b738604f6f9;0x2ba39e5388ac6c702cb29aea78d52aa66832f1ee;0x38c4f10c0ba2766e147df3a401c35babdad7a1d9;eoa;0;0;2007,907861;USDC
Arbitrum One;0xacb7432a4bb15402ce2afe0a7c9d5b738604f6f9;0x2ba39e5388ac6c702cb29aea78d52aa66832f1ee;0x632c946653f31fcfe6db27c8dd6b60dd94a21050;eoa;0;0;1680,845895;USDC
Arbitrum One;0xacb7432a4bb15402ce2afe0a7c9d5b738604f6f9;0x2ba39e5388ac6c702cb29aea78d52aa66832f1ee;0xfc61a6544053cdafec6727cb1155ddd7d124d676;eoa;0;0;1649,882699;USDC
Arbitrum One;0xacb7432a4bb15402ce2afe0a7c9d5b738604f6f9;0x2ba39e5388ac6c702cb29aea78d52aa66832f1ee;0xb93d07c374b499da8050eabba28dc6c89fec9025;eoa;0;0;1609,519189;USDC
Arbitrum One;0xacb7432a4bb15402ce2afe0a7c9d5b738604f6f9;0x2ba39e5388ac6c702cb29aea78d52aa66832f1ee;0xbf398797308fed96f1d86452ab42c8c1a6130e54;eoa;0;0;1514,31406;USDC
Arbitrum One;0xacb7432a4bb15402ce2afe0a7c9d5b738604f6f9;0x2ba39e5388ac6c702cb29aea78d52aa66832f1ee;0x6c352a0e994cc3e1356f600304327f510281fbfd;Gnosis Safe;0;0;0;USDC
Arbitrum One;0xacb7432a4bb15402ce2afe0a7c9d5b738604f6f9;0x2ba39e5388ac6c702cb29aea78d52aa66832f1ee;0xd44d46946a6b45eeb2d244b1654c0a2ce758ee61;eoa;0;0;1386,282964;USDC
Arbitrum One;0xacb7432a4bb15402ce2afe0a7c9d5b738604f6f9;0x2ba39e5388ac6c702cb29aea78d52aa66832f1ee;0x7faa671af7d9034f0e153abe9c86eaef6836fe76;eoa;0;0;1191,136387;USDC
Arbitrum One;0xacb7432a4bb15402ce2afe0a7c9d5b738604f6f9;0x2ba39e5388ac6c702cb29aea78d52aa66832f1ee;0x519682162c3a9035c22738d5ac792515c063dbea;eoa;0;0;1142,08496;USDC
Arbitrum One;0xacb7432a4bb15402ce2afe0a7c9d5b738604f6f9;0x2ba39e5388ac6c702cb29aea78d52aa66832f1ee;0xbe00f709ae9e0c1fcb89f3f54efecb3f62bd5af1;eoa;0;0;1108,25415;USDC
Arbitrum One;0xacb7432a4bb15402ce2afe0a7c9d5b738604f6f9;0x2ba39e5388ac6c702cb29aea78d52aa66832f1ee;0xe3ddb630ed70f7ba07a505796c4b7c727182d680;eoa;0;0;1092,957603;USDC
Arbitrum One;0xacb7432a4bb15402ce2afe0a7c9d5b738604f6f9;0x2ba39e5388ac6c702cb29aea78d52aa66832f1ee;0xaf1902de56024605cb22564947de62c5d5cb7d07;eoa;0;0;1065,188814;USDC
Arbitrum One;0xacb7432a4bb15402ce2afe0a7c9d5b738604f6f9;0x2ba39e5388ac6c702cb29aea78d52aa66832f1ee;0x734a6703d3b2aee4e3850e5cb6c5d88893c7ad6c;eoa;0;0;1000,91682;USDC
Arbitrum One;0xacb7432a4bb15402ce2afe0a7c9d5b738604f6f9;0x2ba39e5388ac6c702cb29aea78d52aa66832f1ee;0xa857296bd8c79efc7d90614b90cc816a67517333;eoa;0;0;873,34746;USDC
Arbitrum One;0xacb7432a4bb15402ce2afe0a7c9d5b738604f6f9;0x2ba39e5388ac6c702cb29aea78d52aa66832f1ee;0x08ecb949112a07db59c026eb1bb8f060d29b4eca;Gnosis Safe;0;0;862,453936;USDC
Arbitrum One;0xacb7432a4bb15402ce2afe0a7c9d5b738604f6f9;0x2ba39e5388ac6c702cb29aea78d52aa66832f1ee;0x0791c440df0d51409c62515e4a3acc27ac41ccf7;eoa;0;0;764,907372;USDC
Arbitrum One;0xacb7432a4bb15402ce2afe0a7c9d5b738604f6f9;0x2ba39e5388ac6c702cb29aea78d52aa66832f1ee;0xbaf578a4ae541d4075442f13c9052df15cc9839e;eoa;0;0;637,819909;USDC
Arbitrum One;0xacb7432a4bb15402ce2afe0a7c9d5b738604f6f9;0x2ba39e5388ac6c702cb29aea78d52aa66832f1ee;0x020a41601d8165cad85f01621df8eca46f7ff61d;eoa;0;0;611,700525;USDC
Arbitrum One;0xacb7432a4bb15402ce2afe0a7c9d5b738604f6f9;0x2ba39e5388ac6c702cb29aea78d52aa66832f1ee;0x917b4b0e86fc7766695095dd1a5292b3be8b2d14;eoa;0;0;580,666302;USDC
Arbitrum One;0xacb7432a4bb15402ce2afe0a7c9d5b738604f6f9;0x2ba39e5388ac6c702cb29aea78d52aa66832f1ee;0xe5e4ffbf1eaf28f077da595295f93188274d939f;eoa;0;0;572,351395;USDC
Arbitrum One;0xacb7432a4bb15402ce2afe0a7c9d5b738604f6f9;0x2ba39e5388ac6c702cb29aea78d52aa66832f1ee;0x2f062d9aa98209d2c79a744b0d4ef203d363b7d6;eoa;0;0;562,785226;USDC
Arbitrum One;0xacb7432a4bb15402ce2afe0a7c9d5b738604f6f9;0x2ba39e5388ac6c702cb29aea78d52aa66832f1ee;0x3e7210e821b86c88149c5dc871b6447e79c99aa5;Gnosis Safe;0;0;0;USDC
Arbitrum One;0xacb7432a4bb15402ce2afe0a7c9d5b738604f6f9;0x2ba39e5388ac6c702cb29aea78d52aa66832f1ee;0x4f8febee0711b76c64bd93f90a534def9826e067;eoa;0;0;550,854176;USDC
Arbitrum One;0xacb7432a4bb15402ce2afe0a7c9d5b738604f6f9;0x2ba39e5388ac6c702cb29aea78d52aa66832f1ee;0xc81e4a5a32723b43a2a1b43fc7b773033b900505;Gnosis Safe;0;0;0;USDC
Arbitrum One;0xacb7432a4bb15402ce2afe0a7c9d5b738604f6f9;0x2ba39e5388ac6c702cb29aea78d52aa66832f1ee;0x977e1a1e4e185ad157e671c38bedc31d6530762b;Gnosis Safe;0;0;0;USDC
Arbitrum One;0xacb7432a4bb15402ce2afe0a7c9d5b738604f6f9;0x2ba39e5388ac6c702cb29aea78d52aa66832f1ee;0x286ed4d9b2bfb2d2632fb8f37e44b9d979dc49ec;eoa;0;0;546,389904;USDC
Arbitrum One;0xacb7432a4bb15402ce2afe0a7c9d5b738604f6f9;0x2ba39e5388ac6c702cb29aea78d52aa66832f1ee;0xe062affd3cdd04e6393ac3e0970f18e4fa6b31bd;eoa;0;0;546,065436;USDC
Arbitrum One;0xacb7432a4bb15402ce2afe0a7c9d5b738604f6f9;0x2ba39e5388ac6c702cb29aea78d52aa66832f1ee;0x7ebbf9229666d6efd5859568dd0adda43ee086b1;eoa;0;0;503,332004;USDC
Arbitrum One;0xacb7432a4bb15402ce2afe0a7c9d5b738604f6f9;0x2ba39e5388ac6c702cb29aea78d52aa66832f1ee;0x3264473150ead02a604812c7b5b70fef4a9b4503;eoa;0;0;500,23865;USDC
Arbitrum One;0xacb7432a4bb15402ce2afe0a7c9d5b738604f6f9;0x2ba39e5388ac6c702cb29aea78d52aa66832f1ee;0x0b61c8807fcfbe2edc3652fbc0ce425c4812acd5;eoa;0;0;497,521993;USDC
Arbitrum One;0xacb7432a4bb15402ce2afe0a7c9d5b738604f6f9;0x2ba39e5388ac6c702cb29aea78d52aa66832f1ee;0xb73ea2798265108abb62a46b80ce2b989a835649;eoa;0;0;475,825197;USDC
Arbitrum One;0xacb7432a4bb15402ce2afe0a7c9d5b738604f6f9;0x2ba39e5388ac6c702cb29aea78d52aa66832f1ee;0xf6a9bd8f6dc537675d499ac1ca14f2c55d8b5569;Gnosis Safe;0;0;467,606;USDC
Arbitrum One;0xacb7432a4bb15402ce2afe0a7c9d5b738604f6f9;0x2ba39e5388ac6c702cb29aea78d52aa66832f1ee;0x4b5fad950a7aee3b78bec03e29c2743b0aabeb02;eoa;0;0;454,569721;USDC
Arbitrum One;0xacb7432a4bb15402ce2afe0a7c9d5b738604f6f9;0x2ba39e5388ac6c702cb29aea78d52aa66832f1ee;0xd2ef2508a9672d7ae91aaa48005e346ee2b6f77e;contract_other;0;0;440,215127;USDC
Arbitrum One;0xacb7432a4bb15402ce2afe0a7c9d5b738604f6f9;0x2ba39e5388ac6c702cb29aea78d52aa66832f1ee;0x3b91caba057858ba138dc2e00cda9f3603d77a44;eoa;0;0;361,924648;USDC
Arbitrum One;0xacb7432a4bb15402ce2afe0a7c9d5b738604f6f9;0x2ba39e5388ac6c702cb29aea78d52aa66832f1ee;0x105e75f7618bba9cdae53662811e0c99f398b876;eoa;0;0;318,782452;USDC
Arbitrum One;0xacb7432a4bb15402ce2afe0a7c9d5b738604f6f9;0x2ba39e5388ac6c702cb29aea78d52aa66832f1ee;0xd5ab5e73801bec7b3a013afcce5f6859f45a108c;eoa;0;0;275,884958;USDC
Arbitrum One;0xacb7432a4bb15402ce2afe0a7c9d5b738604f6f9;0x2ba39e5388ac6c702cb29aea78d52aa66832f1ee;0xab64e42fc035a7e5a7af58b34ca5212ced377b47;Gnosis Safe;0;0;274,010881;USDC
Arbitrum One;0xacb7432a4bb15402ce2afe0a7c9d5b738604f6f9;0x2ba39e5388ac6c702cb29aea78d52aa66832f1ee;0x92e5b2c16fdd160b7442bc63dbb73babe480b315;Gnosis Safe;0;0;0;USDC
Arbitrum One;0xacb7432a4bb15402ce2afe0a7c9d5b738604f6f9;0x2ba39e5388ac6c702cb29aea78d52aa66832f1ee;0x8bef2fa9a446e10288fbed149009f058bb5b6ddc;Gnosis Safe;0;0;193,483604;USDC
Arbitrum One;0xacb7432a4bb15402ce2afe0a7c9d5b738604f6f9;0x2ba39e5388ac6c702cb29aea78d52aa66832f1ee;0x8804ac1fcf38550d8a76301509e3d5e0df831bf4;Gnosis Safe;0;0;0;USDC
Arbitrum One;0xacb7432a4bb15402ce2afe0a7c9d5b738604f6f9;0x2ba39e5388ac6c702cb29aea78d52aa66832f1ee;0x26d1d225da41627341564244266a91255c14f5af;contract_other;0;0;177,305109;USDC
Arbitrum One;0xacb7432a4bb15402ce2afe0a7c9d5b738604f6f9;0x2ba39e5388ac6c702cb29aea78d52aa66832f1ee;0x8ffbcebf38f5601ed9c61e78254df9704191c1d2;Gnosis Safe;0;0;0;USDC
Arbitrum One;0xacb7432a4bb15402ce2afe0a7c9d5b738604f6f9;0x2ba39e5388ac6c702cb29aea78d52aa66832f1ee;0xfa2e8a34c99a0f1f6a2b879d4f58f9ed0d137560;Gnosis Safe;0;0;0;USDC
Arbitrum One;0xacb7432a4bb15402ce2afe0a7c9d5b738604f6f9;0x2ba39e5388ac6c702cb29aea78d52aa66832f1ee;0x8efa5bcf979dc1732bfa9fa76a93ed7e682ed904;Gnosis Safe;0;0;123,773022;USDC
Arbitrum One;0xacb7432a4bb15402ce2afe0a7c9d5b738604f6f9;0x2ba39e5388ac6c702cb29aea78d52aa66832f1ee;0x5006684aa873f4278e9429df21e504486a8f90d6;eoa;0;0;115,007166;USDC
Arbitrum One;0xacb7432a4bb15402ce2afe0a7c9d5b738604f6f9;0x2ba39e5388ac6c702cb29aea78d52aa66832f1ee;0x7a4e9217ff17fb4e9fbb8ac346b5b89c2f3c2a02;eoa;0;0;110,447912;USDC
Arbitrum One;0xacb7432a4bb15402ce2afe0a7c9d5b738604f6f9;0x2ba39e5388ac6c702cb29aea78d52aa66832f1ee;0x54977d61030938131f2fd1472f356bd9acd3eb20;Gnosis Safe;0;0;0;USDC
Arbitrum One;0xacb7432a4bb15402ce2afe0a7c9d5b738604f6f9;0x2ba39e5388ac6c702cb29aea78d52aa66832f1ee;0xf280096a025996fac88487187595650d7fc9d32d;Gnosis Safe;0;0;101,055313;USDC
Arbitrum One;0xacb7432a4bb15402ce2afe0a7c9d5b738604f6f9;0x2ba39e5388ac6c702cb29aea78d52aa66832f1ee;0x7aacd1b02afaf32718d7cfa7cbf3ec183e7d2119;eoa;0;0;89,969808;USDC
Arbitrum One;0xacb7432a4bb15402ce2afe0a7c9d5b738604f6f9;0x2ba39e5388ac6c702cb29aea78d52aa66832f1ee;0x59ebd518496bf6680e7602abf46963107b49f6de;contract_other;0;0;83,083518;USDC
Arbitrum One;0xacb7432a4bb15402ce2afe0a7c9d5b738604f6f9;0x2ba39e5388ac6c702cb29aea78d52aa66832f1ee;0xe23afa66d48755b82f4e3b3d762803ed38af6d02;eoa;0;0;76,162965;USDC
Arbitrum One;0xacb7432a4bb15402ce2afe0a7c9d5b738604f6f9;0x2ba39e5388ac6c702cb29aea78d52aa66832f1ee;0x8f62d8691367045efea00c55d5344e2c2e2efe82;Gnosis Safe;0;0;65,62135;USDC
Arbitrum One;0xacb7432a4bb15402ce2afe0a7c9d5b738604f6f9;0x2ba39e5388ac6c702cb29aea78d52aa66832f1ee;0x225a583683ceec7e370d62fcfb3b48d91ab013a1;Gnosis Safe;0;0;0;USDC
Arbitrum One;0xacb7432a4bb15402ce2afe0a7c9d5b738604f6f9;0x2ba39e5388ac6c702cb29aea78d52aa66832f1ee;0x499bb51768363ba16b9b32e69cc5ddb40aad61ea;Gnosis Safe;0;0;0;USDC
Arbitrum One;0xacb7432a4bb15402ce2afe0a7c9d5b738604f6f9;0x2ba39e5388ac6c702cb29aea78d52aa66832f1ee;0x8ecd077e500d8e443ebf7d8d2dbd0862285e7285;Gnosis Safe;0;0;58,934834;USDC
Arbitrum One;0xacb7432a4bb15402ce2afe0a7c9d5b738604f6f9;0x2ba39e5388ac6c702cb29aea78d52aa66832f1ee;0xd93e4e2d33dba51f6039fd813465b7a261ccc6cd;contract_other;0;0;57,319096;USDC
Arbitrum One;0xacb7432a4bb15402ce2afe0a7c9d5b738604f6f9;0x2ba39e5388ac6c702cb29aea78d52aa66832f1ee;0x6640c1af0bf7e77fa223d4af2f779e55dcfb8d2d;eoa;0;0;55,463377;USDC
Arbitrum One;0xacb7432a4bb15402ce2afe0a7c9d5b738604f6f9;0x2ba39e5388ac6c702cb29aea78d52aa66832f1ee;0x10b850c3abfca78d693c9cd6fce809c129109d1c;contract_other;0;0;55,25192;USDC
Arbitrum One;0xacb7432a4bb15402ce2afe0a7c9d5b738604f6f9;0x2ba39e5388ac6c702cb29aea78d52aa66832f1ee;0xae5499976ffd3e58be47bdd51c787a5201d957f4;eoa;0;0;55,190399;USDC
Arbitrum One;0xacb7432a4bb15402ce2afe0a7c9d5b738604f6f9;0x2ba39e5388ac6c702cb29aea78d52aa66832f1ee;0xa2ded4cb099bfa39564ff38ca391e329bdffd07a;Gnosis Safe;0;0;53,973041;USDC
Arbitrum One;0xacb7432a4bb15402ce2afe0a7c9d5b738604f6f9;0x2ba39e5388ac6c702cb29aea78d52aa66832f1ee;0xa4bcabdc26e016c03be0da863c30b2f21adbf6a7;contract_other;0;0;42,738204;USDC
Arbitrum One;0xacb7432a4bb15402ce2afe0a7c9d5b738604f6f9;0x2ba39e5388ac6c702cb29aea78d52aa66832f1ee;0x028070a9cec3946784c77fe3cc367b22493b859c;Gnosis Safe;0;0;27,441196;USDC
Arbitrum One;0xacb7432a4bb15402ce2afe0a7c9d5b738604f6f9;0x2ba39e5388ac6c702cb29aea78d52aa66832f1ee;0x4d641634b6a5c75e3af129d47903c0f342e895fb;eoa;0;0;27,336244;USDC
Arbitrum One;0xacb7432a4bb15402ce2afe0a7c9d5b738604f6f9;0x2ba39e5388ac6c702cb29aea78d52aa66832f1ee;0x25d7aa6406bcaa4b8a14b6349939ec11afa1efaf;Gnosis Safe;0;0;16,562315;USDC
Arbitrum One;0xacb7432a4bb15402ce2afe0a7c9d5b738604f6f9;0x2ba39e5388ac6c702cb29aea78d52aa66832f1ee;0xe441518c788e700e701b6b029355007b92bcefc7;eoa;0;0;39,210712;USDC
Arbitrum One;0xacb7432a4bb15402ce2afe0a7c9d5b738604f6f9;0x2ba39e5388ac6c702cb29aea78d52aa66832f1ee;0xc64f9f1ba23e8a632e1a6f0c611117bcc09f43be;Gnosis Safe;0;0;13,736506;USDC
Arbitrum One;0xacb7432a4bb15402ce2afe0a7c9d5b738604f6f9;0x2ba39e5388ac6c702cb29aea78d52aa66832f1ee;0xbaaabe6d49ac79bf260555d3705817b6aaf63189;eoa;0;0;11,554818;USDC
Arbitrum One;0xacb7432a4bb15402ce2afe0a7c9d5b738604f6f9;0x2ba39e5388ac6c702cb29aea78d52aa66832f1ee;0x89731cb079937679ad72516b0c6a0cba93cb26cb;eoa;0;0;117,867097;USDC
Arbitrum One;0xacb7432a4bb15402ce2afe0a7c9d5b738604f6f9;0x2ba39e5388ac6c702cb29aea78d52aa66832f1ee;0xc79c9b473ed86f2587ee7760eab49060b0fd1e9b;Gnosis Safe;0;0;8,209004;USDC
Arbitrum One;0xacb7432a4bb15402ce2afe0a7c9d5b738604f6f9;0x2ba39e5388ac6c702cb29aea78d52aa66832f1ee;0x9c7793c4462c042e92c64d0910985f58895ff686;eoa;0;0;5,745885;USDC
Arbitrum One;0xacb7432a4bb15402ce2afe0a7c9d5b738604f6f9;0x2ba39e5388ac6c702cb29aea78d52aa66832f1ee;0x165df4faed034865c9466f896a4d75f892453f77;eoa;0;0;5,640831;USDC
Arbitrum One;0xacb7432a4bb15402ce2afe0a7c9d5b738604f6f9;0x2ba39e5388ac6c702cb29aea78d52aa66832f1ee;0xd559e3b7b0f5a9859e808e794ac51b3b47dfafce;Gnosis Safe;0;0;5,538423;USDC
Arbitrum One;0xacb7432a4bb15402ce2afe0a7c9d5b738604f6f9;0x2ba39e5388ac6c702cb29aea78d52aa66832f1ee;0x6f53621e2a10ae42b981c69ec401de2065a7d841;Gnosis Safe;0;0;5,534096;USDC
Arbitrum One;0xacb7432a4bb15402ce2afe0a7c9d5b738604f6f9;0x2ba39e5388ac6c702cb29aea78d52aa66832f1ee;0xa113ee8bc6aff352a74714b495dd629c5b0e9df9;Gnosis Safe;0;0;5,528268;USDC
Arbitrum One;0xacb7432a4bb15402ce2afe0a7c9d5b738604f6f9;0x2ba39e5388ac6c702cb29aea78d52aa66832f1ee;0x506ebc36f1fed2befd7fae39c85af4576704f777;Gnosis Safe;0;0;5,501519;USDC
Arbitrum One;0xacb7432a4bb15402ce2afe0a7c9d5b738604f6f9;0x2ba39e5388ac6c702cb29aea78d52aa66832f1ee;0x70bb84fcbea63f75ae32dfb56589b020c89078cb;eoa;0;0;5,482439;USDC
Arbitrum One;0xacb7432a4bb15402ce2afe0a7c9d5b738604f6f9;0x2ba39e5388ac6c702cb29aea78d52aa66832f1ee;0x569dcac5978ef785ae658fc22357f1f6a5bdd076;Gnosis Safe;0;0;5,468141;USDC
Arbitrum One;0xacb7432a4bb15402ce2afe0a7c9d5b738604f6f9;0x2ba39e5388ac6c702cb29aea78d52aa66832f1ee;0x2c1103d0ee6aca23aab70405e047342f2de16eb0;erc4626_unresolved;0;0;5,444423;USDC
Arbitrum One;0xacb7432a4bb15402ce2afe0a7c9d5b738604f6f9;0x2ba39e5388ac6c702cb29aea78d52aa66832f1ee;0x186f97b291875c356e3420058230b7fc622bb457;eoa;0;0;4,983994;USDC
Arbitrum One;0xacb7432a4bb15402ce2afe0a7c9d5b738604f6f9;0x2ba39e5388ac6c702cb29aea78d52aa66832f1ee;0x25ad20d6c418a3ec40ab171e4c45f32091006fa8;contract_other;0;0;4,918021;USDC
Arbitrum One;0xacb7432a4bb15402ce2afe0a7c9d5b738604f6f9;0x2ba39e5388ac6c702cb29aea78d52aa66832f1ee;0xaa971e7e61d78e406d84495afda1b513adaea872;Gnosis Safe;0;0;4,584962;USDC
Arbitrum One;0xacb7432a4bb15402ce2afe0a7c9d5b738604f6f9;0x2ba39e5388ac6c702cb29aea78d52aa66832f1ee;0x3d6991085ab1ae3926cb96f25684c40a364b6856;eoa;0;0;3,607682;USDC
Arbitrum One;0xacb7432a4bb15402ce2afe0a7c9d5b738604f6f9;0x2ba39e5388ac6c702cb29aea78d52aa66832f1ee;0x176a283c22febd9f30a7593c70f0b4767d21c640;eoa;0;0;2,754132;USDC
Arbitrum One;0xacb7432a4bb15402ce2afe0a7c9d5b738604f6f9;0x2ba39e5388ac6c702cb29aea78d52aa66832f1ee;0x62e6a0111f6daedf94d24197c32e469ea8ef1a8e;Gnosis Safe;0;0;2,197389;USDC
Arbitrum One;0xacb7432a4bb15402ce2afe0a7c9d5b738604f6f9;0x2ba39e5388ac6c702cb29aea78d52aa66832f1ee;0x81b3c1abcb61b8016cecbde36051e19015c41ff6;Gnosis Safe;0;0;1,651334;USDC
Arbitrum One;0xacb7432a4bb15402ce2afe0a7c9d5b738604f6f9;0x2ba39e5388ac6c702cb29aea78d52aa66832f1ee;0x3441c4ae7cd4fdefb0f6a2a4eddf423631cf6fa3;eoa;0;0;0,775694;USDC
Arbitrum One;0xacb7432a4bb15402ce2afe0a7c9d5b738604f6f9;0x2ba39e5388ac6c702cb29aea78d52aa66832f1ee;0xa6a7b66ebbb5cbfdff3c83781193618ee4e22f4d;eoa;0;0;0,670621;USDC
Arbitrum One;0xacb7432a4bb15402ce2afe0a7c9d5b738604f6f9;0x2ba39e5388ac6c702cb29aea78d52aa66832f1ee;0x060f51af4321938c31958b8b3527a8fc1531aa31;eoa;0;0;0,554919;USDC
Arbitrum One;0xacb7432a4bb15402ce2afe0a7c9d5b738604f6f9;0x2ba39e5388ac6c702cb29aea78d52aa66832f1ee;0x4450ff5cae59ba2cad192e0435065f0a8dc039d8;Gnosis Safe;0;0;0,54947;USDC
Arbitrum One;0xacb7432a4bb15402ce2afe0a7c9d5b738604f6f9;0x2ba39e5388ac6c702cb29aea78d52aa66832f1ee;0xd4f5af1953f22d867471dfa6e0b389944f1893d2;Gnosis Safe;0;0;0,548099;USDC
Arbitrum One;0xacb7432a4bb15402ce2afe0a7c9d5b738604f6f9;0x2ba39e5388ac6c702cb29aea78d52aa66832f1ee;0x78bd586c5a4514fb954d05841a799a7d020d8fe9;eoa;0;0;0,232191;USDC
Arbitrum One;0xacb7432a4bb15402ce2afe0a7c9d5b738604f6f9;0x2ba39e5388ac6c702cb29aea78d52aa66832f1ee;0xcaf7f6cf1cb59f5b57bf5f3d309fb76c021a2a1d;eoa;0;0;0,054967;USDC
Arbitrum One;0xacb7432a4bb15402ce2afe0a7c9d5b738604f6f9;0x2ba39e5388ac6c702cb29aea78d52aa66832f1ee;0x34cb8c0c744d4b3677e82afcb49365746586b089;eoa;0;0;0,02926;USDC
Arbitrum One;0xacb7432a4bb15402ce2afe0a7c9d5b738604f6f9;0x2ba39e5388ac6c702cb29aea78d52aa66832f1ee;0x0a2854fbbd9b3ef66f17d47284e7f899b9509330;erc4626_unresolved;0;0;0;USDC
Arbitrum One;0xacb7432a4bb15402ce2afe0a7c9d5b738604f6f9;0x2ba39e5388ac6c702cb29aea78d52aa66832f1ee;0xa56dce9f402daee3665a5ee9252ddb5a88b305aa;contract_other;0;0;0;USDC
Arbitrum One;0xacb7432a4bb15402ce2afe0a7c9d5b738604f6f9;0x2ba39e5388ac6c702cb29aea78d52aa66832f1ee;0xb73dc78e716608347e255f3c260848a1611b5dd7;eoa;0;0;10036,161525;USDC
Arbitrum One;0xacb7432a4bb15402ce2afe0a7c9d5b738604f6f9;0x2ba39e5388ac6c702cb29aea78d52aa66832f1ee;0xf3e87a837da5169fd20c2c20ec95bd1056a46d1e;eoa;0;0;0;USDC
Arbitrum One;0xacb7432a4bb15402ce2afe0a7c9d5b738604f6f9;0x2ba39e5388ac6c702cb29aea78d52aa66832f1ee;0x5745050e787f693ed21e4418d528f78ad9c374a6;contract_other;0;0;0;USDC
Arbitrum One;0xacb7432a4bb15402ce2afe0a7c9d5b738604f6f9;0x2ba39e5388ac6c702cb29aea78d52aa66832f1ee;0x01beaad7c4fd5846c4379a845e8e681ddea38c4e;eoa;0;0;0;USDC
Arbitrum One;0xacb7432a4bb15402ce2afe0a7c9d5b738604f6f9;0x2ba39e5388ac6c702cb29aea78d52aa66832f1ee;0x625f030c71260ad9f8c39eaf06da630c32809634;eoa;0;0;0;USDC
Arbitrum One;0xacb7432a4bb15402ce2afe0a7c9d5b738604f6f9;0x2ba39e5388ac6c702cb29aea78d52aa66832f1ee;0x0717727f658d331db0e3eeb6c06bfa5afe2b3db5;eoa;0;0;522,808129;USDC
Arbitrum One;0xacb7432a4bb15402ce2afe0a7c9d5b738604f6f9;0x2ba39e5388ac6c702cb29aea78d52aa66832f1ee;0x63242a4ea82847b20e506b63b0e2e2eff0cc6cb0;contract_other;0;0;0;USDC
Arbitrum One;0xacb7432a4bb15402ce2afe0a7c9d5b738604f6f9;0x2ba39e5388ac6c702cb29aea78d52aa66832f1ee;0xccd1e70baf18c12aa95197de0b9e37bdef226095;eoa;0;0;51500,96957;USDC
Arbitrum One;0xacb7432a4bb15402ce2afe0a7c9d5b738604f6f9;0x2ba39e5388ac6c702cb29aea78d52aa66832f1ee;0x9ffc14ab8754e4de3b0c763f58564d60f935ad6f;eoa;0;0;-0,000001;USDC
Arbitrum One;0xacb7432a4bb15402ce2afe0a7c9d5b738604f6f9;0x2ba39e5388ac6c702cb29aea78d52aa66832f1ee;0xc6cc95a5ea4c0219af86cbb8f62edf8886955135;eoa;0;0;7122,918282;USDC
Arbitrum One;0xacb7432a4bb15402ce2afe0a7c9d5b738604f6f9;0x2ba39e5388ac6c702cb29aea78d52aa66832f1ee;0xd3bb1e418ead4d759c66f667685603f822073684;eoa;0;0;2033,115738;USDC
Arbitrum One;0xacb7432a4bb15402ce2afe0a7c9d5b738604f6f9;0x2ba39e5388ac6c702cb29aea78d52aa66832f1ee;0x1fc65ac3448f225ba073a59edfe51e1e3699f597;eoa;0;0;32641,105559;USDC
Arbitrum One;0xacb7432a4bb15402ce2afe0a7c9d5b738604f6f9;0x2ba39e5388ac6c702cb29aea78d52aa66832f1ee;0x52c9dbb4ff91fb49f0878820c86c4db171e4428a;eoa;0;0;45540,284398;USDC
Arbitrum One;0xacb7432a4bb15402ce2afe0a7c9d5b738604f6f9;0x2ba39e5388ac6c702cb29aea78d52aa66832f1ee;0xff86afcdb6de24b484262f8485d2c13f5c090f4c;eoa;0;0;0,000001;USDC
Arbitrum One;0xacb7432a4bb15402ce2afe0a7c9d5b738604f6f9;0x2ba39e5388ac6c702cb29aea78d52aa66832f1ee;0xb100a5b2591dd099040a5ab76efe682a6d8a48a2;contract_other;0;0;0;USDC
Arbitrum One;0xacb7432a4bb15402ce2afe0a7c9d5b738604f6f9;0x2ba39e5388ac6c702cb29aea78d52aa66832f1ee;0x0f089078099748c8a196b52710b01d4cb404578d;contract_other;0;0;2,413999;USDC
Arbitrum One;0xacb7432a4bb15402ce2afe0a7c9d5b738604f6f9;0x2ba39e5388ac6c702cb29aea78d52aa66832f1ee;0x4b1acaf94f81eb3ba74cf8897c9d8ccfff8a82ca;eoa;0;0;0;USDC
Arbitrum One;0xacb7432a4bb15402ce2afe0a7c9d5b738604f6f9;0x2ba39e5388ac6c702cb29aea78d52aa66832f1ee;0x48daab9f7ed6e3184c26d9ddaccc356d52d6237f;contract_other;0;0;0;USDC
Arbitrum One;0xacb7432a4bb15402ce2afe0a7c9d5b738604f6f9;0x2ba39e5388ac6c702cb29aea78d52aa66832f1ee;0x877af3fe40bcd805edc64df96b3eaba2448a5ae7;contract_other;0;0;0;USDC
Arbitrum One;0xacb7432a4bb15402ce2afe0a7c9d5b738604f6f9;0x2ba39e5388ac6c702cb29aea78d52aa66832f1ee;0x4ac7e9f0e5b3313e06bd9337c5311674e70220ba;eoa;0;0;0;USDC
Arbitrum One;0xacb7432a4bb15402ce2afe0a7c9d5b738604f6f9;0x2ba39e5388ac6c702cb29aea78d52aa66832f1ee;0xf708e11a7c94abde8f6217b13e6fe39c8b9cc0a6;contract_other;0;0;0;USDC
Arbitrum One;0xacb7432a4bb15402ce2afe0a7c9d5b738604f6f9;0x2ba39e5388ac6c702cb29aea78d52aa66832f1ee;0x4044e9e4e9d0ef73026106d097dcdb1d609436a7;contract_other;0;0;0;USDC
Arbitrum One;0xacb7432a4bb15402ce2afe0a7c9d5b738604f6f9;0x2ba39e5388ac6c702cb29aea78d52aa66832f1ee;0xa11f4a058e3e167ad111897c97ca2965f7e58177;eoa;0;0;0;USDC
Arbitrum One;0xacb7432a4bb15402ce2afe0a7c9d5b738604f6f9;0x2ba39e5388ac6c702cb29aea78d52aa66832f1ee;0x88c7d8a8bab30a8b379002d087c3a39d5ffde5ed;contract_other;0;0;0;USDC
Arbitrum One;0xacb7432a4bb15402ce2afe0a7c9d5b738604f6f9;0x2ba39e5388ac6c702cb29aea78d52aa66832f1ee;0xc38e4e6a15593f908255214653d3d947ca1c2338;contract_other;0;0;0,000002;USDC
Arbitrum One;0xacb7432a4bb15402ce2afe0a7c9d5b738604f6f9;0x2ba39e5388ac6c702cb29aea78d52aa66832f1ee;0x0891617fe27647731d6f1e764092b2f9f06130a0;eoa;0;0;0,296333;USDC
Arbitrum One;0xacb7432a4bb15402ce2afe0a7c9d5b738604f6f9;0x2ba39e5388ac6c702cb29aea78d52aa66832f1ee;0x98c89980d1eae247ada3636ae27648f78e66e121;erc4626_unresolved;0;0;0,000001;USDC
Arbitrum One;0xacb7432a4bb15402ce2afe0a7c9d5b738604f6f9;0x2ba39e5388ac6c702cb29aea78d52aa66832f1ee;0x6ffc5848c46319e7c6d48f56ca2152b213d4535f;eoa;0;0;0,114546;USDC
Arbitrum One;0xacb7432a4bb15402ce2afe0a7c9d5b738604f6f9;0x2ba39e5388ac6c702cb29aea78d52aa66832f1ee;0x1cd05c62b55a2c8edd0341299096af5443e3f4c8;eoa;0;0;5,529826;USDC
Arbitrum One;0xacb7432a4bb15402ce2afe0a7c9d5b738604f6f9;0x2ba39e5388ac6c702cb29aea78d52aa66832f1ee;0x581f3f6bee814d7a10383dcbd74b8530c39be7a3;eoa;0;0;4,4831;USDC
Arbitrum One;0xacb7432a4bb15402ce2afe0a7c9d5b738604f6f9;0x2ba39e5388ac6c702cb29aea78d52aa66832f1ee;0x0d6058471bc5a32d2d257ca0b4f3e29384a94dd0;eoa;0;0;7160,039906;USDC
Arbitrum One;0xacb7432a4bb15402ce2afe0a7c9d5b738604f6f9;0x2ba39e5388ac6c702cb29aea78d52aa66832f1ee;0xfaf10f90da93de0f155cdc3460791f8ab212d9ae;contract_other;0;0;0;USDC
Arbitrum One;0xacb7432a4bb15402ce2afe0a7c9d5b738604f6f9;0x2ba39e5388ac6c702cb29aea78d52aa66832f1ee;0x952ae19942de973163432b86fea01699f315ef4f;eoa;0;0;1307,569363;USDC
Arbitrum One;0xacb7432a4bb15402ce2afe0a7c9d5b738604f6f9;0xac69cfe6bb269cebf8ab4764d7e678c3658b99f2;0x0762e397db79411588cbac66069aff486a7d6c4b;eoa;344,247971;0;344,247971;USDC
Arbitrum One;0xacb7432a4bb15402ce2afe0a7c9d5b738604f6f9;0xac69cfe6bb269cebf8ab4764d7e678c3658b99f2;0x0ba0c1964222d7a3239dff45d82787ae94f31a39;Gnosis Safe;29885,397652;0;29885,397652;USDC
Arbitrum One;0xacb7432a4bb15402ce2afe0a7c9d5b738604f6f9;0xac69cfe6bb269cebf8ab4764d7e678c3658b99f2;0x0fea7fb8045973149bd51a2b44a0e9ce4d7538c8;eoa;836,66299;0;836,66299;USDC
Arbitrum One;0xacb7432a4bb15402ce2afe0a7c9d5b738604f6f9;0xac69cfe6bb269cebf8ab4764d7e678c3658b99f2;0x10f29797d1e995f1a615676b49e046190d6a1799;eoa;512,939143;0;512,939143;USDC
Arbitrum One;0xacb7432a4bb15402ce2afe0a7c9d5b738604f6f9;0xac69cfe6bb269cebf8ab4764d7e678c3658b99f2;0x1608160fa2f1625c9636cfbc58b96c57e826691a;eoa;25221,261934;0;25221,261934;USDC
Arbitrum One;0xacb7432a4bb15402ce2afe0a7c9d5b738604f6f9;0xac69cfe6bb269cebf8ab4764d7e678c3658b99f2;0x1b8779539bf00dbddbeaf5fbf3fe49ea3f007d2d;eoa;5931,313857;0;0;USDC
Arbitrum One;0xacb7432a4bb15402ce2afe0a7c9d5b738604f6f9;0xac69cfe6bb269cebf8ab4764d7e678c3658b99f2;0x3f0738811669135315e1f89a71355fbc25508dc0;eoa;16,775097;0;16,775097;USDC
Arbitrum One;0xacb7432a4bb15402ce2afe0a7c9d5b738604f6f9;0xac69cfe6bb269cebf8ab4764d7e678c3658b99f2;0x419af08d5de5de5ed9edca29e345fea58931520b;eoa;2537,995592;0;0;USDC
Arbitrum One;0xacb7432a4bb15402ce2afe0a7c9d5b738604f6f9;0xac69cfe6bb269cebf8ab4764d7e678c3658b99f2;0x4a17b70dd348c00708d2b868f7687da27aaa1245;eoa;57481,399451;0;0,86327;USDC
Arbitrum One;0xacb7432a4bb15402ce2afe0a7c9d5b738604f6f9;0xac69cfe6bb269cebf8ab4764d7e678c3658b99f2;0x4ab50e5e32cc6fc8d88f123dbb008aae8837d24a;eoa;2020,958435;0;2020,958435;USDC
Arbitrum One;0xacb7432a4bb15402ce2afe0a7c9d5b738604f6f9;0xac69cfe6bb269cebf8ab4764d7e678c3658b99f2;0x520e17df03e2ab831eaca86fd90d44ebf735c4d5;eoa;502,13128;0;502,13128;USDC
Arbitrum One;0xacb7432a4bb15402ce2afe0a7c9d5b738604f6f9;0xac69cfe6bb269cebf8ab4764d7e678c3658b99f2;0x58db6554d10cadc52eb16b13d7882283487b7af7;contract_other;1545,266424;0;1545,266424;USDC
Arbitrum One;0xacb7432a4bb15402ce2afe0a7c9d5b738604f6f9;0xac69cfe6bb269cebf8ab4764d7e678c3658b99f2;0x6b0529538c795bd91e76afba6b1e9451b457e5b0;eoa;10172,153921;0;10172,153921;USDC
Arbitrum One;0xacb7432a4bb15402ce2afe0a7c9d5b738604f6f9;0xac69cfe6bb269cebf8ab4764d7e678c3658b99f2;0x6bc4e70cc6fafd4a8bc60dbbf9fa8a9d072eae1d;eoa;1023,035558;0;1023,035558;USDC
Arbitrum One;0xacb7432a4bb15402ce2afe0a7c9d5b738604f6f9;0xac69cfe6bb269cebf8ab4764d7e678c3658b99f2;0x702f48a5c09a6e68792324fcdfe111382b1d00e1;eoa;58252,013849;0;58252,013849;USDC
Arbitrum One;0xacb7432a4bb15402ce2afe0a7c9d5b738604f6f9;0xac69cfe6bb269cebf8ab4764d7e678c3658b99f2;0x723b1137ad0c40005504973f22971e47ba476191;eoa;1115,288262;0;1115,288262;USDC
Arbitrum One;0xacb7432a4bb15402ce2afe0a7c9d5b738604f6f9;0xac69cfe6bb269cebf8ab4764d7e678c3658b99f2;0x934d96724147328d9b376d5d532c2455f31f089b;eoa;25668,597115;0;25668,597115;USDC
Arbitrum One;0xacb7432a4bb15402ce2afe0a7c9d5b738604f6f9;0xac69cfe6bb269cebf8ab4764d7e678c3658b99f2;0x95599b626e0e70a3e8b645371a69b76f860db215;eoa;506,04643;0;506,04643;USDC
Arbitrum One;0xacb7432a4bb15402ce2afe0a7c9d5b738604f6f9;0xac69cfe6bb269cebf8ab4764d7e678c3658b99f2;0x991cec65a906b5727b32d175cfc550673a20ed17;eoa;8192,685171;0;8192,685171;USDC
Arbitrum One;0xacb7432a4bb15402ce2afe0a7c9d5b738604f6f9;0xac69cfe6bb269cebf8ab4764d7e678c3658b99f2;0x9c68a6315c76746de52c39147883b8406b514eec;contract_other;200,658581;0;0;USDC
Arbitrum One;0xacb7432a4bb15402ce2afe0a7c9d5b738604f6f9;0xac69cfe6bb269cebf8ab4764d7e678c3658b99f2;0x9d3666ac78ee404d3f490e4216b9c79e35aa97d9;eoa;5071,964321;0;0;USDC
Arbitrum One;0xacb7432a4bb15402ce2afe0a7c9d5b738604f6f9;0xac69cfe6bb269cebf8ab4764d7e678c3658b99f2;0xac8a099bf137a6d25c5e1993ce3a3eac906201b5;eoa;3028,381036;0;3028,381036;USDC
Arbitrum One;0xacb7432a4bb15402ce2afe0a7c9d5b738604f6f9;0xac69cfe6bb269cebf8ab4764d7e678c3658b99f2;0xb2ace1d4800e2bda9efeb9d71c1e8c9e2ed56445;eoa;1009,614595;0;1009,614595;USDC
Arbitrum One;0xacb7432a4bb15402ce2afe0a7c9d5b738604f6f9;0xac69cfe6bb269cebf8ab4764d7e678c3658b99f2;0xce8b06b94dfe59852a5f17c2f3783f6eb19a8fbb;eoa;1213,985553;0;1213,985553;USDC
Arbitrum One;0xacb7432a4bb15402ce2afe0a7c9d5b738604f6f9;0xac69cfe6bb269cebf8ab4764d7e678c3658b99f2;0xdd029132b83d56b2ef11be69e0cec5905cc3c16b;eoa;101,369292;0;101,369292;USDC
Arbitrum One;0xacb7432a4bb15402ce2afe0a7c9d5b738604f6f9;0xac69cfe6bb269cebf8ab4764d7e678c3658b99f2;0xec302e758b5c9df7324bfe88a3337d822fd2d9cd;eoa;10245,93349;0;10245,93349;USDC
Arbitrum One;0xacb7432a4bb15402ce2afe0a7c9d5b738604f6f9;0xac69cfe6bb269cebf8ab4764d7e678c3658b99f2;0xf163d77b8efc151757fecba3d463f3bac7a4d808;eoa;383,631409;0;-84669,589007;USDC
Arbitrum One;0xacb7432a4bb15402ce2afe0a7c9d5b738604f6f9;0xac69cfe6bb269cebf8ab4764d7e678c3658b99f2;0xf5c4ab52a9b4b1732d552115ef9382bc89082b48;Gnosis Safe;91753,01416;0;0;USDC
Arbitrum One;0xacb7432a4bb15402ce2afe0a7c9d5b738604f6f9;0xac69cfe6bb269cebf8ab4764d7e678c3658b99f2;0xfc5fe644418ae797e9fdb8f32101c2cbaa73bf73;eoa;4719,362939;0;4719,362939;USDC
Arbitrum One;0xacb7432a4bb15402ce2afe0a7c9d5b738604f6f9;0xac69cfe6bb269cebf8ab4764d7e678c3658b99f2;0x965fc41a953b538a7fd6f9e0b779ec6056842c9a;eoa;0;0;5927,951934;USDC
Arbitrum One;0xacb7432a4bb15402ce2afe0a7c9d5b738604f6f9;0xac69cfe6bb269cebf8ab4764d7e678c3658b99f2;0xe1d2d6c63ffdbd981cd4b1eb9ab25c2e4223a3c1;eoa;0;0;2,272559;USDC
Arbitrum One;0xacb7432a4bb15402ce2afe0a7c9d5b738604f6f9;0xac69cfe6bb269cebf8ab4764d7e678c3658b99f2;0x7dae957271ac61ed40c0d50d4554729a69cabab8;eoa;0;0;1,083834;USDC
Arbitrum One;0xacb7432a4bb15402ce2afe0a7c9d5b738604f6f9;0xac69cfe6bb269cebf8ab4764d7e678c3658b99f2;0x99794a30eac50663f79e16cba223e2764f701cd4;eoa;0;0;0;USDC
Arbitrum One;0xacb7432a4bb15402ce2afe0a7c9d5b738604f6f9;0xac69cfe6bb269cebf8ab4764d7e678c3658b99f2;0xc25a1a619332869b6bc896333ddc5e8cdb8d4342;eoa;0;0;103144,894842;USDC
Arbitrum One;0xacb7432a4bb15402ce2afe0a7c9d5b738604f6f9;0xac69cfe6bb269cebf8ab4764d7e678c3658b99f2;0x3281c4a18d63e3b4b0c7f1e2ac096ccc4e74f404;eoa;0;0;73661,339734;USDC
Arbitrum One;0xacb7432a4bb15402ce2afe0a7c9d5b738604f6f9;0xac69cfe6bb269cebf8ab4764d7e678c3658b99f2;0xee3a8faef6c61c97e4039b3f569276605e61c5c3;eoa;0;0;5071,964321;USDC
Arbitrum One;0xacb7432a4bb15402ce2afe0a7c9d5b738604f6f9;0xac69cfe6bb269cebf8ab4764d7e678c3658b99f2;0x0f089078099748c8a196b52710b01d4cb404578d;contract_other;0;0;0,005595;USDC
Arbitrum One;0xacb7432a4bb15402ce2afe0a7c9d5b738604f6f9;0xac69cfe6bb269cebf8ab4764d7e678c3658b99f2;0xbffea8f529521fc16b1a2dd1576f2fbdc5a8a3f3;eoa;0;0;2537,995592;USDC
Avalanche C-Chain;0x7437ac81457fa98ffb2d0c8f9943ecfe4813e2f1;;0x5f8d594f121732d478c3a79c59bcd02823b6e7a3;eoa;75,47966505;0;75,47966505;BTC.b
Avalanche C-Chain;0x7437ac81457fa98ffb2d0c8f9943ecfe4813e2f1;;0x0fb51627a4d9e01b24c427bb62ed8d5c9018f8f6;contract_other;12,78841011;0;12,78841011;BTC.b
Avalanche C-Chain;0x7437ac81457fa98ffb2d0c8f9943ecfe4813e2f1;;0x01ddb29204e1a1f8d389cc8947ce9f7e7bc5e316;eoa;4,53888474;0;4,53888474;BTC.b
Avalanche C-Chain;0x7437ac81457fa98ffb2d0c8f9943ecfe4813e2f1;;0x2835ea04e280998feccd9b995616e3847fe2b42f;eoa;4,02675523;0;0;BTC.b
Avalanche C-Chain;0x7437ac81457fa98ffb2d0c8f9943ecfe4813e2f1;;0xb0d6d4c605e80f95759c18927bb7d51f51085f21;eoa;4,01787643;0;4,01787643;BTC.b
Avalanche C-Chain;0x7437ac81457fa98ffb2d0c8f9943ecfe4813e2f1;;0xe75ef069e131a40a764b8e271248afc5e6b1007e;eoa;2,52182684;0;2,52182684;BTC.b
Avalanche C-Chain;0x7437ac81457fa98ffb2d0c8f9943ecfe4813e2f1;;0x8dabc2c68b5e44e865f089e60320d4a10a785b99;eoa;2,44893226;0;0;BTC.b
Avalanche C-Chain;0x7437ac81457fa98ffb2d0c8f9943ecfe4813e2f1;;0xd09a31e1260ff2fdfb9372b9778b2615b90fd7c5;eoa;0,50180122;0;0,50180122;BTC.b
Avalanche C-Chain;0x7437ac81457fa98ffb2d0c8f9943ecfe4813e2f1;;0x22fffc9983b4c14f405956a502136612d94cbe59;Gnosis Safe;0,28790318;0;0,28790318;BTC.b
Avalanche C-Chain;0x7437ac81457fa98ffb2d0c8f9943ecfe4813e2f1;;0x4eaac96f2d275764ad7259c303fc932d8f6b1e49;eoa;0,21263209;0;0,21263209;BTC.b
Avalanche C-Chain;0x7437ac81457fa98ffb2d0c8f9943ecfe4813e2f1;;0x99e4b3a0217f7e45815cc7726caeec63689a016f;eoa;0,17048279;0;0,17048279;BTC.b
Avalanche C-Chain;0x7437ac81457fa98ffb2d0c8f9943ecfe4813e2f1;;0xca11800c3c200188115ecbdb3e364e7592fb08bb;eoa;0,15394338;0;0,15394338;BTC.b
Avalanche C-Chain;0x7437ac81457fa98ffb2d0c8f9943ecfe4813e2f1;;0x4384efa75e6d9f0112e438e9c6bff4dbe1b973ee;eoa;0,13826643;0;0,13826643;BTC.b
Avalanche C-Chain;0x7437ac81457fa98ffb2d0c8f9943ecfe4813e2f1;;0xd79f07c3aba708579b67d8db48a12cc775d9c1b2;eoa;0,10052462;0;0,10052462;BTC.b
Avalanche C-Chain;0x7437ac81457fa98ffb2d0c8f9943ecfe4813e2f1;;0x65c5060c68e8ecba2ad650c98a50cb5749aca860;eoa;0,0708222;0;0,0708222;BTC.b
Avalanche C-Chain;0x7437ac81457fa98ffb2d0c8f9943ecfe4813e2f1;;0x1b8779539bf00dbddbeaf5fbf3fe49ea3f007d2d;eoa;0,05818269;0;0;BTC.b
Avalanche C-Chain;0x7437ac81457fa98ffb2d0c8f9943ecfe4813e2f1;;0x658e0f8a4644719944655b59201bc0c77af9c002;eoa;0,05057077;0;0,05057077;BTC.b
Avalanche C-Chain;0x7437ac81457fa98ffb2d0c8f9943ecfe4813e2f1;;0x04396b5eaf1932e00657cb85b3fc5eeb19afcb92;eoa;0,04737558;0;0,04737558;BTC.b
Avalanche C-Chain;0x7437ac81457fa98ffb2d0c8f9943ecfe4813e2f1;;0xfc1e208d61f32c347b3fe162f54b2a2c100e5cf7;eoa;0,04506609;0;0,04506609;BTC.b
Avalanche C-Chain;0x7437ac81457fa98ffb2d0c8f9943ecfe4813e2f1;;0x8981d513a5210c25f3ceabc0c95851162f7e8bb6;eoa;0,03274075;0;0,03274075;BTC.b
Avalanche C-Chain;0x7437ac81457fa98ffb2d0c8f9943ecfe4813e2f1;;0xd3ed52f245fc73858579f1650973af44ed919c04;eoa;0,02549245;0;0,02549245;BTC.b
Avalanche C-Chain;0x7437ac81457fa98ffb2d0c8f9943ecfe4813e2f1;;0x813e2fb1a87828c8af9ada0b99c585ef6b200772;eoa;0,02253595;0;0,02253595;BTC.b
Avalanche C-Chain;0x7437ac81457fa98ffb2d0c8f9943ecfe4813e2f1;;0x73860dc8055a36199fa017e4d9b6584e1497df85;eoa;0,02082305;0;0,02082305;BTC.b
Avalanche C-Chain;0x7437ac81457fa98ffb2d0c8f9943ecfe4813e2f1;;0x7071849b54b46abd70c97db7d1767d380fb2c9ac;eoa;0,02051478;0;0,02048432;BTC.b
Avalanche C-Chain;0x7437ac81457fa98ffb2d0c8f9943ecfe4813e2f1;;0xf485d7e9c5608b6f9b548888064ea7190d51b075;eoa;0,01787596;0;0,01787596;BTC.b
Avalanche C-Chain;0x7437ac81457fa98ffb2d0c8f9943ecfe4813e2f1;;0xf03289d30bbeb5b3c095721a49946016d6f800cc;eoa;0,01450783;0;0,01450783;BTC.b
Avalanche C-Chain;0x7437ac81457fa98ffb2d0c8f9943ecfe4813e2f1;;0xb0f933869eb41b3f82222e43788c7a35fb71ca5f;eoa;0,01250179;0;0,01250179;BTC.b
Avalanche C-Chain;0x7437ac81457fa98ffb2d0c8f9943ecfe4813e2f1;;0x991db6667b089af9dca60b012aabd7a2ea2f5775;eoa;0,01145273;0;0,01145273;BTC.b
Avalanche C-Chain;0x7437ac81457fa98ffb2d0c8f9943ecfe4813e2f1;;0x5b360046336c7bbf42f0c3060e84b7626e83e552;eoa;0,0107587;0;0,0107587;BTC.b
Avalanche C-Chain;0x7437ac81457fa98ffb2d0c8f9943ecfe4813e2f1;;0xc80a5430d22e8f96b9fbf0d4d0925bc9e60daa1c;eoa;0,01053108;0;0,01053108;BTC.b
Avalanche C-Chain;0x7437ac81457fa98ffb2d0c8f9943ecfe4813e2f1;;0x5ca3894e351cccb459fdd709fad07e5c65f69df0;eoa;0,01006332;0;0,01006332;BTC.b
Avalanche C-Chain;0x7437ac81457fa98ffb2d0c8f9943ecfe4813e2f1;;0x58f1101f3632f1d0544197351fbded673f4b43f1;eoa;0,0094146;0;0;BTC.b
Avalanche C-Chain;0x7437ac81457fa98ffb2d0c8f9943ecfe4813e2f1;;0x4c4c2c4896e800caec25d4c05d8f9e333b820c4b;eoa;0,00745263;0;0,00745263;BTC.b
Avalanche C-Chain;0x7437ac81457fa98ffb2d0c8f9943ecfe4813e2f1;;0xd8bc75bfbdda718e04c800190be28da8acf922d4;eoa;0,00670673;0;0,00670673;BTC.b
Avalanche C-Chain;0x7437ac81457fa98ffb2d0c8f9943ecfe4813e2f1;;0xfccd8060df72444270fe92e994241049c6a21152;eoa;0,00611985;0;0,00611985;BTC.b
Avalanche C-Chain;0x7437ac81457fa98ffb2d0c8f9943ecfe4813e2f1;;0x6af8703f1de5e2c694bdf1d99398c001303593dd;eoa;0,00510399;0;0,00510399;BTC.b
Avalanche C-Chain;0x7437ac81457fa98ffb2d0c8f9943ecfe4813e2f1;;0x0338af0af67c15a5bc0d108e61cbeaba46716934;eoa;0,00503724;0;0,00503724;BTC.b
Avalanche C-Chain;0x7437ac81457fa98ffb2d0c8f9943ecfe4813e2f1;;0xe062affd3cdd04e6393ac3e0970f18e4fa6b31bd;eoa;0,00420142;0;0,00420142;BTC.b
Avalanche C-Chain;0x7437ac81457fa98ffb2d0c8f9943ecfe4813e2f1;;0xdfb9323b7f30472acec5b45a0723f1f4e87a30e4;eoa;0,00402046;0;0,00402046;BTC.b
Avalanche C-Chain;0x7437ac81457fa98ffb2d0c8f9943ecfe4813e2f1;;0xd9e9becd1b7efdb99ce8c77f0db795c9915e3a7b;eoa;0,00238416;0;0,00238416;BTC.b
Avalanche C-Chain;0x7437ac81457fa98ffb2d0c8f9943ecfe4813e2f1;;0xd670a99b9ad6b9fe256294f51cfe5f38e51d54aa;eoa;0,00238011;0;0,00238011;BTC.b
Avalanche C-Chain;0x7437ac81457fa98ffb2d0c8f9943ecfe4813e2f1;;0xfe08d06a422992ab8eb3dbcd1475f39c8d595ca5;eoa;0,0020697;0;0,0020697;BTC.b
Avalanche C-Chain;0x7437ac81457fa98ffb2d0c8f9943ecfe4813e2f1;;0xfb91acc79fd1d9632a9d1f07e081311d3d216d7b;eoa;0,00201693;0;0,00201693;BTC.b
Avalanche C-Chain;0x7437ac81457fa98ffb2d0c8f9943ecfe4813e2f1;;0x4d26f0e78c154f8fda7acf6646246fa135507017;eoa;0,00147356;0;0,00147356;BTC.b
Avalanche C-Chain;0x7437ac81457fa98ffb2d0c8f9943ecfe4813e2f1;;0x9426fd9ee7da0366c0053460e7b9c9ad22c58ace;eoa;0,0012344;0;0,0012344;BTC.b
Avalanche C-Chain;0x7437ac81457fa98ffb2d0c8f9943ecfe4813e2f1;;0x26d067c1bd1762d9bb6efe783b1fcd925f0e746d;eoa;0,00118797;0;0,00118797;BTC.b
Avalanche C-Chain;0x7437ac81457fa98ffb2d0c8f9943ecfe4813e2f1;;0xd7ddb0ae11f7c2292bc86b3daef22102a3bd6b24;eoa;0,00100399;0;0,00100399;BTC.b
Avalanche C-Chain;0x7437ac81457fa98ffb2d0c8f9943ecfe4813e2f1;;0x65712c701d20ab17fc7d4f6d199a485aa2f4e8a4;eoa;0,00076619;0;0,00076619;BTC.b
Avalanche C-Chain;0x7437ac81457fa98ffb2d0c8f9943ecfe4813e2f1;;0xfbc97dd0924eea46b24df46f7d5a49ddabadbbea;eoa;0,00068809;0;0,00068809;BTC.b
Avalanche C-Chain;0x7437ac81457fa98ffb2d0c8f9943ecfe4813e2f1;;0xa011d83fc3c430156fa2c4e26b9fa1182317dae6;eoa;0,00055219;0;0,00055219;BTC.b
Avalanche C-Chain;0x7437ac81457fa98ffb2d0c8f9943ecfe4813e2f1;;0x71ec75c1e803074e88d803a261089c5c945e7290;eoa;0,00050166;0;0,00050166;BTC.b
Avalanche C-Chain;0x7437ac81457fa98ffb2d0c8f9943ecfe4813e2f1;;0xfcad996b1dd841914849fde990f4a8db75204c88;eoa;0,00042676;0;0,00042676;BTC.b
Avalanche C-Chain;0x7437ac81457fa98ffb2d0c8f9943ecfe4813e2f1;;0x3e8c91472fc50a8528e448ff501af9bf8c00cceb;eoa;0,00029921;0;0,00029921;BTC.b
Avalanche C-Chain;0x7437ac81457fa98ffb2d0c8f9943ecfe4813e2f1;;0x7ecdf02a782fc695a4d71d26d6f334eb015aa4b3;contract_other;0,00026548;0;0,00026548;BTC.b
Avalanche C-Chain;0x7437ac81457fa98ffb2d0c8f9943ecfe4813e2f1;;0x818793666bd9c5db5a5a857dbce731a623963e58;eoa;0,00022848;0;0,00022848;BTC.b
Avalanche C-Chain;0x7437ac81457fa98ffb2d0c8f9943ecfe4813e2f1;;0xc5f35ebce3ea365dbffc6a5a27819b660d24716d;eoa;0,00008305;0;0,00008305;BTC.b
Avalanche C-Chain;0x7437ac81457fa98ffb2d0c8f9943ecfe4813e2f1;;0x27fae42e93707f93018c965cf3f16a67d848d1ff;eoa;0,00003566;0;0,00003566;BTC.b
Avalanche C-Chain;0x7437ac81457fa98ffb2d0c8f9943ecfe4813e2f1;;0xec0431925b54c5a0c824b05cf7ee4b6390b66d3b;eoa;0,00000002;0;0,00000002;BTC.b
Avalanche C-Chain;0x7437ac81457fa98ffb2d0c8f9943ecfe4813e2f1;;0xc82cdaa6542a9171fc80f2b67d36351394436a8c;eoa;0;0;2,44893226;BTC.b
Avalanche C-Chain;0x7437ac81457fa98ffb2d0c8f9943ecfe4813e2f1;;0x965fc41a953b538a7fd6f9e0b779ec6056842c9a;eoa;0;0;0,05818269;BTC.b
Avalanche C-Chain;0x7437ac81457fa98ffb2d0c8f9943ecfe4813e2f1;;0xc21fd1f69af4f60c80a638c378cce14085ef4bf5;eoa;0;0;0;BTC.b
Avalanche C-Chain;0x7437ac81457fa98ffb2d0c8f9943ecfe4813e2f1;;0x0a009741192aa0bffe53b376e000ce7435f00012;eoa;0;0;4,02675523;BTC.b
Avalanche C-Chain;0x7437ac81457fa98ffb2d0c8f9943ecfe4813e2f1;;0x74d6e64a58f3b852f8c9c627fcb83cf672d0f9be;eoa;0;0;0,00003046;BTC.b
Avalanche C-Chain;0x7437ac81457fa98ffb2d0c8f9943ecfe4813e2f1;;0x631a1d3a0f858cd0e24b3caab235d18325699ce3;eoa;0;0;0,0094146;BTC.b
Avalanche C-Chain;0x7437ac81457fa98ffb2d0c8f9943ecfe4813e2f1;0x1f8e769b5b6010b2c2bbcd68629ea1a0a0eda7e3;0x00f3f3303e94b0c0412cf10b41477394179fe58e;eoa;0,10790862;0;0,01954394;BTC.b
Avalanche C-Chain;0x7437ac81457fa98ffb2d0c8f9943ecfe4813e2f1;0x1f8e769b5b6010b2c2bbcd68629ea1a0a0eda7e3;0x021b8d868a589aad0dd1297dce136d31b23bdfe7;eoa;0,00521737;0;0,00521737;BTC.b
Avalanche C-Chain;0x7437ac81457fa98ffb2d0c8f9943ecfe4813e2f1;0x1f8e769b5b6010b2c2bbcd68629ea1a0a0eda7e3;0x022d86f518b7f79fc3631e24d1547106456b02fd;eoa;0,09132375;0;0,09132375;BTC.b
Avalanche C-Chain;0x7437ac81457fa98ffb2d0c8f9943ecfe4813e2f1;0x1f8e769b5b6010b2c2bbcd68629ea1a0a0eda7e3;0x06c90744b36fefc20d17018ba3dc31a00e922222;eoa;0,03760155;0;0,03760155;BTC.b
Avalanche C-Chain;0x7437ac81457fa98ffb2d0c8f9943ecfe4813e2f1;0x1f8e769b5b6010b2c2bbcd68629ea1a0a0eda7e3;0x06e6759e6d1b2283f802c8c4bf508247d25b0c5f;eoa;0,00881038;0;0,00881038;BTC.b
Avalanche C-Chain;0x7437ac81457fa98ffb2d0c8f9943ecfe4813e2f1;0x1f8e769b5b6010b2c2bbcd68629ea1a0a0eda7e3;0x082f554a92da8311a8b6c62ba432b24f33790458;eoa;0,00004032;0;0,00004032;BTC.b
Avalanche C-Chain;0x7437ac81457fa98ffb2d0c8f9943ecfe4813e2f1;0x1f8e769b5b6010b2c2bbcd68629ea1a0a0eda7e3;0x08921cc0bbbb06ee2fae9f0c1ec695f8d40b2fbe;eoa;0,00250697;0;0,00250697;BTC.b
Avalanche C-Chain;0x7437ac81457fa98ffb2d0c8f9943ecfe4813e2f1;0x1f8e769b5b6010b2c2bbcd68629ea1a0a0eda7e3;0x08b776a6907303558433be9b9583f21d41a58dfd;eoa;0,01011892;0;0,01011892;BTC.b
Avalanche C-Chain;0x7437ac81457fa98ffb2d0c8f9943ecfe4813e2f1;0x1f8e769b5b6010b2c2bbcd68629ea1a0a0eda7e3;0x0dffa0d8f5e3b7ed53b9d11c3789da2be46758ea;eoa;0,00022835;0;0,00022835;BTC.b
Avalanche C-Chain;0x7437ac81457fa98ffb2d0c8f9943ecfe4813e2f1;0x1f8e769b5b6010b2c2bbcd68629ea1a0a0eda7e3;0x0fb51627a4d9e01b24c427bb62ed8d5c9018f8f6;contract_other;0,00000725;0;0,00000725;BTC.b
Avalanche C-Chain;0x7437ac81457fa98ffb2d0c8f9943ecfe4813e2f1;0x1f8e769b5b6010b2c2bbcd68629ea1a0a0eda7e3;0x117a8c21f5f54a8d72760e23c88bb0c7283533fb;eoa;0,00014123;0;0,00014123;BTC.b
Avalanche C-Chain;0x7437ac81457fa98ffb2d0c8f9943ecfe4813e2f1;0x1f8e769b5b6010b2c2bbcd68629ea1a0a0eda7e3;0x11c30a5634396bbb667eacdaf492687aa24db317;eoa;0,00389373;0;0,00389373;BTC.b
Avalanche C-Chain;0x7437ac81457fa98ffb2d0c8f9943ecfe4813e2f1;0x1f8e769b5b6010b2c2bbcd68629ea1a0a0eda7e3;0x13473c092c8d75f44e09467bfa220b4053871670;eoa;0,00090201;0;0,00090201;BTC.b
Avalanche C-Chain;0x7437ac81457fa98ffb2d0c8f9943ecfe4813e2f1;0x1f8e769b5b6010b2c2bbcd68629ea1a0a0eda7e3;0x188f21519bea307d59ae58c676facb0cddd22a71;eoa;0,03530637;0;0,03530637;BTC.b
Avalanche C-Chain;0x7437ac81457fa98ffb2d0c8f9943ecfe4813e2f1;0x1f8e769b5b6010b2c2bbcd68629ea1a0a0eda7e3;0x1b38202254d845c1a7d3bf81ef587806a2319b78;eoa;0,00015117;0;0,00015117;BTC.b
Avalanche C-Chain;0x7437ac81457fa98ffb2d0c8f9943ecfe4813e2f1;0x1f8e769b5b6010b2c2bbcd68629ea1a0a0eda7e3;0x1ecdd9c3f1e6772112078ae155a3557e72600f3b;eoa;0,00216849;0;0,00216849;BTC.b
Avalanche C-Chain;0x7437ac81457fa98ffb2d0c8f9943ecfe4813e2f1;0x1f8e769b5b6010b2c2bbcd68629ea1a0a0eda7e3;0x285e6e07ce1bcd84cc9b6f2ef661de222899eb23;eoa;0,00753427;0;0,00753427;BTC.b
Avalanche C-Chain;0x7437ac81457fa98ffb2d0c8f9943ecfe4813e2f1;0x1f8e769b5b6010b2c2bbcd68629ea1a0a0eda7e3;0x2b77b56fb41901a15e50bd2aefb15e4a5fbde018;eoa;0,00008439;0;0;BTC.b
Avalanche C-Chain;0x7437ac81457fa98ffb2d0c8f9943ecfe4813e2f1;0x1f8e769b5b6010b2c2bbcd68629ea1a0a0eda7e3;0x3630d26e51c03026f4f063d69d65f8e234eeaf5b;contract_other;0,00001486;0;0;BTC.b
Avalanche C-Chain;0x7437ac81457fa98ffb2d0c8f9943ecfe4813e2f1;0x1f8e769b5b6010b2c2bbcd68629ea1a0a0eda7e3;0x422b240ff511e4f7eea42c8b8b1cc0553514d74b;eoa;0,25934137;0;0,25934137;BTC.b
Avalanche C-Chain;0x7437ac81457fa98ffb2d0c8f9943ecfe4813e2f1;0x1f8e769b5b6010b2c2bbcd68629ea1a0a0eda7e3;0x4370b104c44c5f7d66ffd9d59daca5e5c7396557;eoa;0,00001006;0;0,00001006;BTC.b
Avalanche C-Chain;0x7437ac81457fa98ffb2d0c8f9943ecfe4813e2f1;0x1f8e769b5b6010b2c2bbcd68629ea1a0a0eda7e3;0x47e05bb20a14c9a27fa8706af83fff7a480de47f;eoa;0,00131796;0;0,00131796;BTC.b
Avalanche C-Chain;0x7437ac81457fa98ffb2d0c8f9943ecfe4813e2f1;0x1f8e769b5b6010b2c2bbcd68629ea1a0a0eda7e3;0x4c145259dfb7a29a219c7b4fe39a761ffa846dcd;erc4626_unresolved;0,00279412;0;0,00467197;BTC.b
Avalanche C-Chain;0x7437ac81457fa98ffb2d0c8f9943ecfe4813e2f1;0x1f8e769b5b6010b2c2bbcd68629ea1a0a0eda7e3;0x4d0d682cbdbf2c120018b0a56f318057926b67f0;eoa;0,00200497;0;0,00200497;BTC.b
Avalanche C-Chain;0x7437ac81457fa98ffb2d0c8f9943ecfe4813e2f1;0x1f8e769b5b6010b2c2bbcd68629ea1a0a0eda7e3;0x4d26f0e78c154f8fda7acf6646246fa135507017;eoa;0,00030225;0;0,0003383;BTC.b
Avalanche C-Chain;0x7437ac81457fa98ffb2d0c8f9943ecfe4813e2f1;0x1f8e769b5b6010b2c2bbcd68629ea1a0a0eda7e3;0x4d53420119532c286b1f23990670b7e8a158816a;eoa;0,11537066;0;0,11537066;BTC.b
Avalanche C-Chain;0x7437ac81457fa98ffb2d0c8f9943ecfe4813e2f1;0x1f8e769b5b6010b2c2bbcd68629ea1a0a0eda7e3;0x4fc5ae0b6379683816f5a44bb9d48235c909354c;eoa;2,50368259;0;2,50368259;BTC.b
Avalanche C-Chain;0x7437ac81457fa98ffb2d0c8f9943ecfe4813e2f1;0x1f8e769b5b6010b2c2bbcd68629ea1a0a0eda7e3;0x50de2fb5cd259c1b99dbd3bb4e7aac76be7288fc;eoa;0,31515933;0;-14,089563;BTC.b
Avalanche C-Chain;0x7437ac81457fa98ffb2d0c8f9943ecfe4813e2f1;0x1f8e769b5b6010b2c2bbcd68629ea1a0a0eda7e3;0x5600452ec82def8f2105f90d70170653915a93eb;eoa;0,0003366;0;0,0003366;BTC.b
Avalanche C-Chain;0x7437ac81457fa98ffb2d0c8f9943ecfe4813e2f1;0x1f8e769b5b6010b2c2bbcd68629ea1a0a0eda7e3;0x56092cfd99b8d0246776211ae1fb19ebc86e216d;eoa;0,00000954;0;0,00000954;BTC.b
Avalanche C-Chain;0x7437ac81457fa98ffb2d0c8f9943ecfe4813e2f1;0x1f8e769b5b6010b2c2bbcd68629ea1a0a0eda7e3;0x57d607866c63ab8cf2ff32fa2c2e30061a71cf9e;eoa;0,50263185;0;0,47218738;BTC.b
Avalanche C-Chain;0x7437ac81457fa98ffb2d0c8f9943ecfe4813e2f1;0x1f8e769b5b6010b2c2bbcd68629ea1a0a0eda7e3;0x5899829fda233a34769cb6c07a523bb49a1d5b10;eoa;0,40358913;0;0,40358913;BTC.b
Avalanche C-Chain;0x7437ac81457fa98ffb2d0c8f9943ecfe4813e2f1;0x1f8e769b5b6010b2c2bbcd68629ea1a0a0eda7e3;0x5a0e1bddf70cb32c87f030655651cb89c386de53;contract_other;0,00043609;0;0,00043609;BTC.b
Avalanche C-Chain;0x7437ac81457fa98ffb2d0c8f9943ecfe4813e2f1;0x1f8e769b5b6010b2c2bbcd68629ea1a0a0eda7e3;0x5a5bb9eb52c80626a80785def77794be624cec27;eoa;0,00064061;0;0,00064061;BTC.b
Avalanche C-Chain;0x7437ac81457fa98ffb2d0c8f9943ecfe4813e2f1;0x1f8e769b5b6010b2c2bbcd68629ea1a0a0eda7e3;0x5eb839f70636d02fec2dbcc4fd1a104fb5f4e383;eoa;0,00001822;0;0,00001822;BTC.b
Avalanche C-Chain;0x7437ac81457fa98ffb2d0c8f9943ecfe4813e2f1;0x1f8e769b5b6010b2c2bbcd68629ea1a0a0eda7e3;0x5f81ba08feeb1d1e00d64997d69d936b65c1be5a;eoa;0,00128827;0;0,00128827;BTC.b
Avalanche C-Chain;0x7437ac81457fa98ffb2d0c8f9943ecfe4813e2f1;0x1f8e769b5b6010b2c2bbcd68629ea1a0a0eda7e3;0x5f8d594f121732d478c3a79c59bcd02823b6e7a3;eoa;157,09457048;0;157,09457048;BTC.b
Avalanche C-Chain;0x7437ac81457fa98ffb2d0c8f9943ecfe4813e2f1;0x1f8e769b5b6010b2c2bbcd68629ea1a0a0eda7e3;0x61dee8583af28fcaa8be1c2f4c284b177bbcc2c3;eoa;0,00980864;0;0,00980864;BTC.b
Avalanche C-Chain;0x7437ac81457fa98ffb2d0c8f9943ecfe4813e2f1;0x1f8e769b5b6010b2c2bbcd68629ea1a0a0eda7e3;0x63242a4ea82847b20e506b63b0e2e2eff0cc6cb0;contract_other;0;0;0;BTC.b
Avalanche C-Chain;0x7437ac81457fa98ffb2d0c8f9943ecfe4813e2f1;0x1f8e769b5b6010b2c2bbcd68629ea1a0a0eda7e3;0x649bbc82359d6d1408b17463b400d6044a5bc01a;eoa;0,03005246;0;0,03005246;BTC.b
Avalanche C-Chain;0x7437ac81457fa98ffb2d0c8f9943ecfe4813e2f1;0x1f8e769b5b6010b2c2bbcd68629ea1a0a0eda7e3;0x658e0f8a4644719944655b59201bc0c77af9c002;eoa;0,05049358;0;0,05049358;BTC.b
Avalanche C-Chain;0x7437ac81457fa98ffb2d0c8f9943ecfe4813e2f1;0x1f8e769b5b6010b2c2bbcd68629ea1a0a0eda7e3;0x6630527563f8b15c53d02658478dd91224857192;eoa;0,45044797;0;0,44729364;BTC.b
Avalanche C-Chain;0x7437ac81457fa98ffb2d0c8f9943ecfe4813e2f1;0x1f8e769b5b6010b2c2bbcd68629ea1a0a0eda7e3;0x68b1c5deaf2b5de25d7eed4e6d453acb0502177d;eoa;0,19398233;0;0,19398233;BTC.b
Avalanche C-Chain;0x7437ac81457fa98ffb2d0c8f9943ecfe4813e2f1;0x1f8e769b5b6010b2c2bbcd68629ea1a0a0eda7e3;0x71a240f4ff7d2aad954c8c748f5f2f387f5c08df;eoa;0,05214548;0;0,04800032;BTC.b
Avalanche C-Chain;0x7437ac81457fa98ffb2d0c8f9943ecfe4813e2f1;0x1f8e769b5b6010b2c2bbcd68629ea1a0a0eda7e3;0x71ec75c1e803074e88d803a261089c5c945e7290;eoa;0,00050054;0;0,00050054;BTC.b
Avalanche C-Chain;0x7437ac81457fa98ffb2d0c8f9943ecfe4813e2f1;0x1f8e769b5b6010b2c2bbcd68629ea1a0a0eda7e3;0x75df81892ce0126614dcdb58420e0711dc8ac1eb;eoa;0,00100536;0;0,00100536;BTC.b
Avalanche C-Chain;0x7437ac81457fa98ffb2d0c8f9943ecfe4813e2f1;0x1f8e769b5b6010b2c2bbcd68629ea1a0a0eda7e3;0x76b0b984877f79c061504f63b59007aa4fd5fbdb;eoa;0,15037263;0;0,15037263;BTC.b
Avalanche C-Chain;0x7437ac81457fa98ffb2d0c8f9943ecfe4813e2f1;0x1f8e769b5b6010b2c2bbcd68629ea1a0a0eda7e3;0x7d14ace170ad49aab07838f1ad1412541b1dba56;eoa;0,04969313;0;0,04969313;BTC.b
Avalanche C-Chain;0x7437ac81457fa98ffb2d0c8f9943ecfe4813e2f1;0x1f8e769b5b6010b2c2bbcd68629ea1a0a0eda7e3;0x8d2ae74898d7c068dd9e1a73929dd77b75d819b7;eoa;0,00036391;0;0,00036391;BTC.b
Avalanche C-Chain;0x7437ac81457fa98ffb2d0c8f9943ecfe4813e2f1;0x1f8e769b5b6010b2c2bbcd68629ea1a0a0eda7e3;0x8e36d411cb910ef657830927a04d3fa9e4cfc52c;eoa;0,00485419;0;0,00485419;BTC.b
Avalanche C-Chain;0x7437ac81457fa98ffb2d0c8f9943ecfe4813e2f1;0x1f8e769b5b6010b2c2bbcd68629ea1a0a0eda7e3;0x90af14e7a2f2b530508f1f145272b2385963af25;eoa;0,00508324;0;0,00508324;BTC.b
Avalanche C-Chain;0x7437ac81457fa98ffb2d0c8f9943ecfe4813e2f1;0x1f8e769b5b6010b2c2bbcd68629ea1a0a0eda7e3;0x9131e097e43600dedbc73e2890009a0dcfcf8378;eoa;0,0300784;0;0,0300784;BTC.b
Avalanche C-Chain;0x7437ac81457fa98ffb2d0c8f9943ecfe4813e2f1;0x1f8e769b5b6010b2c2bbcd68629ea1a0a0eda7e3;0x99d73c14b0c34e5e10741e86584184b3c824dede;eoa;0,00001194;0;0,00001194;BTC.b
Avalanche C-Chain;0x7437ac81457fa98ffb2d0c8f9943ecfe4813e2f1;0x1f8e769b5b6010b2c2bbcd68629ea1a0a0eda7e3;0x9accae40845818a0447a565baa8f089ceca31f7c;eoa;0,00586145;0;0,00586145;BTC.b
Avalanche C-Chain;0x7437ac81457fa98ffb2d0c8f9943ecfe4813e2f1;0x1f8e769b5b6010b2c2bbcd68629ea1a0a0eda7e3;0x9b9e8bc43c15559653868587a193bd014dff5c65;eoa;0,02095539;0;0,02095539;BTC.b
Avalanche C-Chain;0x7437ac81457fa98ffb2d0c8f9943ecfe4813e2f1;0x1f8e769b5b6010b2c2bbcd68629ea1a0a0eda7e3;0x9e63ed47aace35ab34caf2eed8ce00a56eda9762;eoa;0,00026235;0;0,00026235;BTC.b
Avalanche C-Chain;0x7437ac81457fa98ffb2d0c8f9943ecfe4813e2f1;0x1f8e769b5b6010b2c2bbcd68629ea1a0a0eda7e3;0x9f3fb738ff7c1d0f4f902265264a03189e6c7d37;eoa;0,05531864;0;0,05531864;BTC.b
Avalanche C-Chain;0x7437ac81457fa98ffb2d0c8f9943ecfe4813e2f1;0x1f8e769b5b6010b2c2bbcd68629ea1a0a0eda7e3;0xa2cdc60e63d9a56ef90fae33819082f603f656d9;eoa;0,00010093;0;0,00010093;BTC.b
Avalanche C-Chain;0x7437ac81457fa98ffb2d0c8f9943ecfe4813e2f1;0x1f8e769b5b6010b2c2bbcd68629ea1a0a0eda7e3;0xb0833ff9983b7b56af49efecf1fbd1c82fdbe0ed;eoa;0,10093591;0;0,10093591;BTC.b
Avalanche C-Chain;0x7437ac81457fa98ffb2d0c8f9943ecfe4813e2f1;0x1f8e769b5b6010b2c2bbcd68629ea1a0a0eda7e3;0xb247080599844fb79c95d5bed3f0b40685dd199f;eoa;0,00009938;0;0,00009938;BTC.b
Avalanche C-Chain;0x7437ac81457fa98ffb2d0c8f9943ecfe4813e2f1;0x1f8e769b5b6010b2c2bbcd68629ea1a0a0eda7e3;0xb3380c108fb6a494f0a60ea0b7aefaa0d3c703a9;eoa;0,1620055;0;0,1620055;BTC.b
Avalanche C-Chain;0x7437ac81457fa98ffb2d0c8f9943ecfe4813e2f1;0x1f8e769b5b6010b2c2bbcd68629ea1a0a0eda7e3;0xb9973f2a0dee11f603994c9ccbfd3027bca175eb;eoa;0,07819956;0;0,07819956;BTC.b
Avalanche C-Chain;0x7437ac81457fa98ffb2d0c8f9943ecfe4813e2f1;0x1f8e769b5b6010b2c2bbcd68629ea1a0a0eda7e3;0xba1333333333a1ba1108e8412f11850a5c319ba9;contract_other;0,00051848;0;0,00007604;BTC.b
Avalanche C-Chain;0x7437ac81457fa98ffb2d0c8f9943ecfe4813e2f1;0x1f8e769b5b6010b2c2bbcd68629ea1a0a0eda7e3;0xc1f466b79bd98fb0b14a9504eaae0b41acb2ab82;eoa;0,00027297;0;0,00027297;BTC.b
Avalanche C-Chain;0x7437ac81457fa98ffb2d0c8f9943ecfe4813e2f1;0x1f8e769b5b6010b2c2bbcd68629ea1a0a0eda7e3;0xc4b9e8b5bdfb8e93dba6b90ea0f706cb40db94e2;eoa;0,0020416;0;0,0020416;BTC.b
Avalanche C-Chain;0x7437ac81457fa98ffb2d0c8f9943ecfe4813e2f1;0x1f8e769b5b6010b2c2bbcd68629ea1a0a0eda7e3;0xc5f35ebce3ea365dbffc6a5a27819b660d24716d;eoa;0,00007018;0;0,00007018;BTC.b
Avalanche C-Chain;0x7437ac81457fa98ffb2d0c8f9943ecfe4813e2f1;0x1f8e769b5b6010b2c2bbcd68629ea1a0a0eda7e3;0xc80a5430d22e8f96b9fbf0d4d0925bc9e60daa1c;eoa;0,01426189;0;0,01426189;BTC.b
Avalanche C-Chain;0x7437ac81457fa98ffb2d0c8f9943ecfe4813e2f1;0x1f8e769b5b6010b2c2bbcd68629ea1a0a0eda7e3;0xcddeba81384f9e327d703d235dd100f7c8bb2cb6;eoa;0,0090278;0;0,0090278;BTC.b
Avalanche C-Chain;0x7437ac81457fa98ffb2d0c8f9943ecfe4813e2f1;0x1f8e769b5b6010b2c2bbcd68629ea1a0a0eda7e3;0xd6fb0f4e08295d24c82eade728846d69d176345f;eoa;0,00702551;0;0,00702551;BTC.b
Avalanche C-Chain;0x7437ac81457fa98ffb2d0c8f9943ecfe4813e2f1;0x1f8e769b5b6010b2c2bbcd68629ea1a0a0eda7e3;0xd8bc75bfbdda718e04c800190be28da8acf922d4;eoa;0,02352983;0;0,02352983;BTC.b
Avalanche C-Chain;0x7437ac81457fa98ffb2d0c8f9943ecfe4813e2f1;0x1f8e769b5b6010b2c2bbcd68629ea1a0a0eda7e3;0xd956d35c348daa334245402a31fde52120b1dcff;eoa;0,02542903;0;0,02542903;BTC.b
Avalanche C-Chain;0x7437ac81457fa98ffb2d0c8f9943ecfe4813e2f1;0x1f8e769b5b6010b2c2bbcd68629ea1a0a0eda7e3;0xd9b49a81ee72af3c026a2c144c9ffd678a78c8b1;eoa;0,01925473;0;0,01925473;BTC.b
Avalanche C-Chain;0x7437ac81457fa98ffb2d0c8f9943ecfe4813e2f1;0x1f8e769b5b6010b2c2bbcd68629ea1a0a0eda7e3;0xdc1dffbc73cfaa2d30fc5f02abf30550f937f8e7;eoa;0,00001014;0;0,00001014;BTC.b
Avalanche C-Chain;0x7437ac81457fa98ffb2d0c8f9943ecfe4813e2f1;0x1f8e769b5b6010b2c2bbcd68629ea1a0a0eda7e3;0xdfb9323b7f30472acec5b45a0723f1f4e87a30e4;eoa;0,00505361;0;0,00505361;BTC.b
Avalanche C-Chain;0x7437ac81457fa98ffb2d0c8f9943ecfe4813e2f1;0x1f8e769b5b6010b2c2bbcd68629ea1a0a0eda7e3;0xe2ee4b240c570f6206745a8588b37a6eac692b86;eoa;0,05028966;0;0,05028966;BTC.b
Avalanche C-Chain;0x7437ac81457fa98ffb2d0c8f9943ecfe4813e2f1;0x1f8e769b5b6010b2c2bbcd68629ea1a0a0eda7e3;0xe3a2d25a3b0a96f5dbe7c26d86ab076de0e9f56a;eoa;0,00580993;0;0,00580993;BTC.b
Avalanche C-Chain;0x7437ac81457fa98ffb2d0c8f9943ecfe4813e2f1;0x1f8e769b5b6010b2c2bbcd68629ea1a0a0eda7e3;0xe3ff9856d11ccca4c2d5898bd42d19009a2c0cbe;eoa;0,00046592;0;0,00046592;BTC.b
Avalanche C-Chain;0x7437ac81457fa98ffb2d0c8f9943ecfe4813e2f1;0x1f8e769b5b6010b2c2bbcd68629ea1a0a0eda7e3;0xe73917338feab03443fe58d42a1e0918fa4293a8;eoa;1,42846274;0;1,42845355;BTC.b
Avalanche C-Chain;0x7437ac81457fa98ffb2d0c8f9943ecfe4813e2f1;0x1f8e769b5b6010b2c2bbcd68629ea1a0a0eda7e3;0xe829d030e51a67ed85c638023337dd3710f02f25;eoa;0,00921777;0;0,00921777;BTC.b
Avalanche C-Chain;0x7437ac81457fa98ffb2d0c8f9943ecfe4813e2f1;0x1f8e769b5b6010b2c2bbcd68629ea1a0a0eda7e3;0xf29593ac58c78ecc0bf1d0e8b55e819c5b521ae4;eoa;0,1433493;0;0,1433493;BTC.b
Avalanche C-Chain;0x7437ac81457fa98ffb2d0c8f9943ecfe4813e2f1;0x1f8e769b5b6010b2c2bbcd68629ea1a0a0eda7e3;0xf4788ff714729f15a233233241806217a3b4eb54;eoa;0,00523611;0;0,00523611;BTC.b
Avalanche C-Chain;0x7437ac81457fa98ffb2d0c8f9943ecfe4813e2f1;0x1f8e769b5b6010b2c2bbcd68629ea1a0a0eda7e3;0xf780668669c193b5d2cf22b8420473fa1e3ee3d1;contract_other;0;0;0;BTC.b
Avalanche C-Chain;0x7437ac81457fa98ffb2d0c8f9943ecfe4813e2f1;0x1f8e769b5b6010b2c2bbcd68629ea1a0a0eda7e3;0xfe039df674dfdffb1bcbc58c78fc99f6d9421fe6;eoa;0,04315125;0;0,04315125;BTC.b
Avalanche C-Chain;0x7437ac81457fa98ffb2d0c8f9943ecfe4813e2f1;0x1f8e769b5b6010b2c2bbcd68629ea1a0a0eda7e3;0xe516d755886686cd1869f5267b58b9edc175bff6;eoa;0;0;0,06849934;BTC.b
Avalanche C-Chain;0x7437ac81457fa98ffb2d0c8f9943ecfe4813e2f1;0x1f8e769b5b6010b2c2bbcd68629ea1a0a0eda7e3;0x51acb481c8877f7a50b9477cf7e1b4c3f59b0fd7;eoa;0;0;0,00008439;BTC.b
Avalanche C-Chain;0x7437ac81457fa98ffb2d0c8f9943ecfe4813e2f1;0x1f8e769b5b6010b2c2bbcd68629ea1a0a0eda7e3;0x4580221962a8d0f92c18f320ea512f70933f7d19;erc4626_unresolved;0;0;0;BTC.b
Avalanche C-Chain;0x7437ac81457fa98ffb2d0c8f9943ecfe4813e2f1;0x1f8e769b5b6010b2c2bbcd68629ea1a0a0eda7e3;0x76b60dcf71da2294f8aa034432d925d1eed8cf68;eoa;0;0;0,00035785;BTC.b
Avalanche C-Chain;0x7437ac81457fa98ffb2d0c8f9943ecfe4813e2f1;0x1f8e769b5b6010b2c2bbcd68629ea1a0a0eda7e3;0x80ea2a1f717b3dbdfcba6fc390a72153121e1197;eoa;0;0;0,03044438;BTC.b
Avalanche C-Chain;0x7437ac81457fa98ffb2d0c8f9943ecfe4813e2f1;0x1f8e769b5b6010b2c2bbcd68629ea1a0a0eda7e3;0x4eacf42d898b977973f1fd8448f6035dc44ce4d0;eoa;0;0;0,00256067;BTC.b
Avalanche C-Chain;0x7437ac81457fa98ffb2d0c8f9943ecfe4813e2f1;0x1f8e769b5b6010b2c2bbcd68629ea1a0a0eda7e3;0xcc67032640cb20c16e8deffa821502d36cef212a;eoa;0;0;3,80342881;BTC.b
Avalanche C-Chain;0x7437ac81457fa98ffb2d0c8f9943ecfe4813e2f1;0x1f8e769b5b6010b2c2bbcd68629ea1a0a0eda7e3;0x8a92294ffcfe469a3df4a85c76a0b0d2b3292119;contract_other;0;0;0;BTC.b
Avalanche C-Chain;0x7437ac81457fa98ffb2d0c8f9943ecfe4813e2f1;0x1f8e769b5b6010b2c2bbcd68629ea1a0a0eda7e3;0x719a143654a0c4621f49fa77077800ef3f5c3b40;eoa;0;0;-0,00000002;BTC.b
Avalanche C-Chain;0x7437ac81457fa98ffb2d0c8f9943ecfe4813e2f1;0x1f8e769b5b6010b2c2bbcd68629ea1a0a0eda7e3;0x2f853bcf653dbd4cc1c46f4e9c7ea98e24cdb58e;eoa;0;0;-0,00000002;BTC.b
Avalanche C-Chain;0x7437ac81457fa98ffb2d0c8f9943ecfe4813e2f1;0x1f8e769b5b6010b2c2bbcd68629ea1a0a0eda7e3;0xa5e30fc6f34a79eb926bc6df788bc3778041afe5;eoa;0;0;0,00209045;BTC.b
Avalanche C-Chain;0x7437ac81457fa98ffb2d0c8f9943ecfe4813e2f1;0x1f8e769b5b6010b2c2bbcd68629ea1a0a0eda7e3;0xa6e6ff47cbf3b6c5909126c80edccd67bf42fdb9;eoa;0;0;0,00049116;BTC.b
Avalanche C-Chain;0x7437ac81457fa98ffb2d0c8f9943ecfe4813e2f1;0x1f8e769b5b6010b2c2bbcd68629ea1a0a0eda7e3;0x4a2763570edeeeb78e0174aeae6bedde6f143398;eoa;0;0;0;BTC.b
Avalanche C-Chain;0x7437ac81457fa98ffb2d0c8f9943ecfe4813e2f1;0x1f8e769b5b6010b2c2bbcd68629ea1a0a0eda7e3;0x3f4bef3311893aaa5847a16a7d8cebb74279983c;eoa;0;0;0;BTC.b
Avalanche C-Chain;0x7437ac81457fa98ffb2d0c8f9943ecfe4813e2f1;0x1f8e769b5b6010b2c2bbcd68629ea1a0a0eda7e3;0xc4fc7075c4d60107b051c6f35026dbaf7865e1de;eoa;0;0;0,00013472;BTC.b
Avalanche C-Chain;0x7437ac81457fa98ffb2d0c8f9943ecfe4813e2f1;0x1f8e769b5b6010b2c2bbcd68629ea1a0a0eda7e3;0x935b1a674c391b8b7f774dc1f171e3082873f41a;eoa;0;0;0;BTC.b
Avalanche C-Chain;0x7437ac81457fa98ffb2d0c8f9943ecfe4813e2f1;0x1f8e769b5b6010b2c2bbcd68629ea1a0a0eda7e3;0xe3ec426d9ff4699b641cf2aaa169a95b1a75f29e;eoa;0;0;0,00394713;BTC.b
Avalanche C-Chain;0x7437ac81457fa98ffb2d0c8f9943ecfe4813e2f1;0x1f8e769b5b6010b2c2bbcd68629ea1a0a0eda7e3;0xd7d005840e80926e6bfea9467ed811a56bd8a0d1;eoa;0;0;0;BTC.b
Avalanche C-Chain;0x7437ac81457fa98ffb2d0c8f9943ecfe4813e2f1;0x1f8e769b5b6010b2c2bbcd68629ea1a0a0eda7e3;0x38afc3aa2c76b4ca1f8e1daba68e998e1f4782db;eoa;0;0;10,60129352;BTC.b
Avalanche C-Chain;0x7437ac81457fa98ffb2d0c8f9943ecfe4813e2f1;0x1f8e769b5b6010b2c2bbcd68629ea1a0a0eda7e3;0xf552ad65490d0e005d8cf06d5df50b9f80bb3a3e;eoa;0;0;0,00001953;BTC.b
Avalanche C-Chain;0x7437ac81457fa98ffb2d0c8f9943ecfe4813e2f1;0x1f8e769b5b6010b2c2bbcd68629ea1a0a0eda7e3;0xcd1bd705d5059dc385dff79c1e21b5861957d27c;eoa;0;0;0,00002466;BTC.b
Avalanche C-Chain;0x7437ac81457fa98ffb2d0c8f9943ecfe4813e2f1;0x1f8e769b5b6010b2c2bbcd68629ea1a0a0eda7e3;0x000000000000000000000000000000000000dead;eoa;0;0;0,00350023;BTC.b
Avalanche C-Chain;0x7437ac81457fa98ffb2d0c8f9943ecfe4813e2f1;0x1f8e769b5b6010b2c2bbcd68629ea1a0a0eda7e3;0xcc007529b5558bd07922eb407f08fe4fa5b1ad24;eoa;0;0;0,0024278;BTC.b
Avalanche C-Chain;0x7437ac81457fa98ffb2d0c8f9943ecfe4813e2f1;0x1f8e769b5b6010b2c2bbcd68629ea1a0a0eda7e3;0xb974c2d18a837a4ddfd05d40e673a7e404662b75;eoa;0;0;0;BTC.b
Avalanche C-Chain;0x7437ac81457fa98ffb2d0c8f9943ecfe4813e2f1;0x1f8e769b5b6010b2c2bbcd68629ea1a0a0eda7e3;0x8045294b476d7cb2a4cbc28d3e7f84d2ee326e9d;eoa;0;0;0,00971123;BTC.b
Avalanche C-Chain;0x7437ac81457fa98ffb2d0c8f9943ecfe4813e2f1;0x1f8e769b5b6010b2c2bbcd68629ea1a0a0eda7e3;0x5b42ec6d40f7b7965be5308c70e2603c0281c1e9;contract_other;0;0;0;BTC.b
Avalanche C-Chain;0x7437ac81457fa98ffb2d0c8f9943ecfe4813e2f1;0x1f8e769b5b6010b2c2bbcd68629ea1a0a0eda7e3;0x9179c06629ef7f17cb5759f501d89997fe0e7b45;contract_other;0;0;0;BTC.b
Avalanche C-Chain;0x7437ac81457fa98ffb2d0c8f9943ecfe4813e2f1;0x1f8e769b5b6010b2c2bbcd68629ea1a0a0eda7e3;0x74e283b985ea76c55c8b48d6bd1067a418188424;eoa;0;0;0,0004573;BTC.b
Avalanche C-Chain;0x672b77f0538b53dc117c9ddfeb7377a678d321a6;;0x8981d513a5210c25f3ceabc0c95851162f7e8bb6;eoa;257950,093687;0;257950,093687;USDC
Avalanche C-Chain;0x672b77f0538b53dc117c9ddfeb7377a678d321a6;;0x1ace35d5350da1b71bd7e9e7f5a09ff6cf14d2d6;eoa;177545,534698;0;177545,534698;USDC
Avalanche C-Chain;0x672b77f0538b53dc117c9ddfeb7377a678d321a6;;0x73860dc8055a36199fa017e4d9b6584e1497df85;eoa;150738,974704;0;150738,974704;USDC
Avalanche C-Chain;0x672b77f0538b53dc117c9ddfeb7377a678d321a6;;0xc4636d96f9f6a0c4a215d6664c6ccbb284a7f21b;eoa;121466,676739;0;121466,676739;USDC
Avalanche C-Chain;0x672b77f0538b53dc117c9ddfeb7377a678d321a6;;0x17cce5c9194883513abbbfd454237595fe0f8122;eoa;110445,788676;0;110445,788676;USDC
Avalanche C-Chain;0x672b77f0538b53dc117c9ddfeb7377a678d321a6;;0x0a86cee867e6b737c639a7ce63c9c5f00103b0b4;eoa;104453,729051;0;104453,729051;USDC
Avalanche C-Chain;0x672b77f0538b53dc117c9ddfeb7377a678d321a6;;0xfbc97dd0924eea46b24df46f7d5a49ddabadbbea;eoa;100834,24918;0;100834,24918;USDC
Avalanche C-Chain;0x672b77f0538b53dc117c9ddfeb7377a678d321a6;;0x9c68a6315c76746de52c39147883b8406b514eec;eoa;96861,768919;0;96861,768919;USDC
Avalanche C-Chain;0x672b77f0538b53dc117c9ddfeb7377a678d321a6;;0xbd8fbccf5b9f96643be929163fcb13e368cd1822;eoa;89297,041364;0;0;USDC
Avalanche C-Chain;0x672b77f0538b53dc117c9ddfeb7377a678d321a6;;0xd942fadab3fedbec4650497982ac15d594c46ec7;eoa;82057,748001;0;82057,748001;USDC
Avalanche C-Chain;0x672b77f0538b53dc117c9ddfeb7377a678d321a6;;0x0fb51627a4d9e01b24c427bb62ed8d5c9018f8f6;contract_other;71082,274672;0;71082,274672;USDC
Avalanche C-Chain;0x672b77f0538b53dc117c9ddfeb7377a678d321a6;;0xd9eba6cd776e57db63673dfb60ea0bda955c9c4d;eoa;50649,721311;0;-4568,680411;USDC
Avalanche C-Chain;0x672b77f0538b53dc117c9ddfeb7377a678d321a6;;0x9a7477aa0c89e33147ffcf6f0b2b78ab1313af5a;eoa;42394,452428;0;42394,452428;USDC
Avalanche C-Chain;0x672b77f0538b53dc117c9ddfeb7377a678d321a6;;0xc4a607aead634270b3ac62001d6545063f98c389;eoa;40381,721313;0;40381,721313;USDC
Avalanche C-Chain;0x672b77f0538b53dc117c9ddfeb7377a678d321a6;;0x8077dd92854e51060133f5c3c3e50d8c220855a4;eoa;38806,877027;0;38806,877027;USDC
Avalanche C-Chain;0x672b77f0538b53dc117c9ddfeb7377a678d321a6;;0xb02dc413e90867f035fa6d29fb54a1e9ab7b274b;eoa;32187,934985;0;0;USDC
Avalanche C-Chain;0x672b77f0538b53dc117c9ddfeb7377a678d321a6;;0xd24d6f9e4fc1012e36015a1a5ad6cf15d29ee393;eoa;27898,877016;0;27898,877016;USDC
Avalanche C-Chain;0x672b77f0538b53dc117c9ddfeb7377a678d321a6;;0xbad908bc158ef60ac7472f3fd978e65a51379b8e;eoa;26348,00129;0;26348,00129;USDC
Avalanche C-Chain;0x672b77f0538b53dc117c9ddfeb7377a678d321a6;;0xb8e9258da5b901e1d2fd407dac6a362f5a3e4a7d;eoa;25298,463231;0;25298,463231;USDC
Avalanche C-Chain;0x672b77f0538b53dc117c9ddfeb7377a678d321a6;;0x512c2ea71187445010cbdf2561ddb468fd841bc1;eoa;21229,26728;0;283,811636;USDC
Avalanche C-Chain;0x672b77f0538b53dc117c9ddfeb7377a678d321a6;;0x858ef5cf58325f34c5f306be18ff5f9d149d5ff0;eoa;20327,5764;0;20327,5764;USDC
Avalanche C-Chain;0x672b77f0538b53dc117c9ddfeb7377a678d321a6;;0x05d1d0e0a090bac05e7959c0ab647b15e3a20484;eoa;20260,205924;0;20260,205924;USDC
Avalanche C-Chain;0x672b77f0538b53dc117c9ddfeb7377a678d321a6;;0x2066a3d7ac72eb573a3565c51feed5eb446ba6d5;eoa;18800,325618;0;18800,325618;USDC
Avalanche C-Chain;0x672b77f0538b53dc117c9ddfeb7377a678d321a6;;0xe785703a5bbf096d11ef099d8a592e911b78083b;eoa;18627,526723;0;18627,526723;USDC
Avalanche C-Chain;0x672b77f0538b53dc117c9ddfeb7377a678d321a6;;0xeccf8da0023f845390c70cec08b69507f0f94a73;eoa;18603,243329;0;18603,243329;USDC
Avalanche C-Chain;0x672b77f0538b53dc117c9ddfeb7377a678d321a6;;0xf694e3c6ad8446083bf6f609657fe7b129f4d022;eoa;17073,273491;0;17073,273491;USDC
Avalanche C-Chain;0x672b77f0538b53dc117c9ddfeb7377a678d321a6;;0x703d4746ad3948b19fcf1ebf7b27a3119b38f7f5;eoa;16271,442163;0;16271,442163;USDC
Avalanche C-Chain;0x672b77f0538b53dc117c9ddfeb7377a678d321a6;;0xac46cb5602524044c6b3b97982dadcc8b2b77ec1;eoa;15182,416958;0;15182,416958;USDC
Avalanche C-Chain;0x672b77f0538b53dc117c9ddfeb7377a678d321a6;;0x1b8779539bf00dbddbeaf5fbf3fe49ea3f007d2d;eoa;14444,894632;0;0;USDC
Avalanche C-Chain;0x672b77f0538b53dc117c9ddfeb7377a678d321a6;;0x6857ee88f439939e54d839c89e24aa64f4aebdec;eoa;12228,353465;0;12228,353465;USDC
Avalanche C-Chain;0x672b77f0538b53dc117c9ddfeb7377a678d321a6;;0x13adb56198ea3e0789c28a5528c07b4d5d674ce3;eoa;12020,142857;0;12020,142857;USDC
Avalanche C-Chain;0x672b77f0538b53dc117c9ddfeb7377a678d321a6;;0x7ef9b35b9baee4312b3673d26002fa0c106a54bc;eoa;11850,532946;0;11850,532946;USDC
Avalanche C-Chain;0x672b77f0538b53dc117c9ddfeb7377a678d321a6;;0xee50f624206905c5423fd6d4155862afeb34fc2e;eoa;11252,949388;0;11252,949388;USDC
Avalanche C-Chain;0x672b77f0538b53dc117c9ddfeb7377a678d321a6;;0x19338c0b42c5da475ec4dc6297c3166f8c754359;eoa;10194,116023;0;10194,116023;USDC
Avalanche C-Chain;0x672b77f0538b53dc117c9ddfeb7377a678d321a6;;0x501dad5e4cee8bf44095ec5ca26e1b86f903af41;eoa;10189,201843;0;10189,201843;USDC
Avalanche C-Chain;0x672b77f0538b53dc117c9ddfeb7377a678d321a6;;0x429aad5a335c322834d3296ef5187b9761c232b2;eoa;10124,751994;0;10124,751994;USDC
Avalanche C-Chain;0x672b77f0538b53dc117c9ddfeb7377a678d321a6;;0x74fc9c354e760f2ba509fe4d315402c0049c7ce5;eoa;10114,976194;0;10114,976194;USDC
Avalanche C-Chain;0x672b77f0538b53dc117c9ddfeb7377a678d321a6;;0x991cec65a906b5727b32d175cfc550673a20ed17;eoa;10108,085744;0;10108,085744;USDC
Avalanche C-Chain;0x672b77f0538b53dc117c9ddfeb7377a678d321a6;;0xc3f0cb0b70ef09c17fbdea0059c0e85fd324f94b;eoa;9221,05823;0;9221,05823;USDC
Avalanche C-Chain;0x672b77f0538b53dc117c9ddfeb7377a678d321a6;;0xe5cee5bcae68e056a3658617b3fd3a21478fc41d;eoa;8081,348844;0;8081,348844;USDC
Avalanche C-Chain;0x672b77f0538b53dc117c9ddfeb7377a678d321a6;;0x4bafbf9eda6f7403a91edb852ce698f0df8fce77;eoa;7899,167892;0;-712,499288;USDC
Avalanche C-Chain;0x672b77f0538b53dc117c9ddfeb7377a678d321a6;;0xce65a2b43efccd13d7a7adf2ffb0c72acde0b2f1;eoa;7658,535539;0;7658,535539;USDC
Avalanche C-Chain;0x672b77f0538b53dc117c9ddfeb7377a678d321a6;;0x000000e28faa823d5b53ff6c2922c28335840375;eoa;6669,701603;0;6669,701603;USDC
Avalanche C-Chain;0x672b77f0538b53dc117c9ddfeb7377a678d321a6;;0x02fca7c15641b70443509630d0dd6b6a47385069;eoa;6161,7982;0;6161,7982;USDC
Avalanche C-Chain;0x672b77f0538b53dc117c9ddfeb7377a678d321a6;;0x1b3a8cdebfab04c880b1db62a09bf8c8e5c09415;eoa;6029,917147;0;6029,917147;USDC
Avalanche C-Chain;0x672b77f0538b53dc117c9ddfeb7377a678d321a6;;0x6b27d57a19e9ff688ad98f31842ce99b3145f274;eoa;6026,89673;0;6026,89673;USDC
Avalanche C-Chain;0x672b77f0538b53dc117c9ddfeb7377a678d321a6;;0xaed7622c9a3d6508600dbf87d2f9d8b5e2999d8d;eoa;5969,922318;0;5969,922318;USDC
Avalanche C-Chain;0x672b77f0538b53dc117c9ddfeb7377a678d321a6;;0x94d4cfc0c24c82a592f1b93d1a53544f9869c508;eoa;5914,555922;0;0;USDC
Avalanche C-Chain;0x672b77f0538b53dc117c9ddfeb7377a678d321a6;;0x7b3c0bb19834936ffb4d4f225daf450f8ff5af80;eoa;5144,84185;0;5144,84185;USDC
Avalanche C-Chain;0x672b77f0538b53dc117c9ddfeb7377a678d321a6;;0x1368eb291511cfa4b2396421c9dca60895f6bd66;eoa;5128,716326;0;5128,716326;USDC
Avalanche C-Chain;0x672b77f0538b53dc117c9ddfeb7377a678d321a6;;0xe0d4a2ba702ce385f950cf5f697569bf97723666;eoa;5123,722266;0;5123,722266;USDC
Avalanche C-Chain;0x672b77f0538b53dc117c9ddfeb7377a678d321a6;;0xe7d3cde588ebbd923598daf98adb3076436defc3;eoa;5089,743667;0;5089,743667;USDC
Avalanche C-Chain;0x672b77f0538b53dc117c9ddfeb7377a678d321a6;;0xb09951a767735efb3fb4168206eb946d5dc05f63;eoa;5062,506541;0;5062,506541;USDC
Avalanche C-Chain;0x672b77f0538b53dc117c9ddfeb7377a678d321a6;;0x964544b2f213bb906462998391d354c9847f1a95;eoa;5053,807785;0;5053,807785;USDC
Avalanche C-Chain;0x672b77f0538b53dc117c9ddfeb7377a678d321a6;;0xa3e7d06b5b0178b43b664ec4b53c4b4a1c107699;eoa;4906,943574;0;4906,943574;USDC
Avalanche C-Chain;0x672b77f0538b53dc117c9ddfeb7377a678d321a6;;0x580ae5c638a9b232bc3dbcbec473182e0acedce9;eoa;4553,605787;0;4553,605787;USDC
Avalanche C-Chain;0x672b77f0538b53dc117c9ddfeb7377a678d321a6;;0x485a404e048d862317b02f6123d9c6f1b444e9b4;eoa;4111,210861;0;4111,210861;USDC
Avalanche C-Chain;0x672b77f0538b53dc117c9ddfeb7377a678d321a6;;0xbf3519e4b22544ac25712556b85c92396f17070b;eoa;4075,786454;0;4075,786454;USDC
Avalanche C-Chain;0x672b77f0538b53dc117c9ddfeb7377a678d321a6;;0x81762e633e2ff343422e65a5d67ec6ace60bbe65;eoa;3973,346272;0;3973,346272;USDC
Avalanche C-Chain;0x672b77f0538b53dc117c9ddfeb7377a678d321a6;;0xd1c47a324e0bd04d7420896bf10f7966335295f7;eoa;3792,512832;0;3792,512832;USDC
Avalanche C-Chain;0x672b77f0538b53dc117c9ddfeb7377a678d321a6;;0x31d961ec888dfdc07b218e1066500afd2f74727a;eoa;3757,789836;0;3757,789836;USDC
Avalanche C-Chain;0x672b77f0538b53dc117c9ddfeb7377a678d321a6;;0xcd7d70bb7034102ee0c828fbb83776e0137dea8d;eoa;3707,049596;0;35894,984581;USDC
Avalanche C-Chain;0x672b77f0538b53dc117c9ddfeb7377a678d321a6;;0xf585874e44ecb5af5bc49877724d1356cb4dc80d;eoa;3625,45328;0;3625,45328;USDC
Avalanche C-Chain;0x672b77f0538b53dc117c9ddfeb7377a678d321a6;;0x4deee080eeb1469e452dd4391314721b263ebd2a;eoa;3354,034244;0;3354,034244;USDC
Avalanche C-Chain;0x672b77f0538b53dc117c9ddfeb7377a678d321a6;;0x10892c437be50f37be6c0d430c2a81eeefc5a720;eoa;3103,171796;0;-279,902301;USDC
Avalanche C-Chain;0x672b77f0538b53dc117c9ddfeb7377a678d321a6;;0xac5fa4cba220be05974ff3d0d6281be00f898d1f;eoa;3074,50887;0;-277,316691;USDC
Avalanche C-Chain;0x672b77f0538b53dc117c9ddfeb7377a678d321a6;;0xe062affd3cdd04e6393ac3e0970f18e4fa6b31bd;eoa;3059,439501;0;3059,439501;USDC
Avalanche C-Chain;0x672b77f0538b53dc117c9ddfeb7377a678d321a6;;0xfbafbf372201e4b18ee2e94cefb5ac2044ee48d6;eoa;2595,64397;0;2595,64397;USDC
Avalanche C-Chain;0x672b77f0538b53dc117c9ddfeb7377a678d321a6;;0x5bfb341aea4ac0ab3cc3274271bdd63b850e4f1b;eoa;2299,502709;0;2299,502709;USDC
Avalanche C-Chain;0x672b77f0538b53dc117c9ddfeb7377a678d321a6;;0xd323cabb88995a8f986ee758487b68876855ab37;eoa;2153,040256;0;2153,040256;USDC
Avalanche C-Chain;0x672b77f0538b53dc117c9ddfeb7377a678d321a6;;0x7d9f5f632129602174ea32397bf10ce4101633ac;eoa;1984,15037;0;1984,15037;USDC
Avalanche C-Chain;0x672b77f0538b53dc117c9ddfeb7377a678d321a6;;0x5ca3894e351cccb459fdd709fad07e5c65f69df0;eoa;1921,703681;0;1921,703681;USDC
Avalanche C-Chain;0x672b77f0538b53dc117c9ddfeb7377a678d321a6;;0x0efbdb4bd54d4e30a7cc7ab3bddeeb4d39eda148;eoa;1872,06423;0;1872,06423;USDC
Avalanche C-Chain;0x672b77f0538b53dc117c9ddfeb7377a678d321a6;;0x118de97277d6db92f64d3b985b08ff6b2a114076;eoa;1573,931956;0;1573,931956;USDC
Avalanche C-Chain;0x672b77f0538b53dc117c9ddfeb7377a678d321a6;;0xa038deb71a81d5fbeb9ff62c10797ab106f2ee99;eoa;1559,243224;0;1559,243224;USDC
Avalanche C-Chain;0x672b77f0538b53dc117c9ddfeb7377a678d321a6;;0x43e1ccfe765f6c2a09bbe63d456bcb1e85835fe5;eoa;1466,002645;0;1466,002645;USDC
Avalanche C-Chain;0x672b77f0538b53dc117c9ddfeb7377a678d321a6;;0xf0ab950ce2dbc6af4bff3d9bdcb82e634aafd6e0;eoa;1409,716093;0;1409,716093;USDC
Avalanche C-Chain;0x672b77f0538b53dc117c9ddfeb7377a678d321a6;;0xac8a099bf137a6d25c5e1993ce3a3eac906201b5;eoa;1314,115155;0;1314,115155;USDC
Avalanche C-Chain;0x672b77f0538b53dc117c9ddfeb7377a678d321a6;;0x2f8f469d98d45b33b66d83d3ad4d5020d8bb2618;eoa;1241,307675;0;1241,307675;USDC
Avalanche C-Chain;0x672b77f0538b53dc117c9ddfeb7377a678d321a6;;0x0b9de2f6a2abf6edc2d24953f205bb4107d211b1;eoa;1130,634216;0;1130,634216;USDC
Avalanche C-Chain;0x672b77f0538b53dc117c9ddfeb7377a678d321a6;;0xfd874b3af9ca6739c64922e6930f81cf73b146e0;eoa;1057,930346;0;1057,930346;USDC
Avalanche C-Chain;0x672b77f0538b53dc117c9ddfeb7377a678d321a6;;0xf0c501cd82a8a9c85ae0409aee7e54a6e6f5c420;eoa;1025,862166;0;1025,862166;USDC
Avalanche C-Chain;0x672b77f0538b53dc117c9ddfeb7377a678d321a6;;0xc308d85c8cd2d691308965ee77ea33ef5a4cd32d;eoa;1022,193186;0;1022,193186;USDC
Avalanche C-Chain;0x672b77f0538b53dc117c9ddfeb7377a678d321a6;;0x2a27bb5de8e2bd03b9fa31444895827832bc8825;eoa;1013,067183;0;1013,067183;USDC
Avalanche C-Chain;0x672b77f0538b53dc117c9ddfeb7377a678d321a6;;0x36bb3591ed6cd03d394958703f79c8ae9bb289ac;eoa;1012,5016;0;0;USDC
Avalanche C-Chain;0x672b77f0538b53dc117c9ddfeb7377a678d321a6;;0x99b6a44fa3d3e0d3f33464ffac5710f31c3db580;eoa;1011,762111;0;-91,258705;USDC
Avalanche C-Chain;0x672b77f0538b53dc117c9ddfeb7377a678d321a6;;0x36fcd6d03e01aedc13d5dd0e6a1dfa4da7821937;eoa;959,292736;0;959,292736;USDC
Avalanche C-Chain;0x672b77f0538b53dc117c9ddfeb7377a678d321a6;;0x42ac7ef76874b8c24efe248cbffd9cf71ac50e3c;eoa;942,894327;0;942,894327;USDC
Avalanche C-Chain;0x672b77f0538b53dc117c9ddfeb7377a678d321a6;;0x813e2fb1a87828c8af9ada0b99c585ef6b200772;eoa;908,972098;0;908,972098;USDC
Avalanche C-Chain;0x672b77f0538b53dc117c9ddfeb7377a678d321a6;;0xe900225c9b54150d4cf04075ac59aa99ee743c4c;eoa;809,61454;0;809,61454;USDC
Avalanche C-Chain;0x672b77f0538b53dc117c9ddfeb7377a678d321a6;;0xd3ed52f245fc73858579f1650973af44ed919c04;eoa;689,443713;0;689,443713;USDC
Avalanche C-Chain;0x672b77f0538b53dc117c9ddfeb7377a678d321a6;;0x672f76c60f64c0e5b03187626e2d906c0949a97f;eoa;646,455991;0;646,455991;USDC
Avalanche C-Chain;0x672b77f0538b53dc117c9ddfeb7377a678d321a6;;0x90af14e7a2f2b530508f1f145272b2385963af25;eoa;615,614353;0;615,614353;USDC
Avalanche C-Chain;0x672b77f0538b53dc117c9ddfeb7377a678d321a6;;0x7f0d954a78daf19ecbb5febd12ca85fb9df7bedb;eoa;574,369892;0;373,34043;USDC
Avalanche C-Chain;0x672b77f0538b53dc117c9ddfeb7377a678d321a6;;0x5a89e43f3aadbb3ad802be52797b1e4d75d74ac5;eoa;505,040131;0;505,040131;USDC
Avalanche C-Chain;0x672b77f0538b53dc117c9ddfeb7377a678d321a6;;0x8b28fe7b8629af4d268da42bf8058de875c6284d;eoa;405,453708;0;405,453708;USDC
Avalanche C-Chain;0x672b77f0538b53dc117c9ddfeb7377a678d321a6;;0x1512b1368544eae23640d649a2e3ecc652770aaf;eoa;347,015798;0;347,015798;USDC
Avalanche C-Chain;0x672b77f0538b53dc117c9ddfeb7377a678d321a6;;0xa4f29bcb74d1620eb438c4e86be61f4fac9efeee;eoa;197,338327;0;194,487427;USDC
Avalanche C-Chain;0x672b77f0538b53dc117c9ddfeb7377a678d321a6;;0xbda7a0d4f73d8dd9cff99d2b54d0cf213d2b0919;eoa;171,82067;0;171,82067;USDC
Avalanche C-Chain;0x672b77f0538b53dc117c9ddfeb7377a678d321a6;;0x377118b5f57448fb41a5dae0ef52045c861a7627;eoa;153,063751;0;153,063751;USDC
Avalanche C-Chain;0x672b77f0538b53dc117c9ddfeb7377a678d321a6;;0xe54244dc4cec3afbe28b7aa1a573efc0e76b16a4;eoa;127,182888;0;127,182888;USDC
Avalanche C-Chain;0x672b77f0538b53dc117c9ddfeb7377a678d321a6;;0xf41b9188b4316a368b11172d1c2dfabb819224fb;eoa;112,284639;0;112,284639;USDC
Avalanche C-Chain;0x672b77f0538b53dc117c9ddfeb7377a678d321a6;;0x34356160b1820dc5fee8cfb0fec096f46f2ddedb;eoa;102,823557;0;102,823557;USDC
Avalanche C-Chain;0x672b77f0538b53dc117c9ddfeb7377a678d321a6;;0x4289e016dd22e252caa2204dcdc811a71d79b39c;eoa;102,600097;0;102,600097;USDC
Avalanche C-Chain;0x672b77f0538b53dc117c9ddfeb7377a678d321a6;;0xc119d480ca3839b7f0e7ba56bef22c4969955bdd;eoa;101,335894;0;101,335894;USDC
Avalanche C-Chain;0x672b77f0538b53dc117c9ddfeb7377a678d321a6;;0x5a5bb9eb52c80626a80785def77794be624cec27;eoa;101,086597;0;101,086597;USDC
Avalanche C-Chain;0x672b77f0538b53dc117c9ddfeb7377a678d321a6;;0xa9eaef87c01b4c46a691862c7ba94401394b8b9c;eoa;80,856179;0;80,856179;USDC
Avalanche C-Chain;0x672b77f0538b53dc117c9ddfeb7377a678d321a6;;0xfe190e9e0e4a9bc1b261e2440854b5f38cfb2bcb;contract_other;20,515877;0;20,515877;USDC
Avalanche C-Chain;0x672b77f0538b53dc117c9ddfeb7377a678d321a6;;0xd5ba1dea6ef446d2d590517eba5809b27e6863e9;eoa;12,361341;0;12,361341;USDC
Avalanche C-Chain;0x672b77f0538b53dc117c9ddfeb7377a678d321a6;;0xd473780b29f6a01b1989d663926a4e98c33d95bc;eoa;10,121165;0;10,121165;USDC
Avalanche C-Chain;0x672b77f0538b53dc117c9ddfeb7377a678d321a6;;0xf0a391658f07e65779c7370a592675106c931277;eoa;9,083984;0;9,083984;USDC
Avalanche C-Chain;0x672b77f0538b53dc117c9ddfeb7377a678d321a6;;0x0c5d8b194023a62688ea1948dea72a36f1ee1708;eoa;5,583802;0;5,583802;USDC
Avalanche C-Chain;0x672b77f0538b53dc117c9ddfeb7377a678d321a6;;0x7776421dd146dfd6ea947cbf29b69c519807d259;eoa;5,226276;0;5,226276;USDC
Avalanche C-Chain;0x672b77f0538b53dc117c9ddfeb7377a678d321a6;;0xc638fc731ffd77b17c486f5ae4a85d40ad9db4fc;eoa;1,009263;0;1,009263;USDC
Avalanche C-Chain;0x672b77f0538b53dc117c9ddfeb7377a678d321a6;;0xdc038cff8e55416a5189e37f382879c19217a4cb;contract_other;0,018451;0;0,018451;USDC
Avalanche C-Chain;0x672b77f0538b53dc117c9ddfeb7377a678d321a6;;0x85593464c9dd38ec4625ef44e60cd6e8045aa067;eoa;0,010082;0;0,010082;USDC
Avalanche C-Chain;0x672b77f0538b53dc117c9ddfeb7377a678d321a6;;0xfc41cee83153ac52eeca1c90443c1201859bc349;eoa;0;0;0,001;USDC
Avalanche C-Chain;0x672b77f0538b53dc117c9ddfeb7377a678d321a6;;0x965fc41a953b538a7fd6f9e0b779ec6056842c9a;eoa;0;0;14444,904643;USDC
Avalanche C-Chain;0x672b77f0538b53dc117c9ddfeb7377a678d321a6;;0xa513abbb0d65f01db152ffb67bfc7dc76fe63dc8;eoa;0;0;0;USDC
Avalanche C-Chain;0x672b77f0538b53dc117c9ddfeb7377a678d321a6;;0xfd307ab58113eae10e3b6bbae222650a48a2150c;eoa;0;0;201,029462;USDC
Avalanche C-Chain;0x672b77f0538b53dc117c9ddfeb7377a678d321a6;;0xbb4223ef4cce93fb40beb62178abe9a666f682af;eoa;0;0;1089,683708;USDC
Avalanche C-Chain;0x672b77f0538b53dc117c9ddfeb7377a678d321a6;;0xbb615831bdc8f6323aea0a7236b2a622fb59927f;eoa;0;0;5027,372534;USDC
Avalanche C-Chain;0x672b77f0538b53dc117c9ddfeb7377a678d321a6;;0xbeb69e7ac7f59bdb79b89fc94ed862c6b39f3c00;eoa;0;0;89297,041364;USDC
Avalanche C-Chain;0x672b77f0538b53dc117c9ddfeb7377a678d321a6;;0x08df5c0526980fa9fe7e9b071a642c5d27768e37;eoa;0;0;0;USDC
Avalanche C-Chain;0x672b77f0538b53dc117c9ddfeb7377a678d321a6;;0xc121abde1b93a04dcc025e03f44a71f65eef1d43;eoa;0;0;810,00128;USDC
Avalanche C-Chain;0x672b77f0538b53dc117c9ddfeb7377a678d321a6;0x4dc1ce9b9f9ef00c144bfad305f16c62293dc0e8;0x000010036c0190e009a000d0fc3541100a07380a;contract_other;0;0;0;USDC
Avalanche C-Chain;0x672b77f0538b53dc117c9ddfeb7377a678d321a6;0x4dc1ce9b9f9ef00c144bfad305f16c62293dc0e8;0x00689b8def7a3f0bb3e3501ef87ed4de6a38215d;eoa;51,771078;0;51,771078;USDC
Avalanche C-Chain;0x672b77f0538b53dc117c9ddfeb7377a678d321a6;0x4dc1ce9b9f9ef00c144bfad305f16c62293dc0e8;0x00d51c20ec335d705b413bbbef72c7424be9abaf;eoa;1115,063186;0;1115,063186;USDC
Avalanche C-Chain;0x672b77f0538b53dc117c9ddfeb7377a678d321a6;0x4dc1ce9b9f9ef00c144bfad305f16c62293dc0e8;0x00f3f3303e94b0c0412cf10b41477394179fe58e;eoa;9,688485;0;581,747786;USDC
Avalanche C-Chain;0x672b77f0538b53dc117c9ddfeb7377a678d321a6;0x4dc1ce9b9f9ef00c144bfad305f16c62293dc0e8;0x01746f0a55811602f0eea0def665c7086fc5eb3d;eoa;51,125812;0;51,125812;USDC
Avalanche C-Chain;0x672b77f0538b53dc117c9ddfeb7377a678d321a6;0x4dc1ce9b9f9ef00c144bfad305f16c62293dc0e8;0x020a41601d8165cad85f01621df8eca46f7ff61d;eoa;10245,997641;0;10245,997641;USDC
Avalanche C-Chain;0x672b77f0538b53dc117c9ddfeb7377a678d321a6;0x4dc1ce9b9f9ef00c144bfad305f16c62293dc0e8;0x029904afd0426d8bfb00e0755d843f10063d2e5c;eoa;10227,544195;0;10227,544195;USDC
Avalanche C-Chain;0x672b77f0538b53dc117c9ddfeb7377a678d321a6;0x4dc1ce9b9f9ef00c144bfad305f16c62293dc0e8;0x039de1fc31acf06e770fe2bc156461c9ecf919b2;eoa;151,068956;0;151,068956;USDC
Avalanche C-Chain;0x672b77f0538b53dc117c9ddfeb7377a678d321a6;0x4dc1ce9b9f9ef00c144bfad305f16c62293dc0e8;0x03da72d9e09c289d009999dc378891d51732d4cf;eoa;2032,469134;0;2032,469134;USDC
Avalanche C-Chain;0x672b77f0538b53dc117c9ddfeb7377a678d321a6;0x4dc1ce9b9f9ef00c144bfad305f16c62293dc0e8;0x06481ad6989ecdf6396542bd9945a1b74be4a53d;Gnosis Safe;25233,62265;0;25233,62265;USDC
Avalanche C-Chain;0x672b77f0538b53dc117c9ddfeb7377a678d321a6;0x4dc1ce9b9f9ef00c144bfad305f16c62293dc0e8;0x0762e397db79411588cbac66069aff486a7d6c4b;eoa;2034,583201;0;2034,583201;USDC
Avalanche C-Chain;0x672b77f0538b53dc117c9ddfeb7377a678d321a6;0x4dc1ce9b9f9ef00c144bfad305f16c62293dc0e8;0x07b80c67970ecf0e8f672249dd8e472959a94efb;eoa;1363,498652;0;1363,498652;USDC
Avalanche C-Chain;0x672b77f0538b53dc117c9ddfeb7377a678d321a6;0x4dc1ce9b9f9ef00c144bfad305f16c62293dc0e8;0x082f554a92da8311a8b6c62ba432b24f33790458;eoa;3,075668;0;3,075668;USDC
Avalanche C-Chain;0x672b77f0538b53dc117c9ddfeb7377a678d321a6;0x4dc1ce9b9f9ef00c144bfad305f16c62293dc0e8;0x089204d6aa0f1d0dfec37f2cb845f6226b6f0c65;eoa;1774,773903;0;747,131503;USDC
Avalanche C-Chain;0x672b77f0538b53dc117c9ddfeb7377a678d321a6;0x4dc1ce9b9f9ef00c144bfad305f16c62293dc0e8;0x0b9de2f6a2abf6edc2d24953f205bb4107d211b1;eoa;7390,984838;0;7390,984838;USDC
Avalanche C-Chain;0x672b77f0538b53dc117c9ddfeb7377a678d321a6;0x4dc1ce9b9f9ef00c144bfad305f16c62293dc0e8;0x0c02fd851ae4dc4b9be73f89494f2cf17fb32ed2;eoa;482,118659;0;482,118659;USDC
Avalanche C-Chain;0x672b77f0538b53dc117c9ddfeb7377a678d321a6;0x4dc1ce9b9f9ef00c144bfad305f16c62293dc0e8;0x0c624334de6fac0941b452f858b259a2b75e1b01;eoa;51,017547;0;51,017547;USDC
Avalanche C-Chain;0x672b77f0538b53dc117c9ddfeb7377a678d321a6;0x4dc1ce9b9f9ef00c144bfad305f16c62293dc0e8;0x0c7c68064321042692559cea5e929531e5ab9d09;eoa;1,241024;0;1,241024;USDC
Avalanche C-Chain;0x672b77f0538b53dc117c9ddfeb7377a678d321a6;0x4dc1ce9b9f9ef00c144bfad305f16c62293dc0e8;0x0eb5e8172dd418b11944dd8521b33d1510cbdbd0;eoa;468,274263;0;468,274263;USDC
Avalanche C-Chain;0x672b77f0538b53dc117c9ddfeb7377a678d321a6;0x4dc1ce9b9f9ef00c144bfad305f16c62293dc0e8;0x0ece7c1bfc9543b2cbea8f5577d02e5f59a9f176;eoa;15456,483117;0;15456,483117;USDC
Avalanche C-Chain;0x672b77f0538b53dc117c9ddfeb7377a678d321a6;0x4dc1ce9b9f9ef00c144bfad305f16c62293dc0e8;0x0ed140437695d3750a8f84496b0b14fee438b123;Gnosis Safe;57480,093772;0;57480,093772;USDC
Avalanche C-Chain;0x672b77f0538b53dc117c9ddfeb7377a678d321a6;0x4dc1ce9b9f9ef00c144bfad305f16c62293dc0e8;0x0fb51627a4d9e01b24c427bb62ed8d5c9018f8f6;contract_other;0,000413;0;0,000413;USDC
Avalanche C-Chain;0x672b77f0538b53dc117c9ddfeb7377a678d321a6;0x4dc1ce9b9f9ef00c144bfad305f16c62293dc0e8;0x103b31a30d3f56b7771549d080a324f781b30e1a;eoa;204,173555;0;204,173555;USDC
Avalanche C-Chain;0x672b77f0538b53dc117c9ddfeb7377a678d321a6;0x4dc1ce9b9f9ef00c144bfad305f16c62293dc0e8;0x10cb02ff58492ed4358a1b7087721546fe9ff864;Gnosis Safe;151915,789746;0;151915,789746;USDC
Avalanche C-Chain;0x672b77f0538b53dc117c9ddfeb7377a678d321a6;0x4dc1ce9b9f9ef00c144bfad305f16c62293dc0e8;0x114a398654484eecf971c5cd5465b6e00ab420f7;eoa;10251,273918;0;0;USDC
Avalanche C-Chain;0x672b77f0538b53dc117c9ddfeb7377a678d321a6;0x4dc1ce9b9f9ef00c144bfad305f16c62293dc0e8;0x12c31853922c7d7e0019a27132c82ed6955d276d;eoa;202,675194;0;202,675194;USDC
Avalanche C-Chain;0x672b77f0538b53dc117c9ddfeb7377a678d321a6;0x4dc1ce9b9f9ef00c144bfad305f16c62293dc0e8;0x1368eb291511cfa4b2396421c9dca60895f6bd66;eoa;12257,672667;0;12257,672667;USDC
Avalanche C-Chain;0x672b77f0538b53dc117c9ddfeb7377a678d321a6;0x4dc1ce9b9f9ef00c144bfad305f16c62293dc0e8;0x140e68d9723519cd3e3d2feea4151135b7aea929;eoa;5191,82155;0;5191,82155;USDC
Avalanche C-Chain;0x672b77f0538b53dc117c9ddfeb7377a678d321a6;0x4dc1ce9b9f9ef00c144bfad305f16c62293dc0e8;0x14139a9e9572b50db6fc40fbcbd055273c4d4dda;eoa;144,346347;0;144,346347;USDC
Avalanche C-Chain;0x672b77f0538b53dc117c9ddfeb7377a678d321a6;0x4dc1ce9b9f9ef00c144bfad305f16c62293dc0e8;0x15b735b56d48ce090aec19242d2cd522ed0cb823;eoa;498,298822;0;0;USDC
Avalanche C-Chain;0x672b77f0538b53dc117c9ddfeb7377a678d321a6;0x4dc1ce9b9f9ef00c144bfad305f16c62293dc0e8;0x17ff55305691a21f965ec967605f3f5d78db568e;eoa;20305,658761;0;20305,658761;USDC
Avalanche C-Chain;0x672b77f0538b53dc117c9ddfeb7377a678d321a6;0x4dc1ce9b9f9ef00c144bfad305f16c62293dc0e8;0x19338c0b42c5da475ec4dc6297c3166f8c754359;eoa;10164,78795;0;10164,78795;USDC
Avalanche C-Chain;0x672b77f0538b53dc117c9ddfeb7377a678d321a6;0x4dc1ce9b9f9ef00c144bfad305f16c62293dc0e8;0x1a102d6115dd8e911e6a9e35bed65730ceaf643e;eoa;2432,643321;0;2432,643321;USDC
Avalanche C-Chain;0x672b77f0538b53dc117c9ddfeb7377a678d321a6;0x4dc1ce9b9f9ef00c144bfad305f16c62293dc0e8;0x1a6b43be85eef7b08e550a6d8c73e32f42964430;eoa;108122,565909;0;108122,565909;USDC
Avalanche C-Chain;0x672b77f0538b53dc117c9ddfeb7377a678d321a6;0x4dc1ce9b9f9ef00c144bfad305f16c62293dc0e8;0x1b476e7dcaf961cc5e9092e5c02b4083dc555c2b;eoa;2895,291112;0;0;USDC
Avalanche C-Chain;0x672b77f0538b53dc117c9ddfeb7377a678d321a6;0x4dc1ce9b9f9ef00c144bfad305f16c62293dc0e8;0x1d4e9cdb6f554f83e3b7aec2d69a47b1f37b4674;eoa;31308,548312;0;31308,548312;USDC
Avalanche C-Chain;0x672b77f0538b53dc117c9ddfeb7377a678d321a6;0x4dc1ce9b9f9ef00c144bfad305f16c62293dc0e8;0x1d99b3711c440cfbcc58ff5460d79b1f3eef2e31;eoa;23891,518854;0;0;USDC
Avalanche C-Chain;0x672b77f0538b53dc117c9ddfeb7377a678d321a6;0x4dc1ce9b9f9ef00c144bfad305f16c62293dc0e8;0x1f54886b250c2e26b103cf3e9226b799b83b8e94;eoa;19,652673;0;19,652673;USDC
Avalanche C-Chain;0x672b77f0538b53dc117c9ddfeb7377a678d321a6;0x4dc1ce9b9f9ef00c144bfad305f16c62293dc0e8;0x1fb11e87188edd465c776f9223c8aa22928bb592;eoa;2135,366951;0;2135,366951;USDC
Avalanche C-Chain;0x672b77f0538b53dc117c9ddfeb7377a678d321a6;0x4dc1ce9b9f9ef00c144bfad305f16c62293dc0e8;0x1ffefcbd2ab0bc22e252ae07bf52cc8bdff2f8eb;eoa;2064,962826;0;2064,962826;USDC
Avalanche C-Chain;0x672b77f0538b53dc117c9ddfeb7377a678d321a6;0x4dc1ce9b9f9ef00c144bfad305f16c62293dc0e8;0x20b1a315a2224557a668cc485a2b2ab48299c870;eoa;1012,781339;0;1012,781339;USDC
Avalanche C-Chain;0x672b77f0538b53dc117c9ddfeb7377a678d321a6;0x4dc1ce9b9f9ef00c144bfad305f16c62293dc0e8;0x2122bc98866376d602968b58a2b84462f470e976;eoa;157,455554;0;153,901154;USDC
Avalanche C-Chain;0x672b77f0538b53dc117c9ddfeb7377a678d321a6;0x4dc1ce9b9f9ef00c144bfad305f16c62293dc0e8;0x248e214636443e5c7babe773b07f991c46e28b99;eoa;103708,034159;0;103708,034159;USDC
Avalanche C-Chain;0x672b77f0538b53dc117c9ddfeb7377a678d321a6;0x4dc1ce9b9f9ef00c144bfad305f16c62293dc0e8;0x24b60f73756a428094483c9ff91d5f3b6f81694a;eoa;23092,040635;0;21176,236121;USDC
Avalanche C-Chain;0x672b77f0538b53dc117c9ddfeb7377a678d321a6;0x4dc1ce9b9f9ef00c144bfad305f16c62293dc0e8;0x24bb534add82405b1543e4409a7423539ed98866;eoa;1012,369198;0;1012,369198;USDC
Avalanche C-Chain;0x672b77f0538b53dc117c9ddfeb7377a678d321a6;0x4dc1ce9b9f9ef00c144bfad305f16c62293dc0e8;0x250431ad617e2492905158d3fb73a8583ee34f5a;eoa;7095,293566;0;7095,293566;USDC
Avalanche C-Chain;0x672b77f0538b53dc117c9ddfeb7377a678d321a6;0x4dc1ce9b9f9ef00c144bfad305f16c62293dc0e8;0x27106fd5cb559dd2cf5161a1bdbea21a95d30bdb;eoa;5124,323762;0;5124,323762;USDC
Avalanche C-Chain;0x672b77f0538b53dc117c9ddfeb7377a678d321a6;0x4dc1ce9b9f9ef00c144bfad305f16c62293dc0e8;0x2746ca45d515c67622f8a506b504f4b81c1b1ffb;eoa;295,743707;0;295,743707;USDC
Avalanche C-Chain;0x672b77f0538b53dc117c9ddfeb7377a678d321a6;0x4dc1ce9b9f9ef00c144bfad305f16c62293dc0e8;0x285e6e07ce1bcd84cc9b6f2ef661de222899eb23;eoa;757,689463;0;757,689463;USDC
Avalanche C-Chain;0x672b77f0538b53dc117c9ddfeb7377a678d321a6;0x4dc1ce9b9f9ef00c144bfad305f16c62293dc0e8;0x2ad09a2c059dc35ba16a16ac5ebbf37c62ec39e0;eoa;7538,348831;0;7538,348831;USDC
Avalanche C-Chain;0x672b77f0538b53dc117c9ddfeb7377a678d321a6;0x4dc1ce9b9f9ef00c144bfad305f16c62293dc0e8;0x2b77b56fb41901a15e50bd2aefb15e4a5fbde018;eoa;11,363851;0;0;USDC
Avalanche C-Chain;0x672b77f0538b53dc117c9ddfeb7377a678d321a6;0x4dc1ce9b9f9ef00c144bfad305f16c62293dc0e8;0x2c4a72210acedb774aa35f9f571ebd805c68a3bb;eoa;10214,245099;0;10214,245099;USDC
Avalanche C-Chain;0x672b77f0538b53dc117c9ddfeb7377a678d321a6;0x4dc1ce9b9f9ef00c144bfad305f16c62293dc0e8;0x2c5a4343ac43ae3764a5dc7d3b0a8def332d490a;contract_other;25,600768;0;25,600768;USDC
Avalanche C-Chain;0x672b77f0538b53dc117c9ddfeb7377a678d321a6;0x4dc1ce9b9f9ef00c144bfad305f16c62293dc0e8;0x2da6251d199318b38de9bb9bfb9fc14df1b76d1d;eoa;504,674439;0;504,674439;USDC
Avalanche C-Chain;0x672b77f0538b53dc117c9ddfeb7377a678d321a6;0x4dc1ce9b9f9ef00c144bfad305f16c62293dc0e8;0x2df44f531f9b8cd82f181f7e3f3401e392f1b19e;eoa;55665,092761;0;55665,090678;USDC
Avalanche C-Chain;0x672b77f0538b53dc117c9ddfeb7377a678d321a6;0x4dc1ce9b9f9ef00c144bfad305f16c62293dc0e8;0x3010bb8cf5b49f7dac48505f380f5960421603fe;eoa;149155,957391;0;0;USDC
Avalanche C-Chain;0x672b77f0538b53dc117c9ddfeb7377a678d321a6;0x4dc1ce9b9f9ef00c144bfad305f16c62293dc0e8;0x30d8ff6c16c96f4968282b9e8472d2115a2d4194;eoa;506,994474;0;506,994474;USDC
Avalanche C-Chain;0x672b77f0538b53dc117c9ddfeb7377a678d321a6;0x4dc1ce9b9f9ef00c144bfad305f16c62293dc0e8;0x325c2bad062aadc5d04ce15f6f74bcaa24bca5e2;eoa;1559,704373;0;1559,704373;USDC
Avalanche C-Chain;0x672b77f0538b53dc117c9ddfeb7377a678d321a6;0x4dc1ce9b9f9ef00c144bfad305f16c62293dc0e8;0x33df570a3d9d294fa90a19876c215a5276b29385;eoa;2254,139892;0;2254,139892;USDC
Avalanche C-Chain;0x672b77f0538b53dc117c9ddfeb7377a678d321a6;0x4dc1ce9b9f9ef00c144bfad305f16c62293dc0e8;0x3494e5b6642b0091fda83fd599e843672a82b20d;eoa;10215,823118;0;10215,823118;USDC
Avalanche C-Chain;0x672b77f0538b53dc117c9ddfeb7377a678d321a6;0x4dc1ce9b9f9ef00c144bfad305f16c62293dc0e8;0x3615305ed9518a1042e23d1c1fe8b72a5c3a6e97;eoa;16,203436;0;16,203436;USDC
Avalanche C-Chain;0x672b77f0538b53dc117c9ddfeb7377a678d321a6;0x4dc1ce9b9f9ef00c144bfad305f16c62293dc0e8;0x36bff5e7bd4846f63f0fae9a25dc2c3d27ec8ed1;eoa;1015,263373;0;1015,263373;USDC
Avalanche C-Chain;0x672b77f0538b53dc117c9ddfeb7377a678d321a6;0x4dc1ce9b9f9ef00c144bfad305f16c62293dc0e8;0x373b2c7ec19e7cc44686cb45b15d404326b1ce55;eoa;3096,93958;0;3096,93958;USDC
Avalanche C-Chain;0x672b77f0538b53dc117c9ddfeb7377a678d321a6;0x4dc1ce9b9f9ef00c144bfad305f16c62293dc0e8;0x37806c25b94fc2fbfc8d086b156204328d8a23f3;eoa;2034,828388;0;2034,828388;USDC
Avalanche C-Chain;0x672b77f0538b53dc117c9ddfeb7377a678d321a6;0x4dc1ce9b9f9ef00c144bfad305f16c62293dc0e8;0x379566a04b6f70a497d62ffd82e5259ecabd8d2f;eoa;206,244299;0;206,244299;USDC
Avalanche C-Chain;0x672b77f0538b53dc117c9ddfeb7377a678d321a6;0x4dc1ce9b9f9ef00c144bfad305f16c62293dc0e8;0x37b84b579e6b2ef70f1abb87427d81ced7c87f4b;eoa;1336,806498;0;1334,53396;USDC
Avalanche C-Chain;0x672b77f0538b53dc117c9ddfeb7377a678d321a6;0x4dc1ce9b9f9ef00c144bfad305f16c62293dc0e8;0x37c6739c4cac8fef23119901307bc64ad5ee623f;eoa;10502,826505;0;10502,826505;USDC
Avalanche C-Chain;0x672b77f0538b53dc117c9ddfeb7377a678d321a6;0x4dc1ce9b9f9ef00c144bfad305f16c62293dc0e8;0x388cebfa6f14549779af17f517f7c5bf8382292d;eoa;29368,878293;0;29368,878293;USDC
Avalanche C-Chain;0x672b77f0538b53dc117c9ddfeb7377a678d321a6;0x4dc1ce9b9f9ef00c144bfad305f16c62293dc0e8;0x39723a3677c156040e157a8e173528a36bfb7f42;eoa;595,510979;0;595,510979;USDC
Avalanche C-Chain;0x672b77f0538b53dc117c9ddfeb7377a678d321a6;0x4dc1ce9b9f9ef00c144bfad305f16c62293dc0e8;0x39d423c77dbb79f33eef45b35a390248c386172b;eoa;1624,634368;0;1624,634368;USDC
Avalanche C-Chain;0x672b77f0538b53dc117c9ddfeb7377a678d321a6;0x4dc1ce9b9f9ef00c144bfad305f16c62293dc0e8;0x3a9621b5818ff6d16731576feba48f9d563ae5d0;eoa;895,181119;0;895,181119;USDC
Avalanche C-Chain;0x672b77f0538b53dc117c9ddfeb7377a678d321a6;0x4dc1ce9b9f9ef00c144bfad305f16c62293dc0e8;0x3b8309057d884116ccdb46ecf2aca9a9e85e4fad;eoa;16306,565617;0;0;USDC
Avalanche C-Chain;0x672b77f0538b53dc117c9ddfeb7377a678d321a6;0x4dc1ce9b9f9ef00c144bfad305f16c62293dc0e8;0x3e64c2602e5d82e96df4abc84db69e52b524703f;eoa;7911,677134;0;0;USDC
Avalanche C-Chain;0x672b77f0538b53dc117c9ddfeb7377a678d321a6;0x4dc1ce9b9f9ef00c144bfad305f16c62293dc0e8;0x3e8c91472fc50a8528e448ff501af9bf8c00cceb;eoa;326,18045;0;326,18045;USDC
Avalanche C-Chain;0x672b77f0538b53dc117c9ddfeb7377a678d321a6;0x4dc1ce9b9f9ef00c144bfad305f16c62293dc0e8;0x3e9edab79c0f9e6f69107aa4ac0a6f1ad3a1ba25;eoa;2449,427865;0;2449,427865;USDC
Avalanche C-Chain;0x672b77f0538b53dc117c9ddfeb7377a678d321a6;0x4dc1ce9b9f9ef00c144bfad305f16c62293dc0e8;0x3f1b125f30b7f8623186327aec0fd19179c9d91c;contract_other;0,001029;0;0,001029;USDC
Avalanche C-Chain;0x672b77f0538b53dc117c9ddfeb7377a678d321a6;0x4dc1ce9b9f9ef00c144bfad305f16c62293dc0e8;0x3fba1ccc2b19f57fddb3238a3e5aead2c6b10ffd;eoa;8057,522188;0;0;USDC
Avalanche C-Chain;0x672b77f0538b53dc117c9ddfeb7377a678d321a6;0x4dc1ce9b9f9ef00c144bfad305f16c62293dc0e8;0x415669455d93b755efe7f20ef6f1dbdce7f68f7d;erc4626_unresolved;0;0;0;USDC
Avalanche C-Chain;0x672b77f0538b53dc117c9ddfeb7377a678d321a6;0x4dc1ce9b9f9ef00c144bfad305f16c62293dc0e8;0x421ddcd8c9a3d85c097374b256286faf184986c1;eoa;22,536007;0;22,536007;USDC
Avalanche C-Chain;0x672b77f0538b53dc117c9ddfeb7377a678d321a6;0x4dc1ce9b9f9ef00c144bfad305f16c62293dc0e8;0x42eeabf997ddf03121d9fad0331f6838915bbcff;contract_other;2128453,503545;0;2105741,131273;USDC
Avalanche C-Chain;0x672b77f0538b53dc117c9ddfeb7377a678d321a6;0x4dc1ce9b9f9ef00c144bfad305f16c62293dc0e8;0x431dd98b5c3081c5061c8b9ff0421c3ed06b883b;eoa;5327,461598;0;5327,461598;USDC
Avalanche C-Chain;0x672b77f0538b53dc117c9ddfeb7377a678d321a6;0x4dc1ce9b9f9ef00c144bfad305f16c62293dc0e8;0x4468beee63947af2b4ac0ac96e9e5ff53bc5cb56;eoa;1530,1222;0;1530,1222;USDC
Avalanche C-Chain;0x672b77f0538b53dc117c9ddfeb7377a678d321a6;0x4dc1ce9b9f9ef00c144bfad305f16c62293dc0e8;0x449c98e5793167e667a7df5f7bb93ed2a92a7817;eoa;1223,654495;0;327,701044;USDC
Avalanche C-Chain;0x672b77f0538b53dc117c9ddfeb7377a678d321a6;0x4dc1ce9b9f9ef00c144bfad305f16c62293dc0e8;0x44ceb7b2ab569f8cd9c94165b7d6ac8d9ab27619;eoa;1540,345534;0;1540,345534;USDC
Avalanche C-Chain;0x672b77f0538b53dc117c9ddfeb7377a678d321a6;0x4dc1ce9b9f9ef00c144bfad305f16c62293dc0e8;0x4557fa848fbc55e38504dbedfb1d0387892b2228;eoa;10011,198683;0;10011,198683;USDC
Avalanche C-Chain;0x672b77f0538b53dc117c9ddfeb7377a678d321a6;0x4dc1ce9b9f9ef00c144bfad305f16c62293dc0e8;0x457726cd32e26d38493f850c9431236cdf671083;eoa;14806,492637;0;14806,492637;USDC
Avalanche C-Chain;0x672b77f0538b53dc117c9ddfeb7377a678d321a6;0x4dc1ce9b9f9ef00c144bfad305f16c62293dc0e8;0x468bf2112e9e3bf10ff5aa5a3231b9e1598fff87;eoa;522,180595;0;522,180595;USDC
Avalanche C-Chain;0x672b77f0538b53dc117c9ddfeb7377a678d321a6;0x4dc1ce9b9f9ef00c144bfad305f16c62293dc0e8;0x46ed68978c6807208651519caa39e7f675cf65b4;eoa;10249,420099;0;10249,420099;USDC
Avalanche C-Chain;0x672b77f0538b53dc117c9ddfeb7377a678d321a6;0x4dc1ce9b9f9ef00c144bfad305f16c62293dc0e8;0x47edc25fb0d83326966ef568271603be2f2dc511;eoa;518,910805;0;518,910805;USDC
Avalanche C-Chain;0x672b77f0538b53dc117c9ddfeb7377a678d321a6;0x4dc1ce9b9f9ef00c144bfad305f16c62293dc0e8;0x4b1a5f1f92c852dca40ab1aaa1b74e7bee7c0eef;eoa;3078,044835;0;3078,044835;USDC
Avalanche C-Chain;0x672b77f0538b53dc117c9ddfeb7377a678d321a6;0x4dc1ce9b9f9ef00c144bfad305f16c62293dc0e8;0x4bd454d18191d34c0f9401042d952a8debcd22d4;eoa;14,803193;0;14,389293;USDC
Avalanche C-Chain;0x672b77f0538b53dc117c9ddfeb7377a678d321a6;0x4dc1ce9b9f9ef00c144bfad305f16c62293dc0e8;0x4c42bdac1dd10006bca8408fdb71724181922132;eoa;982,772704;0;982,772704;USDC
Avalanche C-Chain;0x672b77f0538b53dc117c9ddfeb7377a678d321a6;0x4dc1ce9b9f9ef00c144bfad305f16c62293dc0e8;0x4c4c2c4896e800caec25d4c05d8f9e333b820c4b;eoa;1035,220168;0;1035,220168;USDC
Avalanche C-Chain;0x672b77f0538b53dc117c9ddfeb7377a678d321a6;0x4dc1ce9b9f9ef00c144bfad305f16c62293dc0e8;0x4c54fcdda454fffa03fd4b9943251a4c2863a212;eoa;23203,032715;0;23203,122407;USDC
Avalanche C-Chain;0x672b77f0538b53dc117c9ddfeb7377a678d321a6;0x4dc1ce9b9f9ef00c144bfad305f16c62293dc0e8;0x4ca7cda752c4f1619d4378df74cb5179e744b620;eoa;24040,456736;0;24040,456736;USDC
Avalanche C-Chain;0x672b77f0538b53dc117c9ddfeb7377a678d321a6;0x4dc1ce9b9f9ef00c144bfad305f16c62293dc0e8;0x4cf81d49f59a1e3e37faa1438d412ff2e349029a;eoa;2280,497719;0;2280,497719;USDC
Avalanche C-Chain;0x672b77f0538b53dc117c9ddfeb7377a678d321a6;0x4dc1ce9b9f9ef00c144bfad305f16c62293dc0e8;0x4eacf42d898b977973f1fd8448f6035dc44ce4d0;eoa;15,286143;0;62,187185;USDC
Avalanche C-Chain;0x672b77f0538b53dc117c9ddfeb7377a678d321a6;0x4dc1ce9b9f9ef00c144bfad305f16c62293dc0e8;0x4f03e25eea830553649bceb9aa46213496d4962b;eoa;171,004198;0;171,004198;USDC
Avalanche C-Chain;0x672b77f0538b53dc117c9ddfeb7377a678d321a6;0x4dc1ce9b9f9ef00c144bfad305f16c62293dc0e8;0x4f29453aee30e4a8f9d288b427a8db4601e9d483;eoa;4057,596128;0;4057,596128;USDC
Avalanche C-Chain;0x672b77f0538b53dc117c9ddfeb7377a678d321a6;0x4dc1ce9b9f9ef00c144bfad305f16c62293dc0e8;0x4f50ebfe44020917e736d022646bee64cd52c434;eoa;2053,551927;0;2053,551927;USDC
Avalanche C-Chain;0x672b77f0538b53dc117c9ddfeb7377a678d321a6;0x4dc1ce9b9f9ef00c144bfad305f16c62293dc0e8;0x4ffad6ac852c0af0aa301376f4c5dea3a928b120;eoa;593,344552;0;593,344552;USDC
Avalanche C-Chain;0x672b77f0538b53dc117c9ddfeb7377a678d321a6;0x4dc1ce9b9f9ef00c144bfad305f16c62293dc0e8;0x4ffd0a59a26cb2aa76d403215e4cc2845c053994;eoa;29,122952;0;29,122952;USDC
Avalanche C-Chain;0x672b77f0538b53dc117c9ddfeb7377a678d321a6;0x4dc1ce9b9f9ef00c144bfad305f16c62293dc0e8;0x501dad5e4cee8bf44095ec5ca26e1b86f903af41;eoa;10158,714709;0;10158,714709;USDC
Avalanche C-Chain;0x672b77f0538b53dc117c9ddfeb7377a678d321a6;0x4dc1ce9b9f9ef00c144bfad305f16c62293dc0e8;0x50de2fb5cd259c1b99dbd3bb4e7aac76be7288fc;eoa;85485,386767;0;-3039924,548882;USDC
Avalanche C-Chain;0x672b77f0538b53dc117c9ddfeb7377a678d321a6;0x4dc1ce9b9f9ef00c144bfad305f16c62293dc0e8;0x51e7ed51a576f4071576244dd0d07324a4b6867a;eoa;3025,275106;0;3025,275106;USDC
Avalanche C-Chain;0x672b77f0538b53dc117c9ddfeb7377a678d321a6;0x4dc1ce9b9f9ef00c144bfad305f16c62293dc0e8;0x53027db8af2736a078cabf04d014c89ef001d076;eoa;314,641537;0;314,641537;USDC
Avalanche C-Chain;0x672b77f0538b53dc117c9ddfeb7377a678d321a6;0x4dc1ce9b9f9ef00c144bfad305f16c62293dc0e8;0x53e02d9a84cc33f70772d78dd942903fa4291e46;eoa;7493,304669;0;7493,30467;USDC
Avalanche C-Chain;0x672b77f0538b53dc117c9ddfeb7377a678d321a6;0x4dc1ce9b9f9ef00c144bfad305f16c62293dc0e8;0x55a092c3633a4ce5ba83f14707f11894e93251dd;eoa;1024,300383;0;1024,300383;USDC
Avalanche C-Chain;0x672b77f0538b53dc117c9ddfeb7377a678d321a6;0x4dc1ce9b9f9ef00c144bfad305f16c62293dc0e8;0x5799a5a98f1607da725fcb8235c8b511d42a3b2c;eoa;2545,054709;0;2545,054709;USDC
Avalanche C-Chain;0x672b77f0538b53dc117c9ddfeb7377a678d321a6;0x4dc1ce9b9f9ef00c144bfad305f16c62293dc0e8;0x580ae5c638a9b232bc3dbcbec473182e0acedce9;eoa;4544,039587;0;4544,039587;USDC
Avalanche C-Chain;0x672b77f0538b53dc117c9ddfeb7377a678d321a6;0x4dc1ce9b9f9ef00c144bfad305f16c62293dc0e8;0x5933ea3ee3fc7c6eaee0ba505ed3c3f9fb80a6dc;eoa;54725,848439;0;54725,848439;USDC
Avalanche C-Chain;0x672b77f0538b53dc117c9ddfeb7377a678d321a6;0x4dc1ce9b9f9ef00c144bfad305f16c62293dc0e8;0x59cbb8b4f3520e71cc0b1de3ccb86a4cb29fc394;eoa;5101,066351;0;5101,066351;USDC
Avalanche C-Chain;0x672b77f0538b53dc117c9ddfeb7377a678d321a6;0x4dc1ce9b9f9ef00c144bfad305f16c62293dc0e8;0x5a5bb9eb52c80626a80785def77794be624cec27;eoa;100,907721;0;100,907721;USDC
Avalanche C-Chain;0x672b77f0538b53dc117c9ddfeb7377a678d321a6;0x4dc1ce9b9f9ef00c144bfad305f16c62293dc0e8;0x5c426ea2b483c7cb9c9b69e89b1471b3f46606cc;eoa;6803,763929;0;6803,763929;USDC
Avalanche C-Chain;0x672b77f0538b53dc117c9ddfeb7377a678d321a6;0x4dc1ce9b9f9ef00c144bfad305f16c62293dc0e8;0x5d1124fb77c539ec92e3ef853053bbce1e98271b;eoa;51830,344899;0;51830,344899;USDC
Avalanche C-Chain;0x672b77f0538b53dc117c9ddfeb7377a678d321a6;0x4dc1ce9b9f9ef00c144bfad305f16c62293dc0e8;0x5ee6dc19de0f6e31b5e35eda0fe220791403a8fa;eoa;1033,699526;0;1033,699526;USDC
Avalanche C-Chain;0x672b77f0538b53dc117c9ddfeb7377a678d321a6;0x4dc1ce9b9f9ef00c144bfad305f16c62293dc0e8;0x6116c3aa219764b4b292026c3a186994813c8cae;eoa;1024,220232;0;0;USDC
Avalanche C-Chain;0x672b77f0538b53dc117c9ddfeb7377a678d321a6;0x4dc1ce9b9f9ef00c144bfad305f16c62293dc0e8;0x624a004881980f1390b6e433a18d7a4bf0a6aa00;eoa;4426,279854;0;4426,279854;USDC
Avalanche C-Chain;0x672b77f0538b53dc117c9ddfeb7377a678d321a6;0x4dc1ce9b9f9ef00c144bfad305f16c62293dc0e8;0x63761881a974d7071f959a7b5455b13f57f44514;eoa;365,125404;0;365,125404;USDC
Avalanche C-Chain;0x672b77f0538b53dc117c9ddfeb7377a678d321a6;0x4dc1ce9b9f9ef00c144bfad305f16c62293dc0e8;0x649bbc82359d6d1408b17463b400d6044a5bc01a;eoa;2046,800583;0;2046,800583;USDC
Avalanche C-Chain;0x672b77f0538b53dc117c9ddfeb7377a678d321a6;0x4dc1ce9b9f9ef00c144bfad305f16c62293dc0e8;0x6911141e13143e9eeaf8c290d8bc8e9fffec9741;eoa;1071,920372;0;1071,920372;USDC
Avalanche C-Chain;0x672b77f0538b53dc117c9ddfeb7377a678d321a6;0x4dc1ce9b9f9ef00c144bfad305f16c62293dc0e8;0x698513d8e3daa629e4a1ccbfc34d2b65818501a0;eoa;20322,355903;0;20322,355903;USDC
Avalanche C-Chain;0x672b77f0538b53dc117c9ddfeb7377a678d321a6;0x4dc1ce9b9f9ef00c144bfad305f16c62293dc0e8;0x6a000f20005980200259b80c5102003040001068;contract_other;0;0;0;USDC
Avalanche C-Chain;0x672b77f0538b53dc117c9ddfeb7377a678d321a6;0x4dc1ce9b9f9ef00c144bfad305f16c62293dc0e8;0x6a049eb19dacffd2cee496e4296da6f6ccc8aab8;eoa;1,570529;0;1,570529;USDC
Avalanche C-Chain;0x672b77f0538b53dc117c9ddfeb7377a678d321a6;0x4dc1ce9b9f9ef00c144bfad305f16c62293dc0e8;0x6af71a3723d3c0ed69f84ee259c9de3019c2a77c;Gnosis Safe;4144,62542;0;4144,62542;USDC
Avalanche C-Chain;0x672b77f0538b53dc117c9ddfeb7377a678d321a6;0x4dc1ce9b9f9ef00c144bfad305f16c62293dc0e8;0x6bc4e70cc6fafd4a8bc60dbbf9fa8a9d072eae1d;eoa;1518,402442;0;1518,402442;USDC
Avalanche C-Chain;0x672b77f0538b53dc117c9ddfeb7377a678d321a6;0x4dc1ce9b9f9ef00c144bfad305f16c62293dc0e8;0x6c98064cd84c09c827fb76e772dbb805f54aa564;eoa;3713,527462;0;3070,561003;USDC
Avalanche C-Chain;0x672b77f0538b53dc117c9ddfeb7377a678d321a6;0x4dc1ce9b9f9ef00c144bfad305f16c62293dc0e8;0x6cfd9c7331eff1793c8934c0c8c0bd944dce1eee;eoa;511,587384;0;511,587384;USDC
Avalanche C-Chain;0x672b77f0538b53dc117c9ddfeb7377a678d321a6;0x4dc1ce9b9f9ef00c144bfad305f16c62293dc0e8;0x6d4ac19211ac4d6f8c551ac11063709f3f979f41;eoa;3601,528669;0;3601,528669;USDC
Avalanche C-Chain;0x672b77f0538b53dc117c9ddfeb7377a678d321a6;0x4dc1ce9b9f9ef00c144bfad305f16c62293dc0e8;0x6e0e37e2c77c7d5f92ef320467f9271e15708bdd;eoa;106,990066;0;106,990066;USDC
Avalanche C-Chain;0x672b77f0538b53dc117c9ddfeb7377a678d321a6;0x4dc1ce9b9f9ef00c144bfad305f16c62293dc0e8;0x6fdac781b90a51087b849775fa2b2acd0d01a0a4;contract_other;0,000975;0;0,000975;USDC
Avalanche C-Chain;0x672b77f0538b53dc117c9ddfeb7377a678d321a6;0x4dc1ce9b9f9ef00c144bfad305f16c62293dc0e8;0x6ff832e0e13a6e99a87a4163ee4337a19f023020;contract_other;0,001029;0;0,001029;USDC
Avalanche C-Chain;0x672b77f0538b53dc117c9ddfeb7377a678d321a6;0x4dc1ce9b9f9ef00c144bfad305f16c62293dc0e8;0x71839150d02fd08e1e8be5c8f2beedd951d57827;eoa;31,349133;0;31,349133;USDC
Avalanche C-Chain;0x672b77f0538b53dc117c9ddfeb7377a678d321a6;0x4dc1ce9b9f9ef00c144bfad305f16c62293dc0e8;0x72e86fdf17b24c907bbfdbb1e8c2d3c6552ef2f4;eoa;120,816002;0;120,816002;USDC
Avalanche C-Chain;0x672b77f0538b53dc117c9ddfeb7377a678d321a6;0x4dc1ce9b9f9ef00c144bfad305f16c62293dc0e8;0x738d16f65e61cece183a245d75a68ffb7d22a270;eoa;1013,957453;0;1013,957453;USDC
Avalanche C-Chain;0x672b77f0538b53dc117c9ddfeb7377a678d321a6;0x4dc1ce9b9f9ef00c144bfad305f16c62293dc0e8;0x7399d62905f083420bc1f43e0738a2413f661ea7;eoa;1965,027874;0;1965,027874;USDC
Avalanche C-Chain;0x672b77f0538b53dc117c9ddfeb7377a678d321a6;0x4dc1ce9b9f9ef00c144bfad305f16c62293dc0e8;0x73b181766d0662f038bd22e0fe1d26793871dbcf;eoa;1669,139169;0;1669,139169;USDC
Avalanche C-Chain;0x672b77f0538b53dc117c9ddfeb7377a678d321a6;0x4dc1ce9b9f9ef00c144bfad305f16c62293dc0e8;0x75c61ba7f6da357fbe8318f228c200b61cab1b63;eoa;510,1707;0;510,1707;USDC
Avalanche C-Chain;0x672b77f0538b53dc117c9ddfeb7377a678d321a6;0x4dc1ce9b9f9ef00c144bfad305f16c62293dc0e8;0x75df81892ce0126614dcdb58420e0711dc8ac1eb;eoa;101,570487;0;101,570487;USDC
Avalanche C-Chain;0x672b77f0538b53dc117c9ddfeb7377a678d321a6;0x4dc1ce9b9f9ef00c144bfad305f16c62293dc0e8;0x76b515f2e653286a27d83126728979c143f8950f;eoa;107,146359;0;107,146359;USDC
Avalanche C-Chain;0x672b77f0538b53dc117c9ddfeb7377a678d321a6;0x4dc1ce9b9f9ef00c144bfad305f16c62293dc0e8;0x77a61a2b0160ff1e772efdd75db3e46d52c5afca;eoa;2553,398233;0;2553,398233;USDC
Avalanche C-Chain;0x672b77f0538b53dc117c9ddfeb7377a678d321a6;0x4dc1ce9b9f9ef00c144bfad305f16c62293dc0e8;0x79342d64fbcf475e47004f4e00e376385746ffd3;eoa;80016,265288;0;0;USDC
Avalanche C-Chain;0x672b77f0538b53dc117c9ddfeb7377a678d321a6;0x4dc1ce9b9f9ef00c144bfad305f16c62293dc0e8;0x7aca67a6856bf532a7b2dea9b20253f08bc9a85a;erc4626_unresolved;2869,947148;0;2869,947148;USDC
Avalanche C-Chain;0x672b77f0538b53dc117c9ddfeb7377a678d321a6;0x4dc1ce9b9f9ef00c144bfad305f16c62293dc0e8;0x7b0a7e6845ebd3460c63641f3ba19394227cba2c;eoa;20159,272401;0;20159,272401;USDC
Avalanche C-Chain;0x672b77f0538b53dc117c9ddfeb7377a678d321a6;0x4dc1ce9b9f9ef00c144bfad305f16c62293dc0e8;0x7c1e064bb347cfa8b042e33baf38503014dfc58e;eoa;10,359487;0;10,359487;USDC
Avalanche C-Chain;0x672b77f0538b53dc117c9ddfeb7377a678d321a6;0x4dc1ce9b9f9ef00c144bfad305f16c62293dc0e8;0x7c83344ebe862a70c1978b30e54fddee68409b94;eoa;3865,938359;0;3865,938359;USDC
Avalanche C-Chain;0x672b77f0538b53dc117c9ddfeb7377a678d321a6;0x4dc1ce9b9f9ef00c144bfad305f16c62293dc0e8;0x7c8404716c5b86a1591b38fdac643456b47b85ed;eoa;16879,830679;0;16879,830679;USDC
Avalanche C-Chain;0x672b77f0538b53dc117c9ddfeb7377a678d321a6;0x4dc1ce9b9f9ef00c144bfad305f16c62293dc0e8;0x7cd74948e16f8e3e50f368bd754a2f4ee681335e;eoa;41415,773173;0;41415,773173;USDC
Avalanche C-Chain;0x672b77f0538b53dc117c9ddfeb7377a678d321a6;0x4dc1ce9b9f9ef00c144bfad305f16c62293dc0e8;0x7d9f5f632129602174ea32397bf10ce4101633ac;eoa;2017,395623;0;2017,395623;USDC
Avalanche C-Chain;0x672b77f0538b53dc117c9ddfeb7377a678d321a6;0x4dc1ce9b9f9ef00c144bfad305f16c62293dc0e8;0x7febf0878c8d3a266fb16aef1b92eafbce91a12e;eoa;47,111668;0;47,111668;USDC
Avalanche C-Chain;0x672b77f0538b53dc117c9ddfeb7377a678d321a6;0x4dc1ce9b9f9ef00c144bfad305f16c62293dc0e8;0x802636281774b21a587bd772de4153a2a877ed82;eoa;1418,489188;0;0;USDC
Avalanche C-Chain;0x672b77f0538b53dc117c9ddfeb7377a678d321a6;0x4dc1ce9b9f9ef00c144bfad305f16c62293dc0e8;0x80653907fc9a01a62564875dbe8ae3dd7bdcb6fe;Gnosis Safe;36567,624571;0;36567,624571;USDC
Avalanche C-Chain;0x672b77f0538b53dc117c9ddfeb7377a678d321a6;0x4dc1ce9b9f9ef00c144bfad305f16c62293dc0e8;0x80c6acf6b9b5c2ee25534010dd9a248031f6e755;eoa;11519,46541;0;11519,46541;USDC
Avalanche C-Chain;0x672b77f0538b53dc117c9ddfeb7377a678d321a6;0x4dc1ce9b9f9ef00c144bfad305f16c62293dc0e8;0x83192296434629e0c6ba70707a1a33affaa192cc;eoa;1031,916234;0;1031,916234;USDC
Avalanche C-Chain;0x672b77f0538b53dc117c9ddfeb7377a678d321a6;0x4dc1ce9b9f9ef00c144bfad305f16c62293dc0e8;0x83f47284f9cc6fde780e6c82b4e76d10bdd4af8c;eoa;1560,529818;0;1560,529818;USDC
Avalanche C-Chain;0x672b77f0538b53dc117c9ddfeb7377a678d321a6;0x4dc1ce9b9f9ef00c144bfad305f16c62293dc0e8;0x848f03ee24213c6edd1985f61e56b23ecf8a1b46;eoa;1552,012902;0;1552,012902;USDC
Avalanche C-Chain;0x672b77f0538b53dc117c9ddfeb7377a678d321a6;0x4dc1ce9b9f9ef00c144bfad305f16c62293dc0e8;0x858ef5cf58325f34c5f306be18ff5f9d149d5ff0;eoa;123126,557977;0;123126,557977;USDC
Avalanche C-Chain;0x672b77f0538b53dc117c9ddfeb7377a678d321a6;0x4dc1ce9b9f9ef00c144bfad305f16c62293dc0e8;0x8621e005c49999c2a2a5c24dba41ec81ecb87667;eoa;15262,101314;0;15262,101314;USDC
Avalanche C-Chain;0x672b77f0538b53dc117c9ddfeb7377a678d321a6;0x4dc1ce9b9f9ef00c144bfad305f16c62293dc0e8;0x8d1dbf65227265345c538084e1db400adc6107ae;eoa;3021,459622;0;3021,459622;USDC
Avalanche C-Chain;0x672b77f0538b53dc117c9ddfeb7377a678d321a6;0x4dc1ce9b9f9ef00c144bfad305f16c62293dc0e8;0x8d782a65afbed4b1cfc04ec5128a216d37aa1956;eoa;1075,097295;0;1075,097295;USDC
Avalanche C-Chain;0x672b77f0538b53dc117c9ddfeb7377a678d321a6;0x4dc1ce9b9f9ef00c144bfad305f16c62293dc0e8;0x8e36d411cb910ef657830927a04d3fa9e4cfc52c;eoa;102,505253;0;102,505253;USDC
Avalanche C-Chain;0x672b77f0538b53dc117c9ddfeb7377a678d321a6;0x4dc1ce9b9f9ef00c144bfad305f16c62293dc0e8;0x8e442c7f8e605f3b06b8f348921b0b79ed2da86a;eoa;987,563843;0;987,563843;USDC
Avalanche C-Chain;0x672b77f0538b53dc117c9ddfeb7377a678d321a6;0x4dc1ce9b9f9ef00c144bfad305f16c62293dc0e8;0x8fe14907ed933f8cf86a7a6c8851a7fd75d4aff8;eoa;763,602385;0;763,602385;USDC
Avalanche C-Chain;0x672b77f0538b53dc117c9ddfeb7377a678d321a6;0x4dc1ce9b9f9ef00c144bfad305f16c62293dc0e8;0x90a01976cef8e8818fb39c390ae7796f5bda0843;eoa;13308,33016;0;13308,33016;USDC
Avalanche C-Chain;0x672b77f0538b53dc117c9ddfeb7377a678d321a6;0x4dc1ce9b9f9ef00c144bfad305f16c62293dc0e8;0x90af14e7a2f2b530508f1f145272b2385963af25;eoa;562,47604;0;562,47604;USDC
Avalanche C-Chain;0x672b77f0538b53dc117c9ddfeb7377a678d321a6;0x4dc1ce9b9f9ef00c144bfad305f16c62293dc0e8;0x90bc193fd8ac86c0a6b4ec2f98d39381ceac0d38;eoa;90692,779658;0;90692,779658;USDC
Avalanche C-Chain;0x672b77f0538b53dc117c9ddfeb7377a678d321a6;0x4dc1ce9b9f9ef00c144bfad305f16c62293dc0e8;0x90e780ddf7485bb0c03be243cccc89db7fdfbba0;eoa;522,48225;0;522,48225;USDC
Avalanche C-Chain;0x672b77f0538b53dc117c9ddfeb7377a678d321a6;0x4dc1ce9b9f9ef00c144bfad305f16c62293dc0e8;0x9271f083323e0d803dc5d41ade34ebd6deda068f;eoa;3075,48721;0;3075,48721;USDC
Avalanche C-Chain;0x672b77f0538b53dc117c9ddfeb7377a678d321a6;0x4dc1ce9b9f9ef00c144bfad305f16c62293dc0e8;0x92fbb58342164546325602588599b05802c69bbe;erc4626_unresolved;14149,809019;0;7083,84644;USDC
Avalanche C-Chain;0x672b77f0538b53dc117c9ddfeb7377a678d321a6;0x4dc1ce9b9f9ef00c144bfad305f16c62293dc0e8;0x94b8f5edbb2bd553385cb9537e805ed1094e1463;contract_other;0,010656;0;0,010656;USDC
Avalanche C-Chain;0x672b77f0538b53dc117c9ddfeb7377a678d321a6;0x4dc1ce9b9f9ef00c144bfad305f16c62293dc0e8;0x96a342de073491b29dda0cb1eeb7596bc94c3305;eoa;2045,205782;0;2045,205782;USDC
Avalanche C-Chain;0x672b77f0538b53dc117c9ddfeb7377a678d321a6;0x4dc1ce9b9f9ef00c144bfad305f16c62293dc0e8;0x981bce7e8f2d93071fab2d989298e8edb258c614;eoa;4221,300526;0;4221,300526;USDC
Avalanche C-Chain;0x672b77f0538b53dc117c9ddfeb7377a678d321a6;0x4dc1ce9b9f9ef00c144bfad305f16c62293dc0e8;0x9940e2d382a8e390eba9464330dc0201eab0d253;eoa;5047,743913;0;5005,771525;USDC
Avalanche C-Chain;0x672b77f0538b53dc117c9ddfeb7377a678d321a6;0x4dc1ce9b9f9ef00c144bfad305f16c62293dc0e8;0x997b96bad648c39226281bc002f9857274e42a01;eoa;5049,018674;0;5049,018674;USDC
Avalanche C-Chain;0x672b77f0538b53dc117c9ddfeb7377a678d321a6;0x4dc1ce9b9f9ef00c144bfad305f16c62293dc0e8;0x9ba2008903aa64782250a32fc16561c6ea141eb5;eoa;17775,956976;0;17775,956976;USDC
Avalanche C-Chain;0x672b77f0538b53dc117c9ddfeb7377a678d321a6;0x4dc1ce9b9f9ef00c144bfad305f16c62293dc0e8;0x9bb7cfd9a362c5d3c776a6fb6adcee1936d46493;eoa;2210,321581;0;2210,321581;USDC
Avalanche C-Chain;0x672b77f0538b53dc117c9ddfeb7377a678d321a6;0x4dc1ce9b9f9ef00c144bfad305f16c62293dc0e8;0x9d1c2cbf32b7d2cf28d3a869234042678c1d9a54;eoa;2077,11419;0;2077,11419;USDC
Avalanche C-Chain;0x672b77f0538b53dc117c9ddfeb7377a678d321a6;0x4dc1ce9b9f9ef00c144bfad305f16c62293dc0e8;0x9d9fd43a3365a0499284d37051ea2ae3bcc1da60;eoa;14256,615338;0;14256,615338;USDC
Avalanche C-Chain;0x672b77f0538b53dc117c9ddfeb7377a678d321a6;0x4dc1ce9b9f9ef00c144bfad305f16c62293dc0e8;0x9dfc24a58210e8cc547e9e8a7b3ad0c4f5577203;eoa;3580,493172;0;3580,493172;USDC
Avalanche C-Chain;0x672b77f0538b53dc117c9ddfeb7377a678d321a6;0x4dc1ce9b9f9ef00c144bfad305f16c62293dc0e8;0x9e17be37e85b38b777284c36d876e63bca0aa9d4;eoa;10123,771906;0;10123,771906;USDC
Avalanche C-Chain;0x672b77f0538b53dc117c9ddfeb7377a678d321a6;0x4dc1ce9b9f9ef00c144bfad305f16c62293dc0e8;0x9ec16e7f097453eb6047e711b8cb65c86e556349;eoa;1647,986221;0;1647,986221;USDC
Avalanche C-Chain;0x672b77f0538b53dc117c9ddfeb7377a678d321a6;0x4dc1ce9b9f9ef00c144bfad305f16c62293dc0e8;0x9f918c7f526c57056d970afbf45145f3c5646f82;eoa;511,515301;0;511,515301;USDC
Avalanche C-Chain;0x672b77f0538b53dc117c9ddfeb7377a678d321a6;0x4dc1ce9b9f9ef00c144bfad305f16c62293dc0e8;0xa0f2e2f7b3ab58e3e52b74f08d94ae52778d46df;eoa;6,113135;0;6,113135;USDC
Avalanche C-Chain;0x672b77f0538b53dc117c9ddfeb7377a678d321a6;0x4dc1ce9b9f9ef00c144bfad305f16c62293dc0e8;0xa3293eb177c41141e22b01081a0e58c8151e9229;eoa;1887,925332;0;1887,925332;USDC
Avalanche C-Chain;0x672b77f0538b53dc117c9ddfeb7377a678d321a6;0x4dc1ce9b9f9ef00c144bfad305f16c62293dc0e8;0xa41a4e025d5bd707c3cea7241c7e30a26a73339d;eoa;1062,933682;0;1062,933682;USDC
Avalanche C-Chain;0x672b77f0538b53dc117c9ddfeb7377a678d321a6;0x4dc1ce9b9f9ef00c144bfad305f16c62293dc0e8;0xa4e82a86e660ca73d3bbb9580bad9e8b94df8ce6;eoa;9915,857688;0;0,09356;USDC
Avalanche C-Chain;0x672b77f0538b53dc117c9ddfeb7377a678d321a6;0x4dc1ce9b9f9ef00c144bfad305f16c62293dc0e8;0xa6174cb9779661a182f8207dbdc1458bb653fdcc;eoa;528,911649;0;528,911649;USDC
Avalanche C-Chain;0x672b77f0538b53dc117c9ddfeb7377a678d321a6;0x4dc1ce9b9f9ef00c144bfad305f16c62293dc0e8;0xaa8d79e03ee6a7c9957e8eb0c71b7fd1b703890e;eoa;10385,209925;0;10385,209925;USDC
Avalanche C-Chain;0x672b77f0538b53dc117c9ddfeb7377a678d321a6;0x4dc1ce9b9f9ef00c144bfad305f16c62293dc0e8;0xaa9543f2eff0e7a4b267f839612945841172b02f;eoa;10381,699366;0;10381,699366;USDC
Avalanche C-Chain;0x672b77f0538b53dc117c9ddfeb7377a678d321a6;0x4dc1ce9b9f9ef00c144bfad305f16c62293dc0e8;0xac8a099bf137a6d25c5e1993ce3a3eac906201b5;eoa;3027,622898;0;3027,622898;USDC
Avalanche C-Chain;0x672b77f0538b53dc117c9ddfeb7377a678d321a6;0x4dc1ce9b9f9ef00c144bfad305f16c62293dc0e8;0xadd09fc962c418a55f7e58f406930f0af8d5d617;eoa;292,539144;0;292,539144;USDC
Avalanche C-Chain;0x672b77f0538b53dc117c9ddfeb7377a678d321a6;0x4dc1ce9b9f9ef00c144bfad305f16c62293dc0e8;0xaea1975daba6357019191efb576aeba0c46e6ea4;eoa;2034,92778;0;2034,92778;USDC
Avalanche C-Chain;0x672b77f0538b53dc117c9ddfeb7377a678d321a6;0x4dc1ce9b9f9ef00c144bfad305f16c62293dc0e8;0xaf2f86b43a84c9a68e44964d9a6fbb0e9e4156ce;eoa;2036,184239;0;2036,184239;USDC
Avalanche C-Chain;0x672b77f0538b53dc117c9ddfeb7377a678d321a6;0x4dc1ce9b9f9ef00c144bfad305f16c62293dc0e8;0xb05251a5a1b0fcfefe5f94530f4372cf45196361;eoa;921,424187;0;921,424187;USDC
Avalanche C-Chain;0x672b77f0538b53dc117c9ddfeb7377a678d321a6;0x4dc1ce9b9f9ef00c144bfad305f16c62293dc0e8;0xb09951a767735efb3fb4168206eb946d5dc05f63;eoa;3001,077425;0;3001,077425;USDC
Avalanche C-Chain;0x672b77f0538b53dc117c9ddfeb7377a678d321a6;0x4dc1ce9b9f9ef00c144bfad305f16c62293dc0e8;0xb0d6d4c605e80f95759c18927bb7d51f51085f21;eoa;303421,319562;0;303421,319562;USDC
Avalanche C-Chain;0x672b77f0538b53dc117c9ddfeb7377a678d321a6;0x4dc1ce9b9f9ef00c144bfad305f16c62293dc0e8;0xb0f197b8a58e8ff8730128d0bfdd7fa80f95c2eb;eoa;204,99496;0;204,99496;USDC
Avalanche C-Chain;0x672b77f0538b53dc117c9ddfeb7377a678d321a6;0x4dc1ce9b9f9ef00c144bfad305f16c62293dc0e8;0xb0fabe3bcac50f065dbf68c0b271118ddc005402;eoa;15560,104413;0;15560,104413;USDC
Avalanche C-Chain;0x672b77f0538b53dc117c9ddfeb7377a678d321a6;0x4dc1ce9b9f9ef00c144bfad305f16c62293dc0e8;0xb11727bf13d29e20680f3fa74d15a8d76b33b430;eoa;3353,173722;0;3353,173722;USDC
Avalanche C-Chain;0x672b77f0538b53dc117c9ddfeb7377a678d321a6;0x4dc1ce9b9f9ef00c144bfad305f16c62293dc0e8;0xb16b8edd9ec957e8e1140fbcaf700b8ea710982d;contract_other;25,364602;0;25,364602;USDC
Avalanche C-Chain;0x672b77f0538b53dc117c9ddfeb7377a678d321a6;0x4dc1ce9b9f9ef00c144bfad305f16c62293dc0e8;0xb247080599844fb79c95d5bed3f0b40685dd199f;eoa;104,192375;0;104,192375;USDC
Avalanche C-Chain;0x672b77f0538b53dc117c9ddfeb7377a678d321a6;0x4dc1ce9b9f9ef00c144bfad305f16c62293dc0e8;0xb2d3d3b2907ae39694728490dd0362097931fbf5;eoa;1037,452448;0;1037,452448;USDC
Avalanche C-Chain;0x672b77f0538b53dc117c9ddfeb7377a678d321a6;0x4dc1ce9b9f9ef00c144bfad305f16c62293dc0e8;0xb3380c108fb6a494f0a60ea0b7aefaa0d3c703a9;eoa;5986,690816;0;5986,690816;USDC
Avalanche C-Chain;0x672b77f0538b53dc117c9ddfeb7377a678d321a6;0x4dc1ce9b9f9ef00c144bfad305f16c62293dc0e8;0xb3a58446e4455099d99ce1fd0ca7399d20277510;eoa;1012,221482;0;1012,221482;USDC
Avalanche C-Chain;0x672b77f0538b53dc117c9ddfeb7377a678d321a6;0x4dc1ce9b9f9ef00c144bfad305f16c62293dc0e8;0xb566a9796fca308e810e943a7a0296bf8b521561;eoa;17106,644204;0;17106,644204;USDC
Avalanche C-Chain;0x672b77f0538b53dc117c9ddfeb7377a678d321a6;0x4dc1ce9b9f9ef00c144bfad305f16c62293dc0e8;0xb769edd6378c4cbb98ac633c37a5e2094c9e2fdb;eoa;913,066384;0;913,066384;USDC
Avalanche C-Chain;0x672b77f0538b53dc117c9ddfeb7377a678d321a6;0x4dc1ce9b9f9ef00c144bfad305f16c62293dc0e8;0xb7e730829019bc4b61acc3feb185fdb44079fc32;eoa;2078,48648;0;2078,48648;USDC
Avalanche C-Chain;0x672b77f0538b53dc117c9ddfeb7377a678d321a6;0x4dc1ce9b9f9ef00c144bfad305f16c62293dc0e8;0xba1333333333a1ba1108e8412f11850a5c319ba9;contract_other;5,601186;0;1,568264;USDC
Avalanche C-Chain;0x672b77f0538b53dc117c9ddfeb7377a678d321a6;0x4dc1ce9b9f9ef00c144bfad305f16c62293dc0e8;0xbabb038737a7ae0dca02075e79ed5b7704c29827;eoa;2,001315;0;2,001315;USDC
Avalanche C-Chain;0x672b77f0538b53dc117c9ddfeb7377a678d321a6;0x4dc1ce9b9f9ef00c144bfad305f16c62293dc0e8;0xbbef3bf4a6b9c03a47e3a2d1eb562b135439d5ff;eoa;7276,499852;0;7276,499852;USDC
Avalanche C-Chain;0x672b77f0538b53dc117c9ddfeb7377a678d321a6;0x4dc1ce9b9f9ef00c144bfad305f16c62293dc0e8;0xbc4a17a8575745b13cdcf1e870ab9c160eead758;eoa;292,331133;0;292,331133;USDC
Avalanche C-Chain;0x672b77f0538b53dc117c9ddfeb7377a678d321a6;0x4dc1ce9b9f9ef00c144bfad305f16c62293dc0e8;0xbcd9ffed6db9e318d04e7a1cd2c199c3627394c3;eoa;1697,485017;0;1697,485017;USDC
Avalanche C-Chain;0x672b77f0538b53dc117c9ddfeb7377a678d321a6;0x4dc1ce9b9f9ef00c144bfad305f16c62293dc0e8;0xc098021419ea4f87e0625e2369894547d98b1b0f;eoa;181,563109;0;181,563109;USDC
Avalanche C-Chain;0x672b77f0538b53dc117c9ddfeb7377a678d321a6;0x4dc1ce9b9f9ef00c144bfad305f16c62293dc0e8;0xc126ecb5689a9e5d42b1465ef249e040e6ff9e5c;eoa;1030,207858;0;1030,207858;USDC
Avalanche C-Chain;0x672b77f0538b53dc117c9ddfeb7377a678d321a6;0x4dc1ce9b9f9ef00c144bfad305f16c62293dc0e8;0xc289afdf001a12137f55b466d19db5717cbb18c9;eoa;10185,178169;0;10185,178169;USDC
Avalanche C-Chain;0x672b77f0538b53dc117c9ddfeb7377a678d321a6;0x4dc1ce9b9f9ef00c144bfad305f16c62293dc0e8;0xc41f6e91fb0397a2a8ca0250e2ce18c397d5f71a;eoa;12268,209121;0;12268,209121;USDC
Avalanche C-Chain;0x672b77f0538b53dc117c9ddfeb7377a678d321a6;0x4dc1ce9b9f9ef00c144bfad305f16c62293dc0e8;0xc4a607aead634270b3ac62001d6545063f98c389;eoa;13,316677;0;13,316677;USDC
Avalanche C-Chain;0x672b77f0538b53dc117c9ddfeb7377a678d321a6;0x4dc1ce9b9f9ef00c144bfad305f16c62293dc0e8;0xc5155b8bb375235283084081f5ad6164fdd4d4e3;eoa;1025,923661;0;1025,923661;USDC
Avalanche C-Chain;0x672b77f0538b53dc117c9ddfeb7377a678d321a6;0x4dc1ce9b9f9ef00c144bfad305f16c62293dc0e8;0xc53ad57ebfb83b6b6fd9680428d175b5636bd375;eoa;1016,827349;0;1016,827349;USDC
Avalanche C-Chain;0x672b77f0538b53dc117c9ddfeb7377a678d321a6;0x4dc1ce9b9f9ef00c144bfad305f16c62293dc0e8;0xc5b8c856987b9d1644e76ad2fefa324f9541a1dd;eoa;2579,766594;0;2579,766594;USDC
Avalanche C-Chain;0x672b77f0538b53dc117c9ddfeb7377a678d321a6;0x4dc1ce9b9f9ef00c144bfad305f16c62293dc0e8;0xc729770162f63df2b04dd2864eefa4471ef9a088;eoa;20214,758525;0;20214,758525;USDC
Avalanche C-Chain;0x672b77f0538b53dc117c9ddfeb7377a678d321a6;0x4dc1ce9b9f9ef00c144bfad305f16c62293dc0e8;0xc7738f743730b18206343b63f5a7f28b1e795220;eoa;412,715859;0;412,715859;USDC
Avalanche C-Chain;0x672b77f0538b53dc117c9ddfeb7377a678d321a6;0x4dc1ce9b9f9ef00c144bfad305f16c62293dc0e8;0xc874f0f04488c6ea64fc83a91f4998d3ce815bd0;eoa;1029,935748;0;1029,935748;USDC
Avalanche C-Chain;0x672b77f0538b53dc117c9ddfeb7377a678d321a6;0x4dc1ce9b9f9ef00c144bfad305f16c62293dc0e8;0xca27d03c86a43480a034309515838b74a871b225;eoa;4033,724869;0;4033,724869;USDC
Avalanche C-Chain;0x672b77f0538b53dc117c9ddfeb7377a678d321a6;0x4dc1ce9b9f9ef00c144bfad305f16c62293dc0e8;0xca90380c7867040ce5df59a56338c1b95861511f;eoa;3676,22864;0;3676,22864;USDC
Avalanche C-Chain;0x672b77f0538b53dc117c9ddfeb7377a678d321a6;0x4dc1ce9b9f9ef00c144bfad305f16c62293dc0e8;0xcb25f5908b4b775cc5718a60b5c74bd073579d6d;eoa;4,863345;0;358,67261;USDC
Avalanche C-Chain;0x672b77f0538b53dc117c9ddfeb7377a678d321a6;0x4dc1ce9b9f9ef00c144bfad305f16c62293dc0e8;0xcb4577dd5078df6dd5cb4f0c5f046b3cb1d40877;eoa;61,119858;0;61,119858;USDC
Avalanche C-Chain;0x672b77f0538b53dc117c9ddfeb7377a678d321a6;0x4dc1ce9b9f9ef00c144bfad305f16c62293dc0e8;0xcc518c021d91aa80f18e00348aa44ff20d2cea6b;eoa;10,894512;0;10,894512;USDC
Avalanche C-Chain;0x672b77f0538b53dc117c9ddfeb7377a678d321a6;0x4dc1ce9b9f9ef00c144bfad305f16c62293dc0e8;0xcd27d75ffecc183278cd64c708ebee69d74fbe84;eoa;1154,103399;0;1154,103399;USDC
Avalanche C-Chain;0x672b77f0538b53dc117c9ddfeb7377a678d321a6;0x4dc1ce9b9f9ef00c144bfad305f16c62293dc0e8;0xcd5e266ded50eb872f86cf9dbf1f2cd58cf8ac69;eoa;10142,686263;0;10142,686263;USDC
Avalanche C-Chain;0x672b77f0538b53dc117c9ddfeb7377a678d321a6;0x4dc1ce9b9f9ef00c144bfad305f16c62293dc0e8;0xcd6b980029e6e6e0733ac8ec3e02be9410d09799;eoa;0;0;3,466243;USDC
Avalanche C-Chain;0x672b77f0538b53dc117c9ddfeb7377a678d321a6;0x4dc1ce9b9f9ef00c144bfad305f16c62293dc0e8;0xcddeba81384f9e327d703d235dd100f7c8bb2cb6;eoa;949,644598;0;949,644598;USDC
Avalanche C-Chain;0x672b77f0538b53dc117c9ddfeb7377a678d321a6;0x4dc1ce9b9f9ef00c144bfad305f16c62293dc0e8;0xcf0539485e3ab377969358347172582566a295b0;eoa;0,000007;0;0,000007;USDC
Avalanche C-Chain;0x672b77f0538b53dc117c9ddfeb7377a678d321a6;0x4dc1ce9b9f9ef00c144bfad305f16c62293dc0e8;0xd0e782ceb526180573040d4348cfa1bab33c07b7;eoa;1041,810495;0;0,000001;USDC
Avalanche C-Chain;0x672b77f0538b53dc117c9ddfeb7377a678d321a6;0x4dc1ce9b9f9ef00c144bfad305f16c62293dc0e8;0xd12075ac2f1e6cad3ae8b6f62ff2b321a4cdf24a;eoa;5182,018266;0;0,000003;USDC
Avalanche C-Chain;0x672b77f0538b53dc117c9ddfeb7377a678d321a6;0x4dc1ce9b9f9ef00c144bfad305f16c62293dc0e8;0xd1c47a324e0bd04d7420896bf10f7966335295f7;eoa;4592,567665;0;4592,567665;USDC
Avalanche C-Chain;0x672b77f0538b53dc117c9ddfeb7377a678d321a6;0x4dc1ce9b9f9ef00c144bfad305f16c62293dc0e8;0xd2441b98246cab0ff02074a8ebd3cbe9cab12744;eoa;0,000498;0;0,000498;USDC
Avalanche C-Chain;0x672b77f0538b53dc117c9ddfeb7377a678d321a6;0x4dc1ce9b9f9ef00c144bfad305f16c62293dc0e8;0xd25082bb3b76569c1515dcb437530f2db363e016;eoa;1356,458957;0;1356,458957;USDC
Avalanche C-Chain;0x672b77f0538b53dc117c9ddfeb7377a678d321a6;0x4dc1ce9b9f9ef00c144bfad305f16c62293dc0e8;0xd252016f8beb74c81f117b0603a7b94ae11fd60e;eoa;298,542767;0;298,542767;USDC
Avalanche C-Chain;0x672b77f0538b53dc117c9ddfeb7377a678d321a6;0x4dc1ce9b9f9ef00c144bfad305f16c62293dc0e8;0xd265dff5b84db0218975a0b7e9963e9af2a4ac6d;eoa;12,208306;0;12,208306;USDC
Avalanche C-Chain;0x672b77f0538b53dc117c9ddfeb7377a678d321a6;0x4dc1ce9b9f9ef00c144bfad305f16c62293dc0e8;0xd27fadcb642657e599394da3356e137d92bc1914;eoa;5053,868216;0;5053,868216;USDC
Avalanche C-Chain;0x672b77f0538b53dc117c9ddfeb7377a678d321a6;0x4dc1ce9b9f9ef00c144bfad305f16c62293dc0e8;0xd33536b39f2c75e95f044308f8db63d60e0b32f4;eoa;2638,5299;0;2638,5299;USDC
Avalanche C-Chain;0x672b77f0538b53dc117c9ddfeb7377a678d321a6;0x4dc1ce9b9f9ef00c144bfad305f16c62293dc0e8;0xd3843ee13c0664dfb640a8874b131e83bf2140a7;eoa;1017,278773;0;1017,278773;USDC
Avalanche C-Chain;0x672b77f0538b53dc117c9ddfeb7377a678d321a6;0x4dc1ce9b9f9ef00c144bfad305f16c62293dc0e8;0xd53e88c97d3f3f0d7d3274fc4732e68f84207588;eoa;1934,614814;0;0;USDC
Avalanche C-Chain;0x672b77f0538b53dc117c9ddfeb7377a678d321a6;0x4dc1ce9b9f9ef00c144bfad305f16c62293dc0e8;0xd53f1fff728c43bab08cd43fd3f9365e4979f99d;eoa;1956,881308;0;1956,881308;USDC
Avalanche C-Chain;0x672b77f0538b53dc117c9ddfeb7377a678d321a6;0x4dc1ce9b9f9ef00c144bfad305f16c62293dc0e8;0xd8bc75bfbdda718e04c800190be28da8acf922d4;eoa;2285,637188;0;2285,637188;USDC
Avalanche C-Chain;0x672b77f0538b53dc117c9ddfeb7377a678d321a6;0x4dc1ce9b9f9ef00c144bfad305f16c62293dc0e8;0xd97b343e1d6cbd864e36b1026f634d0de6ff68c1;Gnosis Safe;22917,303522;0;22917,303522;USDC
Avalanche C-Chain;0x672b77f0538b53dc117c9ddfeb7377a678d321a6;0x4dc1ce9b9f9ef00c144bfad305f16c62293dc0e8;0xd9a94c9d9d26992ca85a25ec49d068915a0c0be6;Gnosis Safe;18584,370724;0;18584,370724;USDC
Avalanche C-Chain;0x672b77f0538b53dc117c9ddfeb7377a678d321a6;0x4dc1ce9b9f9ef00c144bfad305f16c62293dc0e8;0xda7d7b63566c6502fc55fd8b76e27723f0d8f5b5;eoa;883,544728;0;883,544728;USDC
Avalanche C-Chain;0x672b77f0538b53dc117c9ddfeb7377a678d321a6;0x4dc1ce9b9f9ef00c144bfad305f16c62293dc0e8;0xdc038cff8e55416a5189e37f382879c19217a4cb;contract_other;0,000002;0;0,000002;USDC
Avalanche C-Chain;0x672b77f0538b53dc117c9ddfeb7377a678d321a6;0x4dc1ce9b9f9ef00c144bfad305f16c62293dc0e8;0xdc698758ac0468df0981896a68f8f9017c6fcec5;eoa;3123,11387;0;3123,11387;USDC
Avalanche C-Chain;0x672b77f0538b53dc117c9ddfeb7377a678d321a6;0x4dc1ce9b9f9ef00c144bfad305f16c62293dc0e8;0xdce67b2103cf130fb9bf8ae57cbf6f1af883bbcd;eoa;20516,245947;0;20516,245947;USDC
Avalanche C-Chain;0x672b77f0538b53dc117c9ddfeb7377a678d321a6;0x4dc1ce9b9f9ef00c144bfad305f16c62293dc0e8;0xdd282677d3f52e0845a480bb232432b4e301fad7;eoa;2064,404918;0;2064,404918;USDC
Avalanche C-Chain;0x672b77f0538b53dc117c9ddfeb7377a678d321a6;0x4dc1ce9b9f9ef00c144bfad305f16c62293dc0e8;0xdedcf5806c4968c6397eee97e68047bda339d0c1;eoa;4,122477;0;4,122477;USDC
Avalanche C-Chain;0x672b77f0538b53dc117c9ddfeb7377a678d321a6;0x4dc1ce9b9f9ef00c144bfad305f16c62293dc0e8;0xdf769ff12704802aeea77fcf487c0f967ab7e3ca;eoa;509,018028;0;509,018028;USDC
Avalanche C-Chain;0x672b77f0538b53dc117c9ddfeb7377a678d321a6;0x4dc1ce9b9f9ef00c144bfad305f16c62293dc0e8;0xdfc27c594de3393278c4be9d64bca0efbdfd83d7;eoa;3189,627447;0;0;USDC
Avalanche C-Chain;0x672b77f0538b53dc117c9ddfeb7377a678d321a6;0x4dc1ce9b9f9ef00c144bfad305f16c62293dc0e8;0xe0a613c4d98f6481deebf3bf73a4de1f39a15a1f;Gnosis Safe;31318,67505;0;31318,67505;USDC
Avalanche C-Chain;0x672b77f0538b53dc117c9ddfeb7377a678d321a6;0x4dc1ce9b9f9ef00c144bfad305f16c62293dc0e8;0xe3505e9b86824ef246d112e74266f3a724798cb0;eoa;625,360511;0;625,360511;USDC
Avalanche C-Chain;0x672b77f0538b53dc117c9ddfeb7377a678d321a6;0x4dc1ce9b9f9ef00c144bfad305f16c62293dc0e8;0xe3d4ae67a7ce0870e2874ca4823ff2c165fb0af8;eoa;34586,810286;0;35628,600913;USDC
Avalanche C-Chain;0x672b77f0538b53dc117c9ddfeb7377a678d321a6;0x4dc1ce9b9f9ef00c144bfad305f16c62293dc0e8;0xe3ff9856d11ccca4c2d5898bd42d19009a2c0cbe;eoa;968,126129;0;968,126129;USDC
Avalanche C-Chain;0x672b77f0538b53dc117c9ddfeb7377a678d321a6;0x4dc1ce9b9f9ef00c144bfad305f16c62293dc0e8;0xe5072b3a0db4bc62fd5fb951e9b4c7effca780fd;eoa;2058,103147;0;2058,103147;USDC
Avalanche C-Chain;0x672b77f0538b53dc117c9ddfeb7377a678d321a6;0x4dc1ce9b9f9ef00c144bfad305f16c62293dc0e8;0xe516d755886686cd1869f5267b58b9edc175bff6;eoa;9,688196;0;118,464476;USDC
Avalanche C-Chain;0x672b77f0538b53dc117c9ddfeb7377a678d321a6;0x4dc1ce9b9f9ef00c144bfad305f16c62293dc0e8;0xe5cee5bcae68e056a3658617b3fd3a21478fc41d;eoa;5069,541059;0;5069,541059;USDC
Avalanche C-Chain;0x672b77f0538b53dc117c9ddfeb7377a678d321a6;0x4dc1ce9b9f9ef00c144bfad305f16c62293dc0e8;0xe615784eb53bc634a64e5cde34c816cd64963301;eoa;1569,473851;0;1569,473851;USDC
Avalanche C-Chain;0x672b77f0538b53dc117c9ddfeb7377a678d321a6;0x4dc1ce9b9f9ef00c144bfad305f16c62293dc0e8;0xe651794ad2f311dd14024e5d63bbbbd7975442a4;eoa;318,355032;0;0;USDC
Avalanche C-Chain;0x672b77f0538b53dc117c9ddfeb7377a678d321a6;0x4dc1ce9b9f9ef00c144bfad305f16c62293dc0e8;0xe7cc592ba5d0093798645dd49fa8a1ac78e6e833;eoa;754,978246;0;754,978246;USDC
Avalanche C-Chain;0x672b77f0538b53dc117c9ddfeb7377a678d321a6;0x4dc1ce9b9f9ef00c144bfad305f16c62293dc0e8;0xeb4090bcf6abe509e817b80af13b8c9109319755;eoa;2693,846563;0;2693,846563;USDC
Avalanche C-Chain;0x672b77f0538b53dc117c9ddfeb7377a678d321a6;0x4dc1ce9b9f9ef00c144bfad305f16c62293dc0e8;0xeb62fd05dc1a9671ef108a6890593ad727400be4;eoa;210853,180079;0;210853,180079;USDC
Avalanche C-Chain;0x672b77f0538b53dc117c9ddfeb7377a678d321a6;0x4dc1ce9b9f9ef00c144bfad305f16c62293dc0e8;0xecc65c3341c66520097bd29be2afd891f4907bfc;eoa;25,794661;0;25,794661;USDC
Avalanche C-Chain;0x672b77f0538b53dc117c9ddfeb7377a678d321a6;0x4dc1ce9b9f9ef00c144bfad305f16c62293dc0e8;0xeda49bce2f38d284f839be1f4f2e23e6c7cc7dbd;eoa;0,021443;0;0,021443;USDC
Avalanche C-Chain;0x672b77f0538b53dc117c9ddfeb7377a678d321a6;0x4dc1ce9b9f9ef00c144bfad305f16c62293dc0e8;0xef8f0b79708e93ae22746f5632346ee817ac4f94;eoa;979973,638837;0;979973,638837;USDC
Avalanche C-Chain;0x672b77f0538b53dc117c9ddfeb7377a678d321a6;0x4dc1ce9b9f9ef00c144bfad305f16c62293dc0e8;0xef9999d9b3f2fcfd4668c184f9f10737226df63a;eoa;1379,599127;0;1379,599127;USDC
Avalanche C-Chain;0x672b77f0538b53dc117c9ddfeb7377a678d321a6;0x4dc1ce9b9f9ef00c144bfad305f16c62293dc0e8;0xefed2970c4b8f1115e1a09ca7952e943124bc0ae;eoa;28632,440498;0;28632,440498;USDC
Avalanche C-Chain;0x672b77f0538b53dc117c9ddfeb7377a678d321a6;0x4dc1ce9b9f9ef00c144bfad305f16c62293dc0e8;0xeff282ed1e9bd500825612a4d51e89ef9c57128f;eoa;166,860538;0;166,860538;USDC
Avalanche C-Chain;0x672b77f0538b53dc117c9ddfeb7377a678d321a6;0x4dc1ce9b9f9ef00c144bfad305f16c62293dc0e8;0xf27b3d4c2b093cac19e87b5ce70cea83955c14a1;eoa;102,038494;0;102,038494;USDC
Avalanche C-Chain;0x672b77f0538b53dc117c9ddfeb7377a678d321a6;0x4dc1ce9b9f9ef00c144bfad305f16c62293dc0e8;0xf41b9188b4316a368b11172d1c2dfabb819224fb;eoa;225,637298;0;225,637298;USDC
Avalanche C-Chain;0x672b77f0538b53dc117c9ddfeb7377a678d321a6;0x4dc1ce9b9f9ef00c144bfad305f16c62293dc0e8;0xf56ebb74b45768c166b3fee3286b62e27e898ea5;eoa;6770,395745;0;6770,395745;USDC
Avalanche C-Chain;0x672b77f0538b53dc117c9ddfeb7377a678d321a6;0x4dc1ce9b9f9ef00c144bfad305f16c62293dc0e8;0xf585874e44ecb5af5bc49877724d1356cb4dc80d;eoa;3103,531914;0;3103,531914;USDC
Avalanche C-Chain;0x672b77f0538b53dc117c9ddfeb7377a678d321a6;0x4dc1ce9b9f9ef00c144bfad305f16c62293dc0e8;0xf7bca83b267f229647f782c5e9ca899eff004c3b;eoa;2049,625816;0;2049,625816;USDC
Avalanche C-Chain;0x672b77f0538b53dc117c9ddfeb7377a678d321a6;0x4dc1ce9b9f9ef00c144bfad305f16c62293dc0e8;0xf7e4c3e13946ab57371189ff7500efe0353a856b;eoa;984,485665;0;984,485665;USDC
Avalanche C-Chain;0x672b77f0538b53dc117c9ddfeb7377a678d321a6;0x4dc1ce9b9f9ef00c144bfad305f16c62293dc0e8;0xf93fda7e195ee287b8b0806d718640f733cfc7f9;eoa;26664,669105;0;0,000001;USDC
Avalanche C-Chain;0x672b77f0538b53dc117c9ddfeb7377a678d321a6;0x4dc1ce9b9f9ef00c144bfad305f16c62293dc0e8;0xf95b68d18f079c2fcefefc7a561f020ab1cc47ff;eoa;1573,417839;0;1573,417839;USDC
Avalanche C-Chain;0x672b77f0538b53dc117c9ddfeb7377a678d321a6;0x4dc1ce9b9f9ef00c144bfad305f16c62293dc0e8;0xf9cd762c75f64cca783ef7ceb41cbd8f5228685a;eoa;30398,373968;0;30398,373968;USDC
Avalanche C-Chain;0x672b77f0538b53dc117c9ddfeb7377a678d321a6;0x4dc1ce9b9f9ef00c144bfad305f16c62293dc0e8;0xf9fb45a0ac755111aa951d5a88a56a5f48d273b6;eoa;3051,275961;0;3051,275961;USDC
Avalanche C-Chain;0x672b77f0538b53dc117c9ddfeb7377a678d321a6;0x4dc1ce9b9f9ef00c144bfad305f16c62293dc0e8;0xfaa001458cb81ca2bfe8ec68d1b42cdeb98d7ccf;eoa;1027,020514;0;1027,020514;USDC
Avalanche C-Chain;0x672b77f0538b53dc117c9ddfeb7377a678d321a6;0x4dc1ce9b9f9ef00c144bfad305f16c62293dc0e8;0xfaa1ebe78218ecced9d28e14e365030afd073a3c;eoa;80,156402;0;80,156402;USDC
Avalanche C-Chain;0x672b77f0538b53dc117c9ddfeb7377a678d321a6;0x4dc1ce9b9f9ef00c144bfad305f16c62293dc0e8;0xfbc97dd0924eea46b24df46f7d5a49ddabadbbea;eoa;50377,831949;0;50377,831949;USDC
Avalanche C-Chain;0x672b77f0538b53dc117c9ddfeb7377a678d321a6;0x4dc1ce9b9f9ef00c144bfad305f16c62293dc0e8;0xfc46d4a74fdcb41c883a5177ea3df61f6016b56b;eoa;106692,587703;0;106692,587703;USDC
Avalanche C-Chain;0x672b77f0538b53dc117c9ddfeb7377a678d321a6;0x4dc1ce9b9f9ef00c144bfad305f16c62293dc0e8;0xfc814847db9657a0164f4fc63b028970c5e3c63a;eoa;3047,028874;0;3047,028874;USDC
Avalanche C-Chain;0x672b77f0538b53dc117c9ddfeb7377a678d321a6;0x4dc1ce9b9f9ef00c144bfad305f16c62293dc0e8;0xfccd8060df72444270fe92e994241049c6a21152;eoa;2416,865292;0;2416,865292;USDC
Avalanche C-Chain;0x672b77f0538b53dc117c9ddfeb7377a678d321a6;0x4dc1ce9b9f9ef00c144bfad305f16c62293dc0e8;0xfd666f8308275cbe1defcbc4e38da4ec363f4206;eoa;1098111,53873;0;0,000001;USDC
Avalanche C-Chain;0x672b77f0538b53dc117c9ddfeb7377a678d321a6;0x4dc1ce9b9f9ef00c144bfad305f16c62293dc0e8;0xfd932ff6b29384f1ad550c4b408a06de6b52d598;eoa;11,780009;0;11,780009;USDC
Avalanche C-Chain;0x672b77f0538b53dc117c9ddfeb7377a678d321a6;0x4dc1ce9b9f9ef00c144bfad305f16c62293dc0e8;0xfe008eb050aa938ad301bbd7a4f57eec03c0e65a;eoa;2018,339564;0;2018,339564;USDC
Avalanche C-Chain;0x672b77f0538b53dc117c9ddfeb7377a678d321a6;0x4dc1ce9b9f9ef00c144bfad305f16c62293dc0e8;0xfe09da2b044a6ff1e0eb832e1c32b39f29510e64;eoa;1,14604;0;1,14604;USDC
Avalanche C-Chain;0x672b77f0538b53dc117c9ddfeb7377a678d321a6;0x4dc1ce9b9f9ef00c144bfad305f16c62293dc0e8;0xff5df32fc2ad0421662109f6998fdf7db30944a7;eoa;30573,825557;0;30573,825557;USDC
Avalanche C-Chain;0x672b77f0538b53dc117c9ddfeb7377a678d321a6;0x4dc1ce9b9f9ef00c144bfad305f16c62293dc0e8;0xff8a0c2ae51b0f35860be9665df75a06410547a4;eoa;515,026961;0;515,026961;USDC
Avalanche C-Chain;0x672b77f0538b53dc117c9ddfeb7377a678d321a6;0x4dc1ce9b9f9ef00c144bfad305f16c62293dc0e8;0xffbaa0de31cd06c0031682e6e991b2515e71192e;eoa;1,547734;0;1,547734;USDC
Avalanche C-Chain;0x672b77f0538b53dc117c9ddfeb7377a678d321a6;0x4dc1ce9b9f9ef00c144bfad305f16c62293dc0e8;0xaa9284dced8eec10dd34fe815bab2451835ab5f8;eoa;0;0;2,307161;USDC
Avalanche C-Chain;0x672b77f0538b53dc117c9ddfeb7377a678d321a6;0x4dc1ce9b9f9ef00c144bfad305f16c62293dc0e8;0xa871ab14f1aae8daeeddd047999fb9f234bcaaf5;eoa;0;0;-0,000006;USDC
Avalanche C-Chain;0x672b77f0538b53dc117c9ddfeb7377a678d321a6;0x4dc1ce9b9f9ef00c144bfad305f16c62293dc0e8;0xf9149b963ed9cd8bac918d70044a45d47413287c;eoa;0;0;390,583338;USDC
Avalanche C-Chain;0x672b77f0538b53dc117c9ddfeb7377a678d321a6;0x4dc1ce9b9f9ef00c144bfad305f16c62293dc0e8;0xc30673f758e02069e28181edfd9d424c57f562af;eoa;0;0;0,45212;USDC
Avalanche C-Chain;0x672b77f0538b53dc117c9ddfeb7377a678d321a6;0x4dc1ce9b9f9ef00c144bfad305f16c62293dc0e8;0x62dff9b88b7237c590332ad8c6a61c34edeb6878;eoa;0;0;0;USDC
Avalanche C-Chain;0x672b77f0538b53dc117c9ddfeb7377a678d321a6;0x4dc1ce9b9f9ef00c144bfad305f16c62293dc0e8;0x29ed0a2f22a92ff84a7f196785ca6b0d21aeec62;contract_other;0;0;0;USDC
Avalanche C-Chain;0x672b77f0538b53dc117c9ddfeb7377a678d321a6;0x4dc1ce9b9f9ef00c144bfad305f16c62293dc0e8;0x63242a4ea82847b20e506b63b0e2e2eff0cc6cb0;contract_other;0;0;0;USDC
Avalanche C-Chain;0x672b77f0538b53dc117c9ddfeb7377a678d321a6;0x4dc1ce9b9f9ef00c144bfad305f16c62293dc0e8;0x6faaa9071bb5b1c0ff5d37846391f6f388a7f622;eoa;0;0;0,099671;USDC
Avalanche C-Chain;0x672b77f0538b53dc117c9ddfeb7377a678d321a6;0x4dc1ce9b9f9ef00c144bfad305f16c62293dc0e8;0x8a92294ffcfe469a3df4a85c76a0b0d2b3292119;contract_other;0;0;0;USDC
Avalanche C-Chain;0x672b77f0538b53dc117c9ddfeb7377a678d321a6;0x4dc1ce9b9f9ef00c144bfad305f16c62293dc0e8;0x05a95469e65fed6a97671b445f8750a24fb62350;eoa;0;0;-0,000001;USDC
Avalanche C-Chain;0x672b77f0538b53dc117c9ddfeb7377a678d321a6;0x4dc1ce9b9f9ef00c144bfad305f16c62293dc0e8;0xf5bd0ffbf62294f067689e2cbcd10d473c7a6d8b;eoa;0;0;23891,518854;USDC
Avalanche C-Chain;0x672b77f0538b53dc117c9ddfeb7377a678d321a6;0x4dc1ce9b9f9ef00c144bfad305f16c62293dc0e8;0xc95b0c2c28923bbbd2997104dd1ea15ac71c409a;eoa;0;0;0,879425;USDC
Avalanche C-Chain;0x672b77f0538b53dc117c9ddfeb7377a678d321a6;0x4dc1ce9b9f9ef00c144bfad305f16c62293dc0e8;0x51acb481c8877f7a50b9477cf7e1b4c3f59b0fd7;eoa;0;0;11,363851;USDC
Avalanche C-Chain;0x672b77f0538b53dc117c9ddfeb7377a678d321a6;0x4dc1ce9b9f9ef00c144bfad305f16c62293dc0e8;0x8091110790e54379a19e92b4503644789de5afe0;eoa;0;0;0;USDC
Avalanche C-Chain;0x672b77f0538b53dc117c9ddfeb7377a678d321a6;0x4dc1ce9b9f9ef00c144bfad305f16c62293dc0e8;0xccccccf25584cafbd4d80e9464361af1e7280b44;eoa;0;0;1,586827;USDC
Avalanche C-Chain;0x672b77f0538b53dc117c9ddfeb7377a678d321a6;0x4dc1ce9b9f9ef00c144bfad305f16c62293dc0e8;0x1231deb6f5749ef6ce6943a275a1d3e7486f4eae;contract_other;0;0;0;USDC
Avalanche C-Chain;0x672b77f0538b53dc117c9ddfeb7377a678d321a6;0x4dc1ce9b9f9ef00c144bfad305f16c62293dc0e8;0x183b1744ba0449f7f94c672597f44ecf7f4fc2e6;eoa;0;0;-0,000001;USDC
Avalanche C-Chain;0x672b77f0538b53dc117c9ddfeb7377a678d321a6;0x4dc1ce9b9f9ef00c144bfad305f16c62293dc0e8;0x743d7b30661d65b41960bf6b5d1bb93cf7972a73;eoa;0;0;3592,87562;USDC
Avalanche C-Chain;0x672b77f0538b53dc117c9ddfeb7377a678d321a6;0x4dc1ce9b9f9ef00c144bfad305f16c62293dc0e8;0xf708e11a7c94abde8f6217b13e6fe39c8b9cc0a6;contract_other;0;0;0;USDC
Avalanche C-Chain;0x672b77f0538b53dc117c9ddfeb7377a678d321a6;0x4dc1ce9b9f9ef00c144bfad305f16c62293dc0e8;0xbb4223ef4cce93fb40beb62178abe9a666f682af;eoa;0;0;637,925489;USDC
Avalanche C-Chain;0x672b77f0538b53dc117c9ddfeb7377a678d321a6;0x4dc1ce9b9f9ef00c144bfad305f16c62293dc0e8;0xbe045fcbfe416bee1136dc88ccfcf69d61a63379;eoa;0;0;2551,701958;USDC
Avalanche C-Chain;0x672b77f0538b53dc117c9ddfeb7377a678d321a6;0x4dc1ce9b9f9ef00c144bfad305f16c62293dc0e8;0xdd1b616d31691221d347570bd84a54660370b192;eoa;0;0;-0,000002;USDC
Avalanche C-Chain;0x672b77f0538b53dc117c9ddfeb7377a678d321a6;0x4dc1ce9b9f9ef00c144bfad305f16c62293dc0e8;0x0298991e9251a0d890341a0b3210ce3bdf347e6c;eoa;0;0;0,000001;USDC
Avalanche C-Chain;0x672b77f0538b53dc117c9ddfeb7377a678d321a6;0x4dc1ce9b9f9ef00c144bfad305f16c62293dc0e8;0xe07f9293ade766bffdf5e8548ad50425d49d5b25;contract_other;0;0;0;USDC
Avalanche C-Chain;0x672b77f0538b53dc117c9ddfeb7377a678d321a6;0x4dc1ce9b9f9ef00c144bfad305f16c62293dc0e8;0x326ca8021876acb176503874348d1035a5173601;eoa;0;0;42,930468;USDC
Avalanche C-Chain;0x672b77f0538b53dc117c9ddfeb7377a678d321a6;0x4dc1ce9b9f9ef00c144bfad305f16c62293dc0e8;0xff4f7b726ee86f810531d2842b3bdd8a512db594;eoa;0;0;56,755652;USDC
Avalanche C-Chain;0x672b77f0538b53dc117c9ddfeb7377a678d321a6;0x4dc1ce9b9f9ef00c144bfad305f16c62293dc0e8;0x88096fb70c3e152c2dc3c0487275770b56cd1aac;eoa;0;0;23,94636;USDC
Avalanche C-Chain;0x672b77f0538b53dc117c9ddfeb7377a678d321a6;0x4dc1ce9b9f9ef00c144bfad305f16c62293dc0e8;0x2d2b7241356cdca2db575f3b783601081e7f0255;eoa;0;0;16,125625;USDC
Avalanche C-Chain;0x672b77f0538b53dc117c9ddfeb7377a678d321a6;0x4dc1ce9b9f9ef00c144bfad305f16c62293dc0e8;0xcd1bd705d5059dc385dff79c1e21b5861957d27c;eoa;0;0;0,001012;USDC
Avalanche C-Chain;0x672b77f0538b53dc117c9ddfeb7377a678d321a6;0x4dc1ce9b9f9ef00c144bfad305f16c62293dc0e8;0xa01b2a6e104fce178607272abd2234c3436a15cb;eoa;0;0;11,078981;USDC
Avalanche C-Chain;0x672b77f0538b53dc117c9ddfeb7377a678d321a6;0x4dc1ce9b9f9ef00c144bfad305f16c62293dc0e8;0xf459dbaa62e3976b937ae9a4f6c31df96cd12a44;eoa;0;0;5,436209;USDC
Avalanche C-Chain;0x672b77f0538b53dc117c9ddfeb7377a678d321a6;0x4dc1ce9b9f9ef00c144bfad305f16c62293dc0e8;0x940f8e85bf35ba65a6ed1bd18d7b4e018337ae26;eoa;0;0;0;USDC
Avalanche C-Chain;0x672b77f0538b53dc117c9ddfeb7377a678d321a6;0x4dc1ce9b9f9ef00c144bfad305f16c62293dc0e8;0x06380c0e0912312b5150364b9dc4542ba0dbbc85;contract_other;0;0;314,109217;USDC
Avalanche C-Chain;0x672b77f0538b53dc117c9ddfeb7377a678d321a6;0x4dc1ce9b9f9ef00c144bfad305f16c62293dc0e8;0x7da6cde2354dd295554aa2127d8ec3d31f6d91aa;contract_other;0;0;0;USDC
Avalanche C-Chain;0x672b77f0538b53dc117c9ddfeb7377a678d321a6;0x4dc1ce9b9f9ef00c144bfad305f16c62293dc0e8;0x76b60dcf71da2294f8aa034432d925d1eed8cf68;eoa;0;0;6,074312;USDC
Avalanche C-Chain;0x672b77f0538b53dc117c9ddfeb7377a678d321a6;0x4dc1ce9b9f9ef00c144bfad305f16c62293dc0e8;0x2f16290149e5b30519147de5c11b3e4b239972b0;eoa;0;0;25,181123;USDC
Avalanche C-Chain;0x672b77f0538b53dc117c9ddfeb7377a678d321a6;0x4dc1ce9b9f9ef00c144bfad305f16c62293dc0e8;0xa304816c9c78505714f24fc13222fe07ce0cc711;eoa;0;0;0,006004;USDC
Avalanche C-Chain;0x672b77f0538b53dc117c9ddfeb7377a678d321a6;0x4dc1ce9b9f9ef00c144bfad305f16c62293dc0e8;0x19f7bb87e5b822a512f17f975a8a1d77372c9c8c;eoa;0;0;-0,000003;USDC
Avalanche C-Chain;0x672b77f0538b53dc117c9ddfeb7377a678d321a6;0x4dc1ce9b9f9ef00c144bfad305f16c62293dc0e8;0x5239c936b6a363a8cd74f27b0948018c07316fe6;eoa;0;0;27,728444;USDC
Avalanche C-Chain;0x672b77f0538b53dc117c9ddfeb7377a678d321a6;0x4dc1ce9b9f9ef00c144bfad305f16c62293dc0e8;0xda554d368db3cba74f7d03b333223413162c216d;eoa;0;0;6,059198;USDC
Avalanche C-Chain;0x672b77f0538b53dc117c9ddfeb7377a678d321a6;0x4dc1ce9b9f9ef00c144bfad305f16c62293dc0e8;0x2a3ca4a0cb2b32655569f0be8f87d930d55effbe;eoa;0;0;20781,161249;USDC
Avalanche C-Chain;0x672b77f0538b53dc117c9ddfeb7377a678d321a6;0x4dc1ce9b9f9ef00c144bfad305f16c62293dc0e8;0x4df658bdbf380e1983617ffd198f56bebefc271d;eoa;0;0;-0,000003;USDC
Avalanche C-Chain;0x672b77f0538b53dc117c9ddfeb7377a678d321a6;0x4dc1ce9b9f9ef00c144bfad305f16c62293dc0e8;0xcc67032640cb20c16e8deffa821502d36cef212a;eoa;0;0;2303855,456844;USDC
Avalanche C-Chain;0x672b77f0538b53dc117c9ddfeb7377a678d321a6;0x4dc1ce9b9f9ef00c144bfad305f16c62293dc0e8;0xace7dd69edeeb53559b6f57f289a0c1c9b80cafe;eoa;0;0;0,081247;USDC
Avalanche C-Chain;0x672b77f0538b53dc117c9ddfeb7377a678d321a6;0x4dc1ce9b9f9ef00c144bfad305f16c62293dc0e8;0x630dc3accb443b7e638411975c74dd8e57a4f41c;eoa;0;0;0,002083;USDC
Avalanche C-Chain;0x672b77f0538b53dc117c9ddfeb7377a678d321a6;0x4dc1ce9b9f9ef00c144bfad305f16c62293dc0e8;0xe694bf21af6d6fce862169ef6ddb3a0dcea8d0f9;eoa;0;0;2621,462348;USDC
Avalanche C-Chain;0x672b77f0538b53dc117c9ddfeb7377a678d321a6;0x4dc1ce9b9f9ef00c144bfad305f16c62293dc0e8;0xa6e6ff47cbf3b6c5909126c80edccd67bf42fdb9;eoa;0;0;240,378989;USDC
Avalanche C-Chain;0x672b77f0538b53dc117c9ddfeb7377a678d321a6;0x4dc1ce9b9f9ef00c144bfad305f16c62293dc0e8;0x904ba3b57a3a896cf4438a18aca227a1362eaf05;eoa;0;0;5,956122;USDC
Avalanche C-Chain;0x672b77f0538b53dc117c9ddfeb7377a678d321a6;0x4dc1ce9b9f9ef00c144bfad305f16c62293dc0e8;0x3f4bef3311893aaa5847a16a7d8cebb74279983c;eoa;0;0;-0,000001;USDC
Avalanche C-Chain;0x672b77f0538b53dc117c9ddfeb7377a678d321a6;0x4dc1ce9b9f9ef00c144bfad305f16c62293dc0e8;0xe35183f1eeff358d271e6818987b37ff1ce4df84;eoa;0;0;0;USDC
Avalanche C-Chain;0x672b77f0538b53dc117c9ddfeb7377a678d321a6;0x4dc1ce9b9f9ef00c144bfad305f16c62293dc0e8;0x36cf39c2ed17957cb5f2923cfe2909165893797a;eoa;0;0;6,733193;USDC
Avalanche C-Chain;0x672b77f0538b53dc117c9ddfeb7377a678d321a6;0x4dc1ce9b9f9ef00c144bfad305f16c62293dc0e8;0x45058df8569201817ad42c0fec65a2b9ab7b9a49;eoa;0;0;0;USDC
Avalanche C-Chain;0x672b77f0538b53dc117c9ddfeb7377a678d321a6;0x4dc1ce9b9f9ef00c144bfad305f16c62293dc0e8;0xc590175e458b83680867afd273527ff58f74c02b;erc4626_unresolved;0;0;0;USDC
Avalanche C-Chain;0x672b77f0538b53dc117c9ddfeb7377a678d321a6;0x4dc1ce9b9f9ef00c144bfad305f16c62293dc0e8;0x1633fad3a5ab0e74a8c266cb74d7da6469442cf1;eoa;0;0;3,858565;USDC
Avalanche C-Chain;0x672b77f0538b53dc117c9ddfeb7377a678d321a6;0x4dc1ce9b9f9ef00c144bfad305f16c62293dc0e8;0x935b1a674c391b8b7f774dc1f171e3082873f41a;eoa;0;0;-0,000001;USDC
Avalanche C-Chain;0x672b77f0538b53dc117c9ddfeb7377a678d321a6;0x4dc1ce9b9f9ef00c144bfad305f16c62293dc0e8;0x73b3bd52c627d05749255dee790f14b11058a0d7;eoa;0;0;1418,489188;USDC
Avalanche C-Chain;0x672b77f0538b53dc117c9ddfeb7377a678d321a6;0x4dc1ce9b9f9ef00c144bfad305f16c62293dc0e8;0xd7d005840e80926e6bfea9467ed811a56bd8a0d1;eoa;0;0;-0,000001;USDC
Avalanche C-Chain;0x672b77f0538b53dc117c9ddfeb7377a678d321a6;0x4dc1ce9b9f9ef00c144bfad305f16c62293dc0e8;0xf3065564cc3fe5aa39a09d03075c3c8f888ccfdc;eoa;0;0;2,655882;USDC
Avalanche C-Chain;0x672b77f0538b53dc117c9ddfeb7377a678d321a6;0x4dc1ce9b9f9ef00c144bfad305f16c62293dc0e8;0xb792c8657d1a927633228429f49e1d9db2b85d0e;eoa;0;0;0;USDC
Avalanche C-Chain;0x672b77f0538b53dc117c9ddfeb7377a678d321a6;0x4dc1ce9b9f9ef00c144bfad305f16c62293dc0e8;0x3edb704c13cf5439bad57084d5ff598d41e115d3;eoa;0;0;1,312982;USDC
Avalanche C-Chain;0x672b77f0538b53dc117c9ddfeb7377a678d321a6;0x4dc1ce9b9f9ef00c144bfad305f16c62293dc0e8;0xc4fc7075c4d60107b051c6f35026dbaf7865e1de;eoa;0;0;17,898993;USDC
Avalanche C-Chain;0x672b77f0538b53dc117c9ddfeb7377a678d321a6;0x4dc1ce9b9f9ef00c144bfad305f16c62293dc0e8;0x4a2763570edeeeb78e0174aeae6bedde6f143398;eoa;0;0;0,29422;USDC
Avalanche C-Chain;0x672b77f0538b53dc117c9ddfeb7377a678d321a6;0x4dc1ce9b9f9ef00c144bfad305f16c62293dc0e8;0x56f6bf6b793713c050fd02147a45b563bb4d8efa;eoa;0;0;900,222095;USDC
Avalanche C-Chain;0x672b77f0538b53dc117c9ddfeb7377a678d321a6;0x4dc1ce9b9f9ef00c144bfad305f16c62293dc0e8;0xa0c25709aad393d4290c1c0206b3e4d0c5cc87a6;eoa;0;0;148,491643;USDC
Avalanche C-Chain;0x672b77f0538b53dc117c9ddfeb7377a678d321a6;0x4dc1ce9b9f9ef00c144bfad305f16c62293dc0e8;0x545044020ffa4611fb0f2b7ede12d13becfceca3;eoa;0;0;0,00001;USDC
Avalanche C-Chain;0x672b77f0538b53dc117c9ddfeb7377a678d321a6;0x4dc1ce9b9f9ef00c144bfad305f16c62293dc0e8;0xa772a64755e5c1137531fa0ddd75372a5481bc32;eoa;0;0;1,320546;USDC
Avalanche C-Chain;0x672b77f0538b53dc117c9ddfeb7377a678d321a6;0x4dc1ce9b9f9ef00c144bfad305f16c62293dc0e8;0x6ba0ed8ea6ddcd374bced4b5fe29ae3e727c63b1;eoa;0;0;0,486493;USDC
Avalanche C-Chain;0x672b77f0538b53dc117c9ddfeb7377a678d321a6;0x4dc1ce9b9f9ef00c144bfad305f16c62293dc0e8;0x82e1a7da50da8fe47243740f62a89855e4d12a96;eoa;0;0;155,005957;USDC
Avalanche C-Chain;0x672b77f0538b53dc117c9ddfeb7377a678d321a6;0x4dc1ce9b9f9ef00c144bfad305f16c62293dc0e8;0xe643bea0678bec6ca9c386b20d2440c98a39b857;eoa;0;0;0,694533;USDC
Avalanche C-Chain;0x672b77f0538b53dc117c9ddfeb7377a678d321a6;0x4dc1ce9b9f9ef00c144bfad305f16c62293dc0e8;0xb7fd481af5f64fa1dcde93ee16509d1ad5fc88cd;eoa;0;0;0;USDC
Avalanche C-Chain;0x672b77f0538b53dc117c9ddfeb7377a678d321a6;0x4dc1ce9b9f9ef00c144bfad305f16c62293dc0e8;0xcb3dbf0d7842f570a4971af0515df5bb985ac88a;eoa;0;0;0;USDC
Avalanche C-Chain;0x672b77f0538b53dc117c9ddfeb7377a678d321a6;0x4dc1ce9b9f9ef00c144bfad305f16c62293dc0e8;0x73e9032a317bdf7a2e3eabc4ae96ddbf405a0a2c;eoa;0;0;39,531309;USDC
Avalanche C-Chain;0x672b77f0538b53dc117c9ddfeb7377a678d321a6;0x4dc1ce9b9f9ef00c144bfad305f16c62293dc0e8;0xaad67583370e4068ef8d6021563e67f711a4a15a;eoa;0;0;10,182546;USDC
Avalanche C-Chain;0x672b77f0538b53dc117c9ddfeb7377a678d321a6;0x4dc1ce9b9f9ef00c144bfad305f16c62293dc0e8;0xcb42f885da7f246a614e79516055f95f31a99947;eoa;0;0;42,543623;USDC
Avalanche C-Chain;0x672b77f0538b53dc117c9ddfeb7377a678d321a6;0x4dc1ce9b9f9ef00c144bfad305f16c62293dc0e8;0x1b8fc243a648113b8bb87a53efe5830f33b50c98;eoa;0;0;0,000003;USDC
Avalanche C-Chain;0x672b77f0538b53dc117c9ddfeb7377a678d321a6;0x4dc1ce9b9f9ef00c144bfad305f16c62293dc0e8;0x29dae5a1d3433af6391df4296d19ad9a40b4ea5c;eoa;0;0;16,255539;USDC
Avalanche C-Chain;0x672b77f0538b53dc117c9ddfeb7377a678d321a6;0x4dc1ce9b9f9ef00c144bfad305f16c62293dc0e8;0xcf8e89489ba4e0a28bda6f4e0e9a638799eaadfb;eoa;0;0;121,916545;USDC
Avalanche C-Chain;0x672b77f0538b53dc117c9ddfeb7377a678d321a6;0x4dc1ce9b9f9ef00c144bfad305f16c62293dc0e8;0x2599ed4f589ade13817c71a33af480eb265033ae;eoa;0;0;-0,000001;USDC
Avalanche C-Chain;0x672b77f0538b53dc117c9ddfeb7377a678d321a6;0x4dc1ce9b9f9ef00c144bfad305f16c62293dc0e8;0x11b71cd3443442aed4f79e5c856e6da92dab7df8;eoa;0;0;0;USDC
Avalanche C-Chain;0x672b77f0538b53dc117c9ddfeb7377a678d321a6;0x4dc1ce9b9f9ef00c144bfad305f16c62293dc0e8;0x777e0fc6d730cc42b853dc66e9fa1d8700000000;eoa;0;0;0;USDC
Avalanche C-Chain;0x672b77f0538b53dc117c9ddfeb7377a678d321a6;0x4dc1ce9b9f9ef00c144bfad305f16c62293dc0e8;0x0b0470807becc22aeca3548b41d2c1798bdc974c;eoa;0;0;2,064791;USDC
Avalanche C-Chain;0x672b77f0538b53dc117c9ddfeb7377a678d321a6;0x4dc1ce9b9f9ef00c144bfad305f16c62293dc0e8;0xae483d4ab670e41ea3518d9656cd8967a07b53be;eoa;0;0;119,817833;USDC
Avalanche C-Chain;0x672b77f0538b53dc117c9ddfeb7377a678d321a6;0x4dc1ce9b9f9ef00c144bfad305f16c62293dc0e8;0x73a417ec261e76a38010fcb3f4d2c7f781e96d19;eoa;0;0;0,682793;USDC
Avalanche C-Chain;0x672b77f0538b53dc117c9ddfeb7377a678d321a6;0x4dc1ce9b9f9ef00c144bfad305f16c62293dc0e8;0x89c6340b1a1f4b25d36cd8b063d49045caf3f818;contract_other;0;0;0;USDC
Avalanche C-Chain;0x672b77f0538b53dc117c9ddfeb7377a678d321a6;0x4dc1ce9b9f9ef00c144bfad305f16c62293dc0e8;0xb0210de78e28e2633ca200609d9f528c13c26cd9;contract_other;0;0;0,000016;USDC
Avalanche C-Chain;0x672b77f0538b53dc117c9ddfeb7377a678d321a6;0x4dc1ce9b9f9ef00c144bfad305f16c62293dc0e8;0x9540ea70f9fc0c1f3b4986a63298c3fd5bd91f11;eoa;0;0;0,703314;USDC
Avalanche C-Chain;0x672b77f0538b53dc117c9ddfeb7377a678d321a6;0x4dc1ce9b9f9ef00c144bfad305f16c62293dc0e8;0x27471000e216c338982f62156024024bd0e81d1d;eoa;0;0;0;USDC
Avalanche C-Chain;0x672b77f0538b53dc117c9ddfeb7377a678d321a6;0x4dc1ce9b9f9ef00c144bfad305f16c62293dc0e8;0xe54ca86531e17ef3616d22ca28b0d458b6c89106;contract_other;0;0;0;USDC
Avalanche C-Chain;0x672b77f0538b53dc117c9ddfeb7377a678d321a6;0x4dc1ce9b9f9ef00c144bfad305f16c62293dc0e8;0xde08b96895c99f9983c631f7a9b7d504bebeeb94;eoa;0;0;0,679498;USDC
Avalanche C-Chain;0x672b77f0538b53dc117c9ddfeb7377a678d321a6;0x4dc1ce9b9f9ef00c144bfad305f16c62293dc0e8;0x38afc3aa2c76b4ca1f8e1daba68e998e1f4782db;eoa;0;0;1921142,425695;USDC
Avalanche C-Chain;0x672b77f0538b53dc117c9ddfeb7377a678d321a6;0x4dc1ce9b9f9ef00c144bfad305f16c62293dc0e8;0x3630d26e51c03026f4f063d69d65f8e234eeaf5b;contract_other;0;0;0,003041;USDC
Avalanche C-Chain;0x672b77f0538b53dc117c9ddfeb7377a678d321a6;0x4dc1ce9b9f9ef00c144bfad305f16c62293dc0e8;0xa94fcf9fc56a864f8de51e6315aee5863ad63c91;eoa;0;0;0;USDC
Avalanche C-Chain;0x672b77f0538b53dc117c9ddfeb7377a678d321a6;0x4dc1ce9b9f9ef00c144bfad305f16c62293dc0e8;0xb92fe925dc43a0ecde6c8b1a2709c170ec4fff4f;contract_other;0;0;0;USDC
Avalanche C-Chain;0x672b77f0538b53dc117c9ddfeb7377a678d321a6;0x4dc1ce9b9f9ef00c144bfad305f16c62293dc0e8;0xcc0c67b2aa0a6f2a0655d7e0c0944027e3fdb091;eoa;0;0;24,383308;USDC
Avalanche C-Chain;0x672b77f0538b53dc117c9ddfeb7377a678d321a6;0x4dc1ce9b9f9ef00c144bfad305f16c62293dc0e8;0x8f10b468b06c6fd214b65f87778827f7d113f996;eoa;0;0;0;USDC
Avalanche C-Chain;0x672b77f0538b53dc117c9ddfeb7377a678d321a6;0x4dc1ce9b9f9ef00c144bfad305f16c62293dc0e8;0xc10ee9031f2a0b84766a86b55a8d90f357910fb4;eoa;0;0;0,000001;USDC
Avalanche C-Chain;0x672b77f0538b53dc117c9ddfeb7377a678d321a6;0x4dc1ce9b9f9ef00c144bfad305f16c62293dc0e8;0xd227bb68590ee62c4325650a932738836ffeb014;eoa;0;0;0,028048;USDC
Avalanche C-Chain;0x672b77f0538b53dc117c9ddfeb7377a678d321a6;0x4dc1ce9b9f9ef00c144bfad305f16c62293dc0e8;0x6de411a14aeaafb3f23697a4472a4d4ed275ac0f;eoa;0;0;0,000001;USDC
Avalanche C-Chain;0x672b77f0538b53dc117c9ddfeb7377a678d321a6;0x4dc1ce9b9f9ef00c144bfad305f16c62293dc0e8;0xcc007529b5558bd07922eb407f08fe4fa5b1ad24;eoa;0;0;26,65228;USDC
Avalanche C-Chain;0x672b77f0538b53dc117c9ddfeb7377a678d321a6;0x4dc1ce9b9f9ef00c144bfad305f16c62293dc0e8;0xb974c2d18a837a4ddfd05d40e673a7e404662b75;eoa;0;0;0;USDC
Avalanche C-Chain;0x672b77f0538b53dc117c9ddfeb7377a678d321a6;0x4dc1ce9b9f9ef00c144bfad305f16c62293dc0e8;0x8045294b476d7cb2a4cbc28d3e7f84d2ee326e9d;eoa;0;0;106,609122;USDC
Avalanche C-Chain;0x672b77f0538b53dc117c9ddfeb7377a678d321a6;0x4dc1ce9b9f9ef00c144bfad305f16c62293dc0e8;0x0f089078099748c8a196b52710b01d4cb404578d;eoa;0;0;1,188064;USDC
Avalanche C-Chain;0x672b77f0538b53dc117c9ddfeb7377a678d321a6;0x4dc1ce9b9f9ef00c144bfad305f16c62293dc0e8;0x75f21a97bd89a9a5683a9f46b5d5b4a080708dea;eoa;0;0;0;USDC
Avalanche C-Chain;0x672b77f0538b53dc117c9ddfeb7377a678d321a6;0x4dc1ce9b9f9ef00c144bfad305f16c62293dc0e8;0x8dedc5860b7093c2e740343b6f83e264b774f190;eoa;0;0;4,363812;USDC
Avalanche C-Chain;0x672b77f0538b53dc117c9ddfeb7377a678d321a6;0x4dc1ce9b9f9ef00c144bfad305f16c62293dc0e8;0xade9d375773e109c53d343b37779752201efcfb8;eoa;0;0;212,593182;USDC
Avalanche C-Chain;0x672b77f0538b53dc117c9ddfeb7377a678d321a6;0x4dc1ce9b9f9ef00c144bfad305f16c62293dc0e8;0x5b42ec6d40f7b7965be5308c70e2603c0281c1e9;contract_other;0;0;0;USDC
Avalanche C-Chain;0x672b77f0538b53dc117c9ddfeb7377a678d321a6;0x4dc1ce9b9f9ef00c144bfad305f16c62293dc0e8;0x9179c06629ef7f17cb5759f501d89997fe0e7b45;contract_other;0;0;4,193991;USDC
Avalanche C-Chain;0x672b77f0538b53dc117c9ddfeb7377a678d321a6;0x4dc1ce9b9f9ef00c144bfad305f16c62293dc0e8;0x09ad820aac5779683b481c4674208a4e1b024afa;eoa;0;0;0;USDC
Avalanche C-Chain;0x672b77f0538b53dc117c9ddfeb7377a678d321a6;0x4dc1ce9b9f9ef00c144bfad305f16c62293dc0e8;0x20f6ee51340adeed01a59b0e65cb3703f3dc860c;eoa;0;0;0;USDC
Avalanche C-Chain;0x672b77f0538b53dc117c9ddfeb7377a678d321a6;0x4dc1ce9b9f9ef00c144bfad305f16c62293dc0e8;0xe44f91279c433ec2870dd557e11e4085b55018c4;eoa;0;0;95,172825;USDC
Avalanche C-Chain;0x672b77f0538b53dc117c9ddfeb7377a678d321a6;0x36e2aa296e798ca6262dc5fad5f5660e638d5402;0x0ba0c1964222d7a3239dff45d82787ae94f31a39;Gnosis Safe;10276,312179;0;10276,269027;USDC
Avalanche C-Chain;0x672b77f0538b53dc117c9ddfeb7377a678d321a6;0x36e2aa296e798ca6262dc5fad5f5660e638d5402;0x58db6554d10cadc52eb16b13d7882283487b7af7;eoa;1550,021855;0;1550,021855;USDC
Avalanche C-Chain;0x672b77f0538b53dc117c9ddfeb7377a678d321a6;0x36e2aa296e798ca6262dc5fad5f5660e638d5402;0x975d8a2e2482b8e72dbcd16ab48d37e2e06e5fa1;eoa;5678,749084;0;5678,749084;USDC
Avalanche C-Chain;0x672b77f0538b53dc117c9ddfeb7377a678d321a6;0x36e2aa296e798ca6262dc5fad5f5660e638d5402;0x9a7477aa0c89e33147ffcf6f0b2b78ab1313af5a;eoa;9062,185895;0;9062,185895;USDC
Avalanche C-Chain;0x672b77f0538b53dc117c9ddfeb7377a678d321a6;0x36e2aa296e798ca6262dc5fad5f5660e638d5402;0xb73dff61a885a67e037e2323a5e5d4421cb23c2e;eoa;2076,292739;0;2076,292739;USDC
Avalanche C-Chain;0x672b77f0538b53dc117c9ddfeb7377a678d321a6;0x36e2aa296e798ca6262dc5fad5f5660e638d5402;0xe54244dc4cec3afbe28b7aa1a573efc0e76b16a4;eoa;100,843981;0;100,843981;USDC
Avalanche C-Chain;0x672b77f0538b53dc117c9ddfeb7377a678d321a6;0x36e2aa296e798ca6262dc5fad5f5660e638d5402;0xf163d77b8efc151757fecba3d463f3bac7a4d808;eoa;13,144915;0;-2849,444981;USDC
Avalanche C-Chain;0x672b77f0538b53dc117c9ddfeb7377a678d321a6;0x36e2aa296e798ca6262dc5fad5f5660e638d5402;0x3281c4a18d63e3b4b0c7f1e2ac096ccc4e74f404;eoa;0;0;2862,589896;USDC
Avalanche C-Chain;0x672b77f0538b53dc117c9ddfeb7377a678d321a6;0xddee006f6f0b2eab40531b82be9e5c7cf7ec4ca9;0x000000e28faa823d5b53ff6c2922c28335840375;eoa;0;0;0;USDC
Avalanche C-Chain;0x672b77f0538b53dc117c9ddfeb7377a678d321a6;0xddee006f6f0b2eab40531b82be9e5c7cf7ec4ca9;0x0e48de9f1443f0d87f6f26382d80c3ad735d9a08;eoa;0;0;0;USDC
Avalanche C-Chain;0x672b77f0538b53dc117c9ddfeb7377a678d321a6;0xddee006f6f0b2eab40531b82be9e5c7cf7ec4ca9;0x3010bb8cf5b49f7dac48505f380f5960421603fe;eoa;0;0;0;USDC
Avalanche C-Chain;0x672b77f0538b53dc117c9ddfeb7377a678d321a6;0xddee006f6f0b2eab40531b82be9e5c7cf7ec4ca9;0x38475e610421db3fc9de80262288bd1ad641d2d3;eoa;0;0;0;USDC
Avalanche C-Chain;0x672b77f0538b53dc117c9ddfeb7377a678d321a6;0xddee006f6f0b2eab40531b82be9e5c7cf7ec4ca9;0x59cbb8b4f3520e71cc0b1de3ccb86a4cb29fc394;eoa;0;0;0;USDC
Avalanche C-Chain;0x672b77f0538b53dc117c9ddfeb7377a678d321a6;0xddee006f6f0b2eab40531b82be9e5c7cf7ec4ca9;0x663b3b2e7eb0dd11ee628aea5522dc4d54919e29;eoa;0;0;0;USDC
Avalanche C-Chain;0x672b77f0538b53dc117c9ddfeb7377a678d321a6;0xddee006f6f0b2eab40531b82be9e5c7cf7ec4ca9;0x6bc4e70cc6fafd4a8bc60dbbf9fa8a9d072eae1d;eoa;0;0;0;USDC
Avalanche C-Chain;0x672b77f0538b53dc117c9ddfeb7377a678d321a6;0xddee006f6f0b2eab40531b82be9e5c7cf7ec4ca9;0x8621e005c49999c2a2a5c24dba41ec81ecb87667;eoa;0;0;0;USDC
Avalanche C-Chain;0x672b77f0538b53dc117c9ddfeb7377a678d321a6;0xddee006f6f0b2eab40531b82be9e5c7cf7ec4ca9;0x90af14e7a2f2b530508f1f145272b2385963af25;eoa;0;0;0;USDC
Avalanche C-Chain;0x672b77f0538b53dc117c9ddfeb7377a678d321a6;0xddee006f6f0b2eab40531b82be9e5c7cf7ec4ca9;0xa521e425f37acc731651565b41ce3e5022274f4f;eoa;0;0;0;USDC
Avalanche C-Chain;0x672b77f0538b53dc117c9ddfeb7377a678d321a6;0xddee006f6f0b2eab40531b82be9e5c7cf7ec4ca9;0xbf3519e4b22544ac25712556b85c92396f17070b;eoa;0;0;0;USDC
Avalanche C-Chain;0x672b77f0538b53dc117c9ddfeb7377a678d321a6;0xddee006f6f0b2eab40531b82be9e5c7cf7ec4ca9;0xc30673f758e02069e28181edfd9d424c57f562af;eoa;0;0;0;USDC
Avalanche C-Chain;0x672b77f0538b53dc117c9ddfeb7377a678d321a6;0xddee006f6f0b2eab40531b82be9e5c7cf7ec4ca9;0xd5ba1dea6ef446d2d590517eba5809b27e6863e9;eoa;0;0;0;USDC
Avalanche C-Chain;0x672b77f0538b53dc117c9ddfeb7377a678d321a6;0xddee006f6f0b2eab40531b82be9e5c7cf7ec4ca9;0xdc038cff8e55416a5189e37f382879c19217a4cb;contract_other;0;0;0;USDC
Avalanche C-Chain;0x672b77f0538b53dc117c9ddfeb7377a678d321a6;0xddee006f6f0b2eab40531b82be9e5c7cf7ec4ca9;0xffbaa0de31cd06c0031682e6e991b2515e71192e;eoa;0;0;0;USDC
Avalanche C-Chain;0x672b77f0538b53dc117c9ddfeb7377a678d321a6;0xddee006f6f0b2eab40531b82be9e5c7cf7ec4ca9;0x21f5df938d033dc7dc5090018bbebc1954ab37a9;eoa;0;0;0;USDC
Avalanche C-Chain;0x672b77f0538b53dc117c9ddfeb7377a678d321a6;0xddee006f6f0b2eab40531b82be9e5c7cf7ec4ca9;0x68a69e6407e675ab512b6ac6f97d18878761bdc4;eoa;0;0;0;USDC
Avalanche C-Chain;0x672b77f0538b53dc117c9ddfeb7377a678d321a6;0xddee006f6f0b2eab40531b82be9e5c7cf7ec4ca9;0x62dff9b88b7237c590332ad8c6a61c34edeb6878;eoa;0;0;0;USDC
Avalanche C-Chain;0x672b77f0538b53dc117c9ddfeb7377a678d321a6;0xddee006f6f0b2eab40531b82be9e5c7cf7ec4ca9;0xcd6ec647e796b7eddf95f291909b3200b5d2fdf4;eoa;0;0;0;USDC
Avalanche C-Chain;0x672b77f0538b53dc117c9ddfeb7377a678d321a6;0xddee006f6f0b2eab40531b82be9e5c7cf7ec4ca9;0xa817e87b6a7a270013543f231840c543c26dca82;eoa;0;0;0;USDC
Avalanche C-Chain;0x9c4d4800b489d217724155399cd64d07eae603f3;;0x0fb51627a4d9e01b24c427bb62ed8d5c9018f8f6;contract_other;179407,975199;0;179407,975199;AUSD
Avalanche C-Chain;0x9c4d4800b489d217724155399cd64d07eae603f3;;0x8077dd92854e51060133f5c3c3e50d8c220855a4;eoa;14735,919437;0;14735,919437;AUSD
Avalanche C-Chain;0x9c4d4800b489d217724155399cd64d07eae603f3;;0x7cc672080e0f3a1e28c281d352fce350fd20dd86;eoa;11206,725099;0;11206,725099;AUSD
Avalanche C-Chain;0x9c4d4800b489d217724155399cd64d07eae603f3;;0xb5a2a1d6721fdcbd2931802d18f2955df921de0d;eoa;10645,448699;0;0;AUSD
Avalanche C-Chain;0x9c4d4800b489d217724155399cd64d07eae603f3;;0xb566a9796fca308e810e943a7a0296bf8b521561;eoa;10124,278099;0;10124,278099;AUSD
Avalanche C-Chain;0x9c4d4800b489d217724155399cd64d07eae603f3;;0xfd1403efb8677f4a004971921401660c16ea1bf8;eoa;8092,661783;0;8092,661783;AUSD
Avalanche C-Chain;0x9c4d4800b489d217724155399cd64d07eae603f3;;0x6c98064cd84c09c827fb76e772dbb805f54aa564;eoa;3330,793623;0;3330,793623;AUSD
Avalanche C-Chain;0x9c4d4800b489d217724155399cd64d07eae603f3;;0x2ca82d3a9b6a243a8430bf316e2dc0e366a43bcd;eoa;1735,85621;0;1735,85621;AUSD
Avalanche C-Chain;0x9c4d4800b489d217724155399cd64d07eae603f3;;0xbea2413f8a5aeabb4d3aa625c465caacca0425fe;eoa;1010,049311;0;0;AUSD
Avalanche C-Chain;0x9c4d4800b489d217724155399cd64d07eae603f3;;0x5ca3894e351cccb459fdd709fad07e5c65f69df0;eoa;612,895952;0;612,895952;AUSD
Avalanche C-Chain;0x9c4d4800b489d217724155399cd64d07eae603f3;;0x3bff6874c84364a77a83d64cd81e8dc19961730b;eoa;517,592504;0;517,592504;AUSD
Avalanche C-Chain;0x9c4d4800b489d217724155399cd64d07eae603f3;;0x5ffe76bace2b6e7238354961da52b6544b2531b6;Gnosis Safe;507,328272;0;507,328272;AUSD
Avalanche C-Chain;0x9c4d4800b489d217724155399cd64d07eae603f3;;0x5a5bb9eb52c80626a80785def77794be624cec27;eoa;101,029408;0;101,029408;AUSD
Avalanche C-Chain;0x9c4d4800b489d217724155399cd64d07eae603f3;;0x236c4d2b6626fba4bd4bbdc3428f013b63d88180;eoa;5,197095;0;5,197095;AUSD
Avalanche C-Chain;0x9c4d4800b489d217724155399cd64d07eae603f3;;0xdc038cff8e55416a5189e37f382879c19217a4cb;contract_other;0,110417;0;0,110417;AUSD
Avalanche C-Chain;0x9c4d4800b489d217724155399cd64d07eae603f3;;0xc80d37f432009183a480321cf2037aa4799b7c49;eoa;0;0;0;AUSD
Avalanche C-Chain;0x9c4d4800b489d217724155399cd64d07eae603f3;;0xe64478f3b33fada0069822a46562b3c942be1cc9;eoa;0;0;10645,448699;AUSD
Avalanche C-Chain;0x9c4d4800b489d217724155399cd64d07eae603f3;;0x9ba8b7df10cbf0e45814e2619c2b6cd0efed9cff;eoa;0;0;1009,010306;AUSD
Avalanche C-Chain;0x9c4d4800b489d217724155399cd64d07eae603f3;;0x36912435ed28c5d0a9fec72f1fbb0bfd621700f4;eoa;0;0;0,000001;AUSD
Avalanche C-Chain;0x9c4d4800b489d217724155399cd64d07eae603f3;;0x4b16590cc0248c3b7d12423aa7c4be7f636e3607;eoa;0;0;1,039004;AUSD
Avalanche C-Chain;0x9c4d4800b489d217724155399cd64d07eae603f3;0x3d7b0c3997e48fa3fc96cd057d1fb4e5f891835b;0x059516458c36270dbd31b68aeb40942c0521080d;eoa;18819,893038;0;1041,825301;AUSD
Avalanche C-Chain;0x9c4d4800b489d217724155399cd64d07eae603f3;0x3d7b0c3997e48fa3fc96cd057d1fb4e5f891835b;0x089fd7a9171b11eb30f4f6a32337cbd66afaa83c;eoa;2174,295178;0;2174,295178;AUSD
Avalanche C-Chain;0x9c4d4800b489d217724155399cd64d07eae603f3;0x3d7b0c3997e48fa3fc96cd057d1fb4e5f891835b;0x0fb51627a4d9e01b24c427bb62ed8d5c9018f8f6;contract_other;0,001158;0;0,001158;AUSD
Avalanche C-Chain;0x9c4d4800b489d217724155399cd64d07eae603f3;0x3d7b0c3997e48fa3fc96cd057d1fb4e5f891835b;0x17ff55305691a21f965ec967605f3f5d78db568e;eoa;28376,633366;0;14061,997245;AUSD
Avalanche C-Chain;0x9c4d4800b489d217724155399cd64d07eae603f3;0x3d7b0c3997e48fa3fc96cd057d1fb4e5f891835b;0x22a5d8d2e188c368331cb6508f14064d1daed9e1;eoa;1489,190243;0;1489,190243;AUSD
Avalanche C-Chain;0x9c4d4800b489d217724155399cd64d07eae603f3;0x3d7b0c3997e48fa3fc96cd057d1fb4e5f891835b;0x248e214636443e5c7babe773b07f991c46e28b99;eoa;47224,507357;0;47224,507357;AUSD
Avalanche C-Chain;0x9c4d4800b489d217724155399cd64d07eae603f3;0x3d7b0c3997e48fa3fc96cd057d1fb4e5f891835b;0x250431ad617e2492905158d3fb73a8583ee34f5a;eoa;7124,43788;0;7124,43788;AUSD
Avalanche C-Chain;0x9c4d4800b489d217724155399cd64d07eae603f3;0x3d7b0c3997e48fa3fc96cd057d1fb4e5f891835b;0x262757e7f40c592e990b85623b73c65afa6e53a8;eoa;69909,221944;0;69909,221944;AUSD
Avalanche C-Chain;0x9c4d4800b489d217724155399cd64d07eae603f3;0x3d7b0c3997e48fa3fc96cd057d1fb4e5f891835b;0x37ef40d60456c59c3435d9b99e76d42c28386b47;eoa;1197,213113;0;1197,213113;AUSD
Avalanche C-Chain;0x9c4d4800b489d217724155399cd64d07eae603f3;0x3d7b0c3997e48fa3fc96cd057d1fb4e5f891835b;0x46dde8f66590caa1045c90dfb59f87f4b5e65fa5;eoa;976,219464;0;976,219464;AUSD
Avalanche C-Chain;0x9c4d4800b489d217724155399cd64d07eae603f3;0x3d7b0c3997e48fa3fc96cd057d1fb4e5f891835b;0x4f50ebfe44020917e736d022646bee64cd52c434;eoa;1884,821242;0;1884,821242;AUSD
Avalanche C-Chain;0x9c4d4800b489d217724155399cd64d07eae603f3;0x3d7b0c3997e48fa3fc96cd057d1fb4e5f891835b;0x5cf92e6d82fef7cc8ab6b073c739c6b695e4d530;eoa;6,217219;0;0,096332;AUSD
Avalanche C-Chain;0x9c4d4800b489d217724155399cd64d07eae603f3;0x3d7b0c3997e48fa3fc96cd057d1fb4e5f891835b;0x632f679cfe08f69892e3a09185c25711dbf68ec9;contract_other;310014,492239;0;310014,493679;AUSD
Avalanche C-Chain;0x9c4d4800b489d217724155399cd64d07eae603f3;0x3d7b0c3997e48fa3fc96cd057d1fb4e5f891835b;0x679d38e368f482f70b63f127c5ff59a52f4e813d;eoa;9476,744567;0;9476,744567;AUSD
Avalanche C-Chain;0x9c4d4800b489d217724155399cd64d07eae603f3;0x3d7b0c3997e48fa3fc96cd057d1fb4e5f891835b;0x6a6125e2f8fc4848994090d3baccd9569e26201e;eoa;17309,043563;0;17309,043563;AUSD
Avalanche C-Chain;0x9c4d4800b489d217724155399cd64d07eae603f3;0x3d7b0c3997e48fa3fc96cd057d1fb4e5f891835b;0x79521d748e521c53768457a57bac259b9e621ad1;eoa;953,331032;0;953,331032;AUSD
Avalanche C-Chain;0x9c4d4800b489d217724155399cd64d07eae603f3;0x3d7b0c3997e48fa3fc96cd057d1fb4e5f891835b;0x7c8404716c5b86a1591b38fdac643456b47b85ed;eoa;7246,191248;0;7246,191248;AUSD
Avalanche C-Chain;0x9c4d4800b489d217724155399cd64d07eae603f3;0x3d7b0c3997e48fa3fc96cd057d1fb4e5f891835b;0x9a28dd94adf2c59a8893daa7ccf4eb715f8d95d2;eoa;90,785567;0;90,785567;AUSD
Avalanche C-Chain;0x9c4d4800b489d217724155399cd64d07eae603f3;0x3d7b0c3997e48fa3fc96cd057d1fb4e5f891835b;0xa68d78bbc8e3aca540afcfea48ac2e6a6770fdc5;eoa;2906,181369;0;2906,181369;AUSD
Avalanche C-Chain;0x9c4d4800b489d217724155399cd64d07eae603f3;0x3d7b0c3997e48fa3fc96cd057d1fb4e5f891835b;0xaea1975daba6357019191efb576aeba0c46e6ea4;eoa;1246,487637;0;1246,487637;AUSD
Avalanche C-Chain;0x9c4d4800b489d217724155399cd64d07eae603f3;0x3d7b0c3997e48fa3fc96cd057d1fb4e5f891835b;0xaf1bff74708098db603e48aaebec1bbae03dcf11;eoa;5847,688672;0;5847,688672;AUSD
Avalanche C-Chain;0x9c4d4800b489d217724155399cd64d07eae603f3;0x3d7b0c3997e48fa3fc96cd057d1fb4e5f891835b;0xb240fc887d66efb49e5e8f63c5fe525a30656ae2;eoa;1,676472;0;1,676472;AUSD
Avalanche C-Chain;0x9c4d4800b489d217724155399cd64d07eae603f3;0x3d7b0c3997e48fa3fc96cd057d1fb4e5f891835b;0xb247080599844fb79c95d5bed3f0b40685dd199f;eoa;4,818678;0;4,818678;AUSD
Avalanche C-Chain;0x9c4d4800b489d217724155399cd64d07eae603f3;0x3d7b0c3997e48fa3fc96cd057d1fb4e5f891835b;0xb566a9796fca308e810e943a7a0296bf8b521561;eoa;8487,648576;0;8487,648576;AUSD
Avalanche C-Chain;0x9c4d4800b489d217724155399cd64d07eae603f3;0x3d7b0c3997e48fa3fc96cd057d1fb4e5f891835b;0xb5d44bead66bf31eae7e47bc7780b8553330b7e6;eoa;2257,711789;0;2257,711789;AUSD
Avalanche C-Chain;0x9c4d4800b489d217724155399cd64d07eae603f3;0x3d7b0c3997e48fa3fc96cd057d1fb4e5f891835b;0xb7a9daae5b0e27c05ca1c3eba04649a28c8cd277;eoa;7313,873748;0;0,008573;AUSD
Avalanche C-Chain;0x9c4d4800b489d217724155399cd64d07eae603f3;0x3d7b0c3997e48fa3fc96cd057d1fb4e5f891835b;0xb88699d1ab6559570ffa3b8446c54262c1dda8b5;eoa;3367,740778;0;3367,740778;AUSD
Avalanche C-Chain;0x9c4d4800b489d217724155399cd64d07eae603f3;0x3d7b0c3997e48fa3fc96cd057d1fb4e5f891835b;0xc1676bd87a19b10b92950bba52abf07b35a379b7;eoa;20169,873886;0;20169,873886;AUSD
Avalanche C-Chain;0x9c4d4800b489d217724155399cd64d07eae603f3;0x3d7b0c3997e48fa3fc96cd057d1fb4e5f891835b;0xc7738f743730b18206343b63f5a7f28b1e795220;eoa;807,987989;0;807,987989;AUSD
Avalanche C-Chain;0x9c4d4800b489d217724155399cd64d07eae603f3;0x3d7b0c3997e48fa3fc96cd057d1fb4e5f891835b;0xd691a81c4b2b1a502462b6a8adc44f84870e2301;contract_other;18,122151;0;18,122151;AUSD
Avalanche C-Chain;0x9c4d4800b489d217724155399cd64d07eae603f3;0x3d7b0c3997e48fa3fc96cd057d1fb4e5f891835b;0xd8454b3787c6aab1cf2846af7882f8c440c3903d;Gnosis Safe;234,492168;0;234,492168;AUSD
Avalanche C-Chain;0x9c4d4800b489d217724155399cd64d07eae603f3;0x3d7b0c3997e48fa3fc96cd057d1fb4e5f891835b;0xdc038cff8e55416a5189e37f382879c19217a4cb;contract_other;0,00017;0;0,00017;AUSD
Avalanche C-Chain;0x9c4d4800b489d217724155399cd64d07eae603f3;0x3d7b0c3997e48fa3fc96cd057d1fb4e5f891835b;0xde097f365a8f3f28b156b4299473b5f1d971b3a9;eoa;3,687937;0;3,687937;AUSD
Avalanche C-Chain;0x9c4d4800b489d217724155399cd64d07eae603f3;0x3d7b0c3997e48fa3fc96cd057d1fb4e5f891835b;0xde3a15d00480cc3ddefe194e0b440e80f63bd070;eoa;964,117136;0;964,117136;AUSD
Avalanche C-Chain;0x9c4d4800b489d217724155399cd64d07eae603f3;0x3d7b0c3997e48fa3fc96cd057d1fb4e5f891835b;0xe52c645b8ad5789b8bd6d83efb2d28fe406a0c7b;eoa;955,961226;0;955,961226;AUSD
Avalanche C-Chain;0x9c4d4800b489d217724155399cd64d07eae603f3;0x3d7b0c3997e48fa3fc96cd057d1fb4e5f891835b;0xf7bca83b267f229647f782c5e9ca899eff004c3b;eoa;852,674057;0;852,674057;AUSD
Avalanche C-Chain;0x9c4d4800b489d217724155399cd64d07eae603f3;0x3d7b0c3997e48fa3fc96cd057d1fb4e5f891835b;0xf9f095697f56222217a800c0956ad3a2e804be5e;eoa;722,339069;0;722,339069;AUSD
Avalanche C-Chain;0x9c4d4800b489d217724155399cd64d07eae603f3;0x3d7b0c3997e48fa3fc96cd057d1fb4e5f891835b;0xcfc3d5a2135cdf4587ce67af4118c300b8632c57;eoa;0;0;0;AUSD
Avalanche C-Chain;0x9c4d4800b489d217724155399cd64d07eae603f3;0x3d7b0c3997e48fa3fc96cd057d1fb4e5f891835b;0x0f089078099748c8a196b52710b01d4cb404578d;eoa;0;0;0;AUSD
Avalanche C-Chain;0x9c4d4800b489d217724155399cd64d07eae603f3;0x3d7b0c3997e48fa3fc96cd057d1fb4e5f891835b;0x4b1acaf94f81eb3ba74cf8897c9d8ccfff8a82ca;eoa;0;0;0;AUSD
Avalanche C-Chain;0x9c4d4800b489d217724155399cd64d07eae603f3;0x3d7b0c3997e48fa3fc96cd057d1fb4e5f891835b;0x3d7b0c3997e48fa3fc96cd057d1fb4e5f891835b;silo_vault;0;0;6,120887;AUSD
Avalanche C-Chain;0x9c4d4800b489d217724155399cd64d07eae603f3;0x3d7b0c3997e48fa3fc96cd057d1fb4e5f891835b;0x952ae19942de973163432b86fea01699f315ef4f;eoa;0;0;0,963404;AUSD
Avalanche C-Chain;0xe0fc62e685e2b3183b4b88b1fe674cfec55a63f7;;0xa92414cfaa96f145e88f484005f81d1f35bf26be;eoa;5044,258664;0;5044,258664;USDt
Avalanche C-Chain;0xe0fc62e685e2b3183b4b88b1fe674cfec55a63f7;;0xb1a154707feae8ae365e262e0d278a4f24f7c877;eoa;2028,889095;0;2028,889095;USDt
Avalanche C-Chain;0xe0fc62e685e2b3183b4b88b1fe674cfec55a63f7;;0x6bc4e70cc6fafd4a8bc60dbbf9fa8a9d072eae1d;eoa;2023,938763;0;2023,938763;USDt
Avalanche C-Chain;0xe0fc62e685e2b3183b4b88b1fe674cfec55a63f7;;0x95599b626e0e70a3e8b645371a69b76f860db215;eoa;1167,90879;0;1167,90879;USDt
Avalanche C-Chain;0xe0fc62e685e2b3183b4b88b1fe674cfec55a63f7;;0xfa1a49d8f4c1242b6084f922a5f81b62adc6e49e;eoa;305,167577;0;305,167577;USDt
Avalanche C-Chain;0xe0fc62e685e2b3183b4b88b1fe674cfec55a63f7;;0x12c31853922c7d7e0019a27132c82ed6955d276d;eoa;101,174907;0;101,174907;USDt
Avalanche C-Chain;0xe0fc62e685e2b3183b4b88b1fe674cfec55a63f7;;0x6b27d57a19e9ff688ad98f31842ce99b3145f274;eoa;100,885635;0;100,885635;USDt
Avalanche C-Chain;0xe0fc62e685e2b3183b4b88b1fe674cfec55a63f7;;0xe54244dc4cec3afbe28b7aa1a573efc0e76b16a4;eoa;60,074278;0;60,074278;USDt
Avalanche C-Chain;0xe0fc62e685e2b3183b4b88b1fe674cfec55a63f7;;0xd670a99b9ad6b9fe256294f51cfe5f38e51d54aa;eoa;7,561704;0;7,561704;USDt
Avalanche C-Chain;0xe0fc62e685e2b3183b4b88b1fe674cfec55a63f7;;0x236c4d2b6626fba4bd4bbdc3428f013b63d88180;eoa;5,18501;0;5,18501;USDt
Avalanche C-Chain;0xe0fc62e685e2b3183b4b88b1fe674cfec55a63f7;;0xdc038cff8e55416a5189e37f382879c19217a4cb;contract_other;0,002008;0;0,002008;USDt
Avalanche C-Chain;0xe0fc62e685e2b3183b4b88b1fe674cfec55a63f7;0x6c09bfdc1df45d6c4ff78dc9f1c13af29eb335d4;0x020a41601d8165cad85f01621df8eca46f7ff61d;eoa;10229,355683;0;10229,355683;USDt
Avalanche C-Chain;0xe0fc62e685e2b3183b4b88b1fe674cfec55a63f7;0x6c09bfdc1df45d6c4ff78dc9f1c13af29eb335d4;0x0677ea5c7483c3e4d7065536f8588509f7c4e91b;eoa;15417,3958;0;15417,3958;USDt
Avalanche C-Chain;0xe0fc62e685e2b3183b4b88b1fe674cfec55a63f7;0x6c09bfdc1df45d6c4ff78dc9f1c13af29eb335d4;0x06ecf8f69a5674e3010062c4116b316c8117f5b8;eoa;20717,771864;0;20717,771864;USDt
Avalanche C-Chain;0xe0fc62e685e2b3183b4b88b1fe674cfec55a63f7;0x6c09bfdc1df45d6c4ff78dc9f1c13af29eb335d4;0x0c02fd851ae4dc4b9be73f89494f2cf17fb32ed2;eoa;458,940599;0;458,940599;USDt
Avalanche C-Chain;0xe0fc62e685e2b3183b4b88b1fe674cfec55a63f7;0x6c09bfdc1df45d6c4ff78dc9f1c13af29eb335d4;0x0c53947e65c08e8360bd85203a350c315db99319;eoa;1388,715843;0;1388,715843;USDt
Avalanche C-Chain;0xe0fc62e685e2b3183b4b88b1fe674cfec55a63f7;0x6c09bfdc1df45d6c4ff78dc9f1c13af29eb335d4;0x0e48de9f1443f0d87f6f26382d80c3ad735d9a08;eoa;20363,346015;0;20363,346015;USDt
Avalanche C-Chain;0xe0fc62e685e2b3183b4b88b1fe674cfec55a63f7;0x6c09bfdc1df45d6c4ff78dc9f1c13af29eb335d4;0x0ece7c1bfc9543b2cbea8f5577d02e5f59a9f176;eoa;15249,413706;0;15249,413706;USDt
Avalanche C-Chain;0xe0fc62e685e2b3183b4b88b1fe674cfec55a63f7;0x6c09bfdc1df45d6c4ff78dc9f1c13af29eb335d4;0x0fb51627a4d9e01b24c427bb62ed8d5c9018f8f6;contract_other;0,006656;0;0,006656;USDt
Avalanche C-Chain;0xe0fc62e685e2b3183b4b88b1fe674cfec55a63f7;0x6c09bfdc1df45d6c4ff78dc9f1c13af29eb335d4;0x14139a9e9572b50db6fc40fbcbd055273c4d4dda;eoa;64,7284;0;64,7284;USDt
Avalanche C-Chain;0xe0fc62e685e2b3183b4b88b1fe674cfec55a63f7;0x6c09bfdc1df45d6c4ff78dc9f1c13af29eb335d4;0x1fb11e87188edd465c776f9223c8aa22928bb592;eoa;5137,977019;0;5137,977019;USDt
Avalanche C-Chain;0xe0fc62e685e2b3183b4b88b1fe674cfec55a63f7;0x6c09bfdc1df45d6c4ff78dc9f1c13af29eb335d4;0x1ffefcbd2ab0bc22e252ae07bf52cc8bdff2f8eb;eoa;2029,045199;0;2029,045199;USDt
Avalanche C-Chain;0xe0fc62e685e2b3183b4b88b1fe674cfec55a63f7;0x6c09bfdc1df45d6c4ff78dc9f1c13af29eb335d4;0x2c4a72210acedb774aa35f9f571ebd805c68a3bb;eoa;10266,52363;0;10266,52363;USDt
Avalanche C-Chain;0xe0fc62e685e2b3183b4b88b1fe674cfec55a63f7;0x6c09bfdc1df45d6c4ff78dc9f1c13af29eb335d4;0x3064e42f12dd27888eb6324539c21016a4993a97;eoa;10266,728836;0;10266,728836;USDt
Avalanche C-Chain;0xe0fc62e685e2b3183b4b88b1fe674cfec55a63f7;0x6c09bfdc1df45d6c4ff78dc9f1c13af29eb335d4;0x37a1caf0330e1f72a3c4dbe65dc3b46961d4c299;eoa;4076,568461;0;4076,529146;USDt
Avalanche C-Chain;0xe0fc62e685e2b3183b4b88b1fe674cfec55a63f7;0x6c09bfdc1df45d6c4ff78dc9f1c13af29eb335d4;0x44ceb7b2ab569f8cd9c94165b7d6ac8d9ab27619;eoa;561,151512;0;561,151512;USDt
Avalanche C-Chain;0xe0fc62e685e2b3183b4b88b1fe674cfec55a63f7;0x6c09bfdc1df45d6c4ff78dc9f1c13af29eb335d4;0x4557fa848fbc55e38504dbedfb1d0387892b2228;eoa;3052,482841;0;3052,482841;USDt
Avalanche C-Chain;0xe0fc62e685e2b3183b4b88b1fe674cfec55a63f7;0x6c09bfdc1df45d6c4ff78dc9f1c13af29eb335d4;0x4f29453aee30e4a8f9d288b427a8db4601e9d483;eoa;3566,427007;0;3566,427007;USDt
Avalanche C-Chain;0xe0fc62e685e2b3183b4b88b1fe674cfec55a63f7;0x6c09bfdc1df45d6c4ff78dc9f1c13af29eb335d4;0x4ffd0a59a26cb2aa76d403215e4cc2845c053994;eoa;183,839711;0;183,438911;USDt
Avalanche C-Chain;0xe0fc62e685e2b3183b4b88b1fe674cfec55a63f7;0x6c09bfdc1df45d6c4ff78dc9f1c13af29eb335d4;0x52dc890a064043665a00bda2467a213a78d06e77;eoa;10284,064188;0;10284,064188;USDt
Avalanche C-Chain;0xe0fc62e685e2b3183b4b88b1fe674cfec55a63f7;0x6c09bfdc1df45d6c4ff78dc9f1c13af29eb335d4;0x57d607866c63ab8cf2ff32fa2c2e30061a71cf9e;eoa;84498,913391;0;84498,913391;USDt
Avalanche C-Chain;0xe0fc62e685e2b3183b4b88b1fe674cfec55a63f7;0x6c09bfdc1df45d6c4ff78dc9f1c13af29eb335d4;0x597a6bc34a478d430ac2c457bbc1aa10f157a843;eoa;102,840303;0;102,840303;USDt
Avalanche C-Chain;0xe0fc62e685e2b3183b4b88b1fe674cfec55a63f7;0x6c09bfdc1df45d6c4ff78dc9f1c13af29eb335d4;0x5f6a807ef4b9bed2de0988c1b6d2fe9deeec197d;eoa;130,932789;0;130,932789;USDt
Avalanche C-Chain;0xe0fc62e685e2b3183b4b88b1fe674cfec55a63f7;0x6c09bfdc1df45d6c4ff78dc9f1c13af29eb335d4;0x6bc4e70cc6fafd4a8bc60dbbf9fa8a9d072eae1d;eoa;2022,024581;0;2022,024581;USDt
Avalanche C-Chain;0xe0fc62e685e2b3183b4b88b1fe674cfec55a63f7;0x6c09bfdc1df45d6c4ff78dc9f1c13af29eb335d4;0x6c98064cd84c09c827fb76e772dbb805f54aa564;eoa;2633,066548;0;2633,066548;USDt
Avalanche C-Chain;0xe0fc62e685e2b3183b4b88b1fe674cfec55a63f7;0x6c09bfdc1df45d6c4ff78dc9f1c13af29eb335d4;0x7b0a7e6845ebd3460c63641f3ba19394227cba2c;eoa;30257,001713;0;30257,001713;USDt
Avalanche C-Chain;0xe0fc62e685e2b3183b4b88b1fe674cfec55a63f7;0x6c09bfdc1df45d6c4ff78dc9f1c13af29eb335d4;0x7e80d4c662fac966f07c4df8e0b674d426816d56;eoa;10283,093136;0;10283,093136;USDt
Avalanche C-Chain;0xe0fc62e685e2b3183b4b88b1fe674cfec55a63f7;0x6c09bfdc1df45d6c4ff78dc9f1c13af29eb335d4;0x804a3bf574208f0a3f25596f6809740fce9ca391;eoa;1088,75931;0;1088,75931;USDt
Avalanche C-Chain;0xe0fc62e685e2b3183b4b88b1fe674cfec55a63f7;0x6c09bfdc1df45d6c4ff78dc9f1c13af29eb335d4;0x8063d27262bdc1086c9f7ab9328de135354dd35d;eoa;17764,839911;0;17764,839911;USDt
Avalanche C-Chain;0xe0fc62e685e2b3183b4b88b1fe674cfec55a63f7;0x6c09bfdc1df45d6c4ff78dc9f1c13af29eb335d4;0x836f6e39a345eb56c8d5e5bf0cec65246674dcaf;eoa;78,630096;0;78,630096;USDt
Avalanche C-Chain;0xe0fc62e685e2b3183b4b88b1fe674cfec55a63f7;0x6c09bfdc1df45d6c4ff78dc9f1c13af29eb335d4;0x83f47284f9cc6fde780e6c82b4e76d10bdd4af8c;eoa;1235,956739;0;1235,956739;USDt
Avalanche C-Chain;0xe0fc62e685e2b3183b4b88b1fe674cfec55a63f7;0x6c09bfdc1df45d6c4ff78dc9f1c13af29eb335d4;0x858ef5cf58325f34c5f306be18ff5f9d149d5ff0;eoa;22735,707961;0;22735,707961;USDt
Avalanche C-Chain;0xe0fc62e685e2b3183b4b88b1fe674cfec55a63f7;0x6c09bfdc1df45d6c4ff78dc9f1c13af29eb335d4;0x90af14e7a2f2b530508f1f145272b2385963af25;eoa;857,390563;0;851,259463;USDt
Avalanche C-Chain;0xe0fc62e685e2b3183b4b88b1fe674cfec55a63f7;0x6c09bfdc1df45d6c4ff78dc9f1c13af29eb335d4;0x90bc193fd8ac86c0a6b4ec2f98d39381ceac0d38;eoa;5653,316768;0;5653,316768;USDt
Avalanche C-Chain;0xe0fc62e685e2b3183b4b88b1fe674cfec55a63f7;0x6c09bfdc1df45d6c4ff78dc9f1c13af29eb335d4;0x95599b626e0e70a3e8b645371a69b76f860db215;eoa;9302,203146;0;9302,203146;USDt
Avalanche C-Chain;0xe0fc62e685e2b3183b4b88b1fe674cfec55a63f7;0x6c09bfdc1df45d6c4ff78dc9f1c13af29eb335d4;0x97793872ae3b17b4c67d671fdcde3c74b3955df4;eoa;514,538595;0;514,538595;USDt
Avalanche C-Chain;0xe0fc62e685e2b3183b4b88b1fe674cfec55a63f7;0x6c09bfdc1df45d6c4ff78dc9f1c13af29eb335d4;0x9bb7cfd9a362c5d3c776a6fb6adcee1936d46493;eoa;1023,247659;0;1023,247659;USDt
Avalanche C-Chain;0xe0fc62e685e2b3183b4b88b1fe674cfec55a63f7;0x6c09bfdc1df45d6c4ff78dc9f1c13af29eb335d4;0xaf1bff74708098db603e48aaebec1bbae03dcf11;eoa;8227,46214;0;8227,46214;USDt
Avalanche C-Chain;0xe0fc62e685e2b3183b4b88b1fe674cfec55a63f7;0x6c09bfdc1df45d6c4ff78dc9f1c13af29eb335d4;0xb247080599844fb79c95d5bed3f0b40685dd199f;eoa;5,15062;0;5,15062;USDt
Avalanche C-Chain;0xe0fc62e685e2b3183b4b88b1fe674cfec55a63f7;0x6c09bfdc1df45d6c4ff78dc9f1c13af29eb335d4;0xb3380c108fb6a494f0a60ea0b7aefaa0d3c703a9;eoa;17710,117088;0;17710,117088;USDt
Avalanche C-Chain;0xe0fc62e685e2b3183b4b88b1fe674cfec55a63f7;0x6c09bfdc1df45d6c4ff78dc9f1c13af29eb335d4;0xb37d9b6688cc192a8f117755458f3da006c26edd;eoa;20604,313065;0;20604,313065;USDt
Avalanche C-Chain;0xe0fc62e685e2b3183b4b88b1fe674cfec55a63f7;0x6c09bfdc1df45d6c4ff78dc9f1c13af29eb335d4;0xb495ba508f1683c8e41e8af906a0fbb108a0bd55;eoa;1178,211124;0;1178,211124;USDt
Avalanche C-Chain;0xe0fc62e685e2b3183b4b88b1fe674cfec55a63f7;0x6c09bfdc1df45d6c4ff78dc9f1c13af29eb335d4;0xb9088314df59465d610209121d34fd299df85e8a;eoa;3090,696497;0;3090,696497;USDt
Avalanche C-Chain;0xe0fc62e685e2b3183b4b88b1fe674cfec55a63f7;0x6c09bfdc1df45d6c4ff78dc9f1c13af29eb335d4;0xb95d6cffa0c122d00ca7960e6648a59e574133ea;eoa;317,367076;0;317,367076;USDt
Avalanche C-Chain;0xe0fc62e685e2b3183b4b88b1fe674cfec55a63f7;0x6c09bfdc1df45d6c4ff78dc9f1c13af29eb335d4;0xbdf62f24369b7e1ad37d0c0e25687451a0a74dc8;eoa;10294,791664;0;10294,791664;USDt
Avalanche C-Chain;0xe0fc62e685e2b3183b4b88b1fe674cfec55a63f7;0x6c09bfdc1df45d6c4ff78dc9f1c13af29eb335d4;0xbfafe0f6453546358e37fa9342d5401ea1ff8273;contract_other;20,440188;0;20,440188;USDt
Avalanche C-Chain;0xe0fc62e685e2b3183b4b88b1fe674cfec55a63f7;0x6c09bfdc1df45d6c4ff78dc9f1c13af29eb335d4;0xc098021419ea4f87e0625e2369894547d98b1b0f;eoa;103,225486;0;103,225486;USDt
Avalanche C-Chain;0xe0fc62e685e2b3183b4b88b1fe674cfec55a63f7;0x6c09bfdc1df45d6c4ff78dc9f1c13af29eb335d4;0xc289afdf001a12137f55b466d19db5717cbb18c9;eoa;10093,566408;0;10093,566408;USDt
Avalanche C-Chain;0xe0fc62e685e2b3183b4b88b1fe674cfec55a63f7;0x6c09bfdc1df45d6c4ff78dc9f1c13af29eb335d4;0xc5a09188be1742a564a7fa369e8a9591aac26238;eoa;507,069255;0;507,069255;USDt
Avalanche C-Chain;0xe0fc62e685e2b3183b4b88b1fe674cfec55a63f7;0x6c09bfdc1df45d6c4ff78dc9f1c13af29eb335d4;0xccdde820a142be0caccb597d40f7a7be35b04bf0;eoa;2184,492699;0;2184,492699;USDt
Avalanche C-Chain;0xe0fc62e685e2b3183b4b88b1fe674cfec55a63f7;0x6c09bfdc1df45d6c4ff78dc9f1c13af29eb335d4;0xd0ac404410ae9646656015d4b6346705a13f12f8;eoa;761,434934;0;761,434934;USDt
Avalanche C-Chain;0xe0fc62e685e2b3183b4b88b1fe674cfec55a63f7;0x6c09bfdc1df45d6c4ff78dc9f1c13af29eb335d4;0xd3843ee13c0664dfb640a8874b131e83bf2140a7;eoa;1016,463792;0;1016,463792;USDt
Avalanche C-Chain;0xe0fc62e685e2b3183b4b88b1fe674cfec55a63f7;0x6c09bfdc1df45d6c4ff78dc9f1c13af29eb335d4;0xd8454b3787c6aab1cf2846af7882f8c440c3903d;Gnosis Safe;503,616044;0;503,616044;USDt
Avalanche C-Chain;0xe0fc62e685e2b3183b4b88b1fe674cfec55a63f7;0x6c09bfdc1df45d6c4ff78dc9f1c13af29eb335d4;0xdaa12ca83de2fab833fc28ce1300ba6ddee67204;eoa;20279,196522;0;20279,196522;USDt
Avalanche C-Chain;0xe0fc62e685e2b3183b4b88b1fe674cfec55a63f7;0x6c09bfdc1df45d6c4ff78dc9f1c13af29eb335d4;0xdc038cff8e55416a5189e37f382879c19217a4cb;contract_other;0,000008;0;0,000008;USDt
Avalanche C-Chain;0xe0fc62e685e2b3183b4b88b1fe674cfec55a63f7;0x6c09bfdc1df45d6c4ff78dc9f1c13af29eb335d4;0xdc698758ac0468df0981896a68f8f9017c6fcec5;eoa;2792,672488;0;2792,672488;USDt
Avalanche C-Chain;0xe0fc62e685e2b3183b4b88b1fe674cfec55a63f7;0x6c09bfdc1df45d6c4ff78dc9f1c13af29eb335d4;0xe5cee5bcae68e056a3658617b3fd3a21478fc41d;eoa;2015,647687;0;2015,647687;USDt
Avalanche C-Chain;0xe0fc62e685e2b3183b4b88b1fe674cfec55a63f7;0x6c09bfdc1df45d6c4ff78dc9f1c13af29eb335d4;0xf9d8c8572cabb23f8a3b75a343cd761dccb04eb6;contract_other;1519582,22677;0;1519578,175574;USDt
Avalanche C-Chain;0xe0fc62e685e2b3183b4b88b1fe674cfec55a63f7;0x6c09bfdc1df45d6c4ff78dc9f1c13af29eb335d4;0xfa1a49d8f4c1242b6084f922a5f81b62adc6e49e;eoa;2033,25665;0;2033,25665;USDt
Avalanche C-Chain;0xe0fc62e685e2b3183b4b88b1fe674cfec55a63f7;0x6c09bfdc1df45d6c4ff78dc9f1c13af29eb335d4;0xcfc3d5a2135cdf4587ce67af4118c300b8632c57;eoa;0;0;0;USDt
Avalanche C-Chain;0xe0fc62e685e2b3183b4b88b1fe674cfec55a63f7;0x6c09bfdc1df45d6c4ff78dc9f1c13af29eb335d4;0x0f089078099748c8a196b52710b01d4cb404578d;eoa;0;0;0,000294;USDt
Avalanche C-Chain;0xe0fc62e685e2b3183b4b88b1fe674cfec55a63f7;0x6c09bfdc1df45d6c4ff78dc9f1c13af29eb335d4;0x4b1acaf94f81eb3ba74cf8897c9d8ccfff8a82ca;eoa;0;0;0;USDt
Avalanche C-Chain;0xe0fc62e685e2b3183b4b88b1fe674cfec55a63f7;0x6c09bfdc1df45d6c4ff78dc9f1c13af29eb335d4;0x952ae19942de973163432b86fea01699f315ef4f;eoa;0;0;4,091281;USDt
