address;raw_amount;assets
0x000000007b91f5c2937100ec91eb2000e292148d;0;0.000000
0x000000e28faa823d5b53ff6c2922c28335840375;277907878;277.907878
0x000066320a467de62b1548f46465abbb82662331;0;0.000000
0x00399286d466ebc3c38daf0152d475ecd68ced7f;0;0.000000
0x004c6672a94923db562c22e783a6d49b125e8976;0;0.000000
0x0055d4369a59bc819f58a76ecc3709407204dbab;0;0.000000
0x005f90797b3df1e67918619669b40eba901cca07;0;0.000000
0x00789bc0a98c6814899d4028ab2b8d4709d34381;0;0.000000
0x009d13e9bec94bf16791098ce4e5c168d27a9f07;0;0.000000
0x00c6e75abad8ab8a4d71772689eedf6deea0aa17;1140706;1.140706
0x00f6a4cdbb566a414e40c07a7637d5faef3a8792;12349642;12.349642
0x015f9945f2925a84073f13ae761f4da3fd91f33e;0;0.000000
0x017b69067d695ee631cee76c8950c09c61fbe2d4;0;0.000000
0x019425b418ff167d62f23324a6fa5fa0023760de;83232134;83.232134
0x019acded8552a60bb17b420781dbaec819581642;0;0.000000
0x019ed608dd806b80193942f2a960e7ac8abb2ee3;68765;0.068765
0x02443d1fcb2a76c99bf9bdf89de7f048d26eadba;0;0.000000
0x024899f1b2e7c3cfc5e3db7f54ecc284fd775d29;74807;0.074807
0x024c3d1f574cdcdd42374394df96b747460096a3;0;0.000000
0x026f347a39cebefb4120d9b50530ecc4f93e301f;1473364;1.473364
0x02afe25ecdb1bf24f3c4435c8b47c39697a41496;0;0.000000
0x02ff7a5b001206ecc4972d47ec0aeb234d241030;7995298;7.995298
0x0302f3434dbdee9d3faf680cba8a2bae6b34a83c;0;0.000000
0x0304492c94d8dafab67756c7b7aaf94e2c9ca709;0;0.000000
0x0320a5a29f7757663f76c16f424b21cca34d56b9;0;0.000000
0x039f7e626e25d37492f92524679dca4b6afbe07e;0;0.000000
0x03b24d959222c0a557ecf1309fbd4c83088298e5;0;0.000000
0x03b27631a07b8241e1bd9dffeec19ba089370ba8;0;0.000000
0x03b9765c0b7425fc0869b1c4497e35ace2bbdd17;74687;0.074687
0x03ecd446a7ef6a5d8c8d88f4dd83763b25d594b7;182694141;182.694141
0x041a09a6220c9c08a0cc9bfcc31deaf9799412b2;0;0.000000
0x041a302cb99fcf09e021e481a22fe8985531f707;34525316;34.525316
0x04650ba67b062200b89537a832536be71f3e764b;0;0.000000
0x046ab1a1adc63a9cc81a4db68f7a7623ad1ab092;0;0.000000
0x0480ecf39debc792c579e7072e35b0c1dd4a79eb;0;0.000000
0x048a58645447ecf7e2ee4ec95804aa9062075ebe;0;0.000000
0x04ba30128c1c3c544dfddf12516c80b4e9de34b9;0;0.000000
0x04c7b939b0df23ce1349bdacc76815f684a1750c;0;0.000000
0x04daf0c477b8d5c09f086e8a80bcbdf93c6edc1c;0;0.000000
0x04fd414cacdbd8742c8adc46230bb11445203c99;0;0.000000
0x050a5f453a8baa12cbf43b9c7a4b563bdb666980;0;0.000000
0x05289fc2b81b9a5bdf70a4c67376a2dfb9b7b76f;0;0.000000
0x054ee5a111671ed66acd87b0f5491edd003595d2;775839;0.775839
0x05631891643a2e9dd5cc44293f14caa4b4cd98b2;0;0.000000
0x05a2e50c5e4d724897b67b708db432a38c985f83;0;0.000000
0x05d2838e962299878bf9e8941dd396de4aa998e5;0;0.000000
0x06095567551d9ca92086b6c59412c5b8b29c5382;771903;0.771903
0x066dbd864bcdb1ec9944293736a9ae2c514d4a91;73988300;73.988300
0x06708896d52e82b4a0f930544150f65277cc6bf3;0;0.000000
0x06777c10776a9ee6737aeffde48338ac5011cb80;3861243;3.861243
0x068f46e8f592350b40b05a5c440c4ee949d91209;0;0.000000
0x06ba38d6b06d3cab8d53dbe4459423f5b6932d88;0;0.000000
0x072ab8b22c7c7b4dd2b3367c6e7445d6c9e3cb2f;0;0.000000
0x07497437db00a12db5addb99d3cdd9f6937222d9;224226;0.224226
0x074f47d33293a89c9b10d8f4132a912ee4a5d55c;0;0.000000
0x077cd93045aa939ed167bfbb601ffe1d5d8b8ed1;0;0.000000
0x07d53b16899bf4b7cbf40c9d0d993e24299ab1f9;0;0.000000
0x0810818c20c456c429ce9139a0dde0946a8c7d0d;320900805;320.900805
0x0811c894027d5f62cac0a50a400cdca70c1807e1;0;0.000000
0x081c2d473b62a2c13cfff364f30b56ebc29b9060;0;0.000000
0x08750db546b5186861835d15cb38ba5e96525688;0;0.000000
0x0899a0b74ebab3f637b59dbf90883e6df481fe00;0;0.000000
0x08abc0167916906f3d0c3be40efad43e014c066c;2269707;2.269707
0x08b2f6f7927c7523ccde33f447a4a1c17aabdf44;0;0.000000
0x09131f237b6514e2a079ee7c71e475f91bef5b7e;148956;0.148956
0x091cad5e1f4daa4d6cf396496229026fd4102a9a;0;0.000000
0x092c9e796839ede09806f0bf968c7f0fa19fd04b;0;0.000000
0x0937cacde7395af6cd1775c139c1371e20a5047d;0;0.000000
0x09388452fc1c1958eece7884ed161a666735d1ec;0;0.000000
0x093fba5a705003d4a7d4d911f1b2036641cb5105;0;0.000000
0x0953f82bc31d01aae3aee9df869057a8022f99e9;0;0.000000
0x09616650f991411556a0a75663dc866d648e1ef5;0;0.000000
0x09661aa31f8772e393ae3c7ade37b8a2f4e8db0f;0;0.000000
0x096f92f264faf13643d887f9d556f13813a5a97a;75430;0.075430
0x098cdfe11eaa73513374c50f98fa652b011368e9;0;0.000000
0x098ddb5f48ad1daa5f691c4b2ad6360e45a22747;1159707767;1159.707767
0x09c2eb5b6a9c3ca68702f79305062d774f42f51b;75447;0.075447
0x09e0f94e493bfd4e34dd9a7cfacdcc54b08ae7fd;0;0.000000
0x09f6d8a0aeabb1385e7ed410f08761cf39271d76;180992251;180.992251
0x09fa38eba245bb68354b8950fa2fe71f02863393;0;0.000000
0x0a6bc3389f4eca70a1c97e357c689279f12c9460;76053;0.076053
0x0a8c33a7359eff8d306c8079b4043bbc1d887ae8;82859;0.082859
0x0a9aca1ae6b4e60931a1a8ef034580074bff763c;0;0.000000
0x0b03d623436a3d2b5401626208efc91d7a58dbcb;976065;0.976065
0x0b20a6140118be0235db1bcb0dfa96d5d656ca51;0;0.000000
0x0b4d7235604dde67af4f1167d6f9b651f54d13dd;0;0.000000
0x0bd54e59ff6b564cdd2c8a816d1d6ea0d99a132c;0;0.000000
0x0bd7e05e55658571a7d75e38182314d9152339a0;0;0.000000
0x0bf34484963766bf1d6bd0a15fe7ec6f72f3bd32;31589769;31.589769
0x0c0c0f538c1d869a9682d94d26fb973f1a8c192e;75400;0.075400
0x0c0cd5dfbc0330361332ae05daad2e61c82d3dcb;0;0.000000
0x0c11e4ec69f679e3ea07c4ab6190d51b1db4606b;773072;0.773072
0x0c78de29710ac96027c282d6523c799d507af29c;7573;0.007573
0x0c85efae064c672b8551268141996641660e72f9;0;0.000000
0x0ca78ed9f48dfc2dbbff9e1d55227e52359776f0;0;0.000000
0x0cb1bc9c2a357ffc3627fa8e1cd7cf6ff74f6edb;0;0.000000
0x0d11c704be32a6a296bc5d0a18f707c22be01ba4;0;0.000000
0x0d3015631c1e642e8eb35b5a0efcea24a7685603;373315;0.373315
0x0d35a8215963e0b6ba791d6d01f58edc1e7ac3ab;0;0.000000
0x0d7720df68cfc04534d02c2669e51652b0e77791;0;0.000000
0x0d9a29106954c0473a140c7e570e99e8e40798c9;0;0.000000
0x0dddab17d0ee1416a757758fe4dce96ee8df211c;76708;0.076708
0x0de012fcf1387507be8e0a66010fbe19a65068eb;0;0.000000
0x0de3f84782427380c6588a9dca8675a5c40893cb;114444;0.114444
0x0dffa0d8f5e3b7ed53b9d11c3789da2be46758ea;0;0.000000
0x0e243e5c925c27503f73de66df52894a2e37c34e;73291056;73.291056
0x0e76fc601fb5a670e2a492196074b29da6b403c2;0;0.000000
0x0e8164f7e45691b075959ce0b7d6385a2fafd52c;759391;0.759391
0x0e8a00ae00a153a087bccd1b89efcc78209b3ab8;0;0.000000
0x0edd6eced51b0f0ee830d891ba230ac39ff6f5b3;0;0.000000
0x0f28143ba5c106eb5c41f0035f9bc5be91687bba;0;0.000000
0x0f3c3349f89f11ca4035b0cce3027e9cc5fc0d55;0;0.000000
0x0f45156f109e474295913d78036fa213b1745d5a;0;0.000000
0x0f8aac1cffcb3cc43bd0b6cc0df1b0db7d0c864b;0;0.000000
0x0fc587968c33acda9a16c5fa6e66258ff8aa2f61;0;0.000000
0x0fe7626cb34088b17d5c50c66bd64fa84ddbbc3b;738915;0.738915
0x10054d39aa173807d3f23427923e1b44f5dc3290;0;0.000000
0x10665b2afe28721b8ce08037242de16dadab7cfa;0;0.000000
0x107b361c2a0be597f3d3da6f869fe14b56b08766;0;0.000000
0x1087fb0e3e32d7abbf4e63d35c6b21ce5f2b0480;0;0.000000
0x10a28fb144bc79eda79194e818323dd9c3217016;33419065;33.419065
0x10b9e4f3248676f78fa0592237d7b01accd395c6;753673;0.753673
0x10ba44df917fbbc67f3b5e7fd6320707b66000a6;0;0.000000
0x1116bf593285d11207e5c3ec0166388c3f877850;7569176;7.569176
0x111bb2f8ed05d7dd75de1ffd8ffc67f7bbb801c4;1517;0.001517
0x11475691c2caa465e19f99c445abb31a4a64955c;0;0.000000
0x114fbabe33e8735a6466b7bc72ff35c2d67f9aea;165401814;165.401814
0x115589ccdbcace5d473111ea3d01a3eb279dd8c5;0;0.000000
0x118cea94840d065c1a8652a62504d3d0486f6cdb;3754870;3.754870
0x11b1d404d3506515e01ba027549d821946806717;755928;0.755928
0x11c128b5ae504e26a19a4f8ea22c5212bb0d4e59;1596681;1.596681
0x11d25c03afed099883bd68dcaf22b1ee4f93c8e4;82022;0.082022
0x11ec86d9ae83c4f513c87aa2153542faff1f31cc;0;0.000000
0x120623e790cc17e47848a2dce36df7a2346ba095;0;0.000000
0x1206e9bf28eae56b9144f8d74d3accb4f566b0b2;0;0.000000
0x122edefc9a3a02f4f7c4caf41ad29d9c900d0528;723179;0.723179
0x123235cd749ccab2b466da88a07e66089f79bfb4;0;0.000000
0x1263fc2489454deca07ac376b0d399ee66469d79;0;0.000000
0x126ff8fabec84ef8a96f25dd0c2668fb9b7e7088;0;0.000000
0x12990834aa3c237a2ee7002c4a122ea14bc94904;4446396;4.446396
0x12c31853922c7d7e0019a27132c82ed6955d276d;0;0.000000
0x136831c6c1ec98cdc354362c4a61e1295030a43c;834567;0.834567
0x1368eb291511cfa4b2396421c9dca60895f6bd66;0;0.000000
0x136d4b342d415d5cf2fed3fb8af15d7d4efd4849;0;0.000000
0x1390b026d99ee7689fecb697daabd02bc6a8dd3c;755665;0.755665
0x13dd4c65252274a442428039ae815f3a13e84ff3;0;0.000000
0x13e86c4a4bf6af09b2f1a50d012594780b001985;0;0.000000
0x14222b3a5929f990a10a6cefd7777dde06ba1a50;757123;0.757123
0x143effc8e32016fed17673e0a4b42319500a6fe3;0;0.000000
0x1483ff30b8d52534f0c811bf52a3deb31c89cf2a;0;0.000000
0x14b606b509fbac1b71967d0c21d3085ce82ab9fe;0;0.000000
0x14d55c1bc548e0f195322d7cb3a5101227ecc71a;82155;0.082155
0x14fba64b72464c7acd950f8fab6a712a4e61690b;0;0.000000
0x1537f50886d87dfb1916446e971cf57f41d874b7;0;0.000000
0x1563c4751ad2be48fd17464b73585b6ba8b6a5f0;0;0.000000
0x1576df7ed6c2f40947f1eac4656009863ecc7c67;0;0.000000
0x1578fdcd869b0ff6e8a254a40affeb2959c0fb6e;0;0.000000
0x159e420860c805bc585870f516a3a7227b7b1091;0;0.000000
0x15cd7d7a1fc0ca1b91f58d64a591da4f5c50ad7e;368808;0.368808
0x1640cc5944da93c3a56484a83f7b9f326d8d1755;9164393;9.164393
0x168d73e52f8a0bc3d28d31c4c21a3b7781330cc4;0;0.000000
0x16a2dadefa00ff1d7381b81bbf70ea6167bb4d89;0;0.000000
0x16a7727397ce4d689754bf00965963ae292d73aa;2159095;2.159095
0x16b0d66a69121691b21c01113a83dac51043c927;0;0.000000
0x16f562fb6587a19e19761654adb195f8bc879b5d;0;0.000000
0x16fb57d655ff5f893202d184173d05a2a0f00cbd;762617;0.762617
0x1721d47e29f3f1b0398b6889fb34c2b6981aa0c5;0;0.000000
0x175bf09109e152e895a7a8c04edbd1ca62996769;772839;0.772839
0x17b1d9a1a8f0363e04bccdf2839cb107b2297774;0;0.000000
0x18074ae62cee786ccd713aa12430338f08512b89;0;0.000000
0x18668c448a12714b0422e71f63943f764c721faa;0;0.000000
0x186b12ceaf08fde22e32647fcc800e45876f5bd0;0;0.000000
0x1892e547f4e1ba76f82a09c16c9f774744de1ff3;8004564;8.004564
0x189589abc6794f1c9b385099849c49598e987a68;0;0.000000
0x18b7aceaed4879da2bfad3c9ae2a32062e6e4a55;0;0.000000
0x1916c4eed545f78f402429a7550bb52a83e77b61;0;0.000000
0x19246d4cb92671d0f2166d00c9de687ead3206f8;0;0.000000
0x1949e964f74c302058374697f5738c95bf541d4f;0;0.000000
0x199745e7b4efead0b2f027e3c3c88b1c77b3b780;0;0.000000
0x19f595c5694b5c66997dbd813fec766a22fe9f1e;0;0.000000
0x1a5a04171dc7143afe49870fcda9c875e5f86f38;0;0.000000
0x1a60d723dfe0be0a73eb3857af7eab2a29fb9125;10456168;10.456168
0x1a68598b176492dd92542e84ff79fa7ec06adda1;0;0.000000
0x1ace35d5350da1b71bd7e9e7f5a09ff6cf14d2d6;0;0.000000
0x1b150798530d1cbe8f5822ce052656812d5dfc99;0;0.000000
0x1b1c30504c6a80e81c866895867d71d31ee95528;82022;0.082022
0x1b28ffcac70d62177afe349b445550e8ac930322;221031510;221.031510
0x1b35727072435bb97fbe8cc378eb6973c98faab3;0;0.000000
0x1b6f921d37953e321472dd7530c4171a59a10142;82121;0.082121
0x1b8b76c7528a9990e3ad435b41758de618a339de;0;0.000000
0x1b9da6a404df58c6bef6336e207c92b0d330bea2;728371;0.728371
0x1bc13c62af7443a482f5db8727c486f8267a3693;91057549;91.057549
0x1bdd2a02a33c70f7e1672b83652f0e5fc1e5eafc;110155;0.110155
0x1beb9a08b3caf70e3dc767770e4823c5d0f44b0a;0;0.000000
0x1c3c5942cb0d18a3ece158cac75b70d2ac01e917;0;0.000000
0x1c563ce15828bdf85b61455d10b761e9f498e62f;412997;0.412997
0x1c6d0b4988733193aa54f452b3cdc14e9e802a20;0;0.000000
0x1c8e219f9c55fbec6e697c00c2d91c2d06269eeb;0;0.000000
0x1c9d8823aebe15ce970d8ebca19dfa493f26c62a;0;0.000000
0x1cb432f80416f07db4420b8c20447924a0658894;0;0.000000
0x1cc397f85ccfcb3dba058ef0146b3c583e3b4eac;7586;0.007586
0x1cd14801537a3d1550b7e30a9ed59bf68d8cbc84;0;0.000000
0x1cf6f9c9e0d4a8b50175713d55ec4f2a21411050;0;0.000000
0x1cf8423299241f155716eb19d0ca65bea4353f03;0;0.000000
0x1d1e9147a2f48d32fd1520c9f86335db15c66ece;0;0.000000
0x1d3a7c45e1ada41ba23f071867c369d000ddc4eb;0;0.000000
0x1d71fbaea1a34b8b4d2a8eb3720c1c6faafa5274;0;0.000000
0x1d9c68cfa5fdfb6c585bf01f715d359f3039b63a;0;0.000000
0x1dbfbe4f9796375d36613a3bf36c77265c0cc7aa;0;0.000000
0x1decf9e9d17d0d893c1a83cd2232c29cac3ecb55;2666935;2.666935
0x1e168699f322a2206c03e5eb444cb6b5ea5155c8;0;0.000000
0x1e26a52fd1d1091eb8b6cd3205391c6e7c40f2d9;0;0.000000
0x1e4e112b8807b8883f537c91c17dafcce13946f6;0;0.000000
0x1e5f46718bf09697db487bc8de2204cff47da241;0;0.000000
0x1ecdd9c3f1e6772112078ae155a3557e72600f3b;0;0.000000
0x1eda8196bc0b0195bf35d5abf10df9135f0a60d7;0;0.000000
0x1ee9001d434b8f5ae45a59ab482f66925ef8218a;149402;0.149402
0x1f3bc29030aac7decfb3f069a70a4d20e865682e;7557;0.007557
0x1f4b52ee54b3428741a84355665ea0c8f39d472b;0;0.000000
0x1f54886b250c2e26b103cf3e9226b799b83b8e94;605752;0.605752
0x1f5559fa9945be3ac24b82d23930d17afc249227;0;0.000000
0x1f7cab552b8bd8aad2804d7863797e3819da0bad;1161601;1.161601
0x1f92b5affd12981ef0fa7ba22a802379fd36929e;0;0.000000
0x1fbcc8e4b289389ea7beaaa101868da0bf6e233c;0;0.000000
0x1fccc097db89a86bfc474a1028f93958295b1fb7;0;0.000000
0x1fcee4f6494ec9b807f023c9b59d6be1ed4d1c0f;0;0.000000
0x1fe809df2a62fe97366593146abeabf837c066c3;0;0.000000
0x2021991a69a4d8cca9d627291a2f0620af05e003;0;0.000000
0x2025ca90de3d649da0b394e66e14de50a198cf8d;1510745;1.510745
0x203cf6a16897d05a6e96b4242fc3968720974cda;0;0.000000
0x204dac213492a815421a2735c0d06dba0cf99caf;0;0.000000
0x204f18e8cf133a34ffd477856e7001e31b2683b8;74688;0.074688
0x2066a3d7ac72eb573a3565c51feed5eb446ba6d5;0;0.000000
0x209f1a7df7730a2275b462fb632cc53e1cd57ea8;0;0.000000
0x20d5f3f40dd1783d4e1075fc028732d60d2b9dd6;0;0.000000
0x20e1278201ac58d6f62ea5f7198ca14cb043ec2b;0;0.000000
0x20f537312240f9f768d7e1f1b33e5b733b9cd25d;0;0.000000
0x20fb0ce14c11277b07849a184472a5ebd149eb54;0;0.000000
0x2161a8a79f7d237434792d22a17a8911bee9322b;1011359;1.011359
0x216244113869e6aabf706831fa079496db452901;0;0.000000
0x2165cc15c59527b05f70c9ab504f47bf8e7ac31d;0;0.000000
0x21675eb4b84d8da317b79dcb2b7cce748f7956cd;0;0.000000
0x216be7c987b81a71bc0198b98752bb4a51be18ec;0;0.000000
0x21885e45d0773a2c48a8be32e6ca2cdb3e64cc26;0;0.000000
0x21ae49c55c7542b5a2ed20e766d5d01114dda356;0;0.000000
0x21cef6f7087adb8ccacbde9e5241511e6db7a9bb;87956;0.087956
0x22138a0cff84952c018cbcbf5650149017d6b292;0;0.000000
0x22216c68b75038ef88d18a979dfc881b5121acde;0;0.000000
0x22a8b7a9e1027e645a65e5559ce288c32c3e3d6a;0;0.000000
0x22b387735f956b1d58897f2af2aee972b7b08095;0;0.000000
0x22e916361cf092c02a12ffc57a55447ee1a6da3f;0;0.000000
0x231d04d32ddc9573b775b1738b51f8108639017c;0;0.000000
0x232feca53225f905613b14f9a9c0c4b9399c4fe4;0;0.000000
0x233678715ab644073512c513d00a0f0b922c2074;228272;0.228272
0x2345eab815cfff5a94997a2b9bacd9aa5c3f598e;760703;0.760703
0x234ca0004c5ebe6f1c3503b9706a8ec7e4cd168e;0;0.000000
0x235615576f75933e7e26f3e775e28ec7ec251b2b;0;0.000000
0x2362d1ab114752f8937abb980960e361e6435894;0;0.000000
0x23a5973d18990210324e5553507ac8feb939dd57;20805757;20.805757
0x23b2d6d3fc828e7f0fc758fd591d5e7a395266a7;0;0.000000
0x23cd671c5fb77251579ae915dc3581bf099338ee;0;0.000000
0x23f0d08797a87e63f55637b02ef25361290d52e4;765258;0.765258
0x23fce5de29d7ab382a9aecd2e727167c6747496a;0;0.000000
0x2406017a9c9d34608f67b46047a94c577d884b72;0;0.000000
0x2409e63be7c13b71ff9690acad1ddc04c92a8006;1561943421;1561.943421
0x2418f2876cef7d9c0ce7fb04bad88077a9e15edd;0;0.000000
0x24313ac2cc6e514311084a7b8158389f6c94c5aa;0;0.000000
0x2473870ebc724d415c8ab4dbdba7d03f49d1f039;3700461;3.700461
0x248b007f76e7616791b8fe278c93096ddcf67f25;0;0.000000
0x2493b7809f8ed73224a6867a8b82b7329fa598a7;0;0.000000
0x249485e8a4446e8b2b71b23750ae62cabdd72b63;0;0.000000
0x24e9a18a75faceedd14aeee845c0b8c66f112f91;0;0.000000
0x250b5952b860dcbc3edb9ca826acba7f6d378181;0;0.000000
0x256455b367f1dd4438aa53cdbfd40782a2ced64e;0;0.000000
0x25659eefd7cae21566a257420bbcb0c8317ef94f;0;0.000000
0x258473a955e900385f984fb3fbfd7480d5949cd7;0;0.000000
0x259224e5652b84a00f8d15c63d756488ca25a65b;0;0.000000
0x25b0ab9c64733a22d90cffe9284373d7e9664141;285557;0.285557
0x261aec3ff5982d4bf982c00857bf02aac731f313;0;0.000000
0x26ae58f1b215e776539f465cf3aebbda877489f6;0;0.000000
0x26dcb0d7d48aa979da81f2fce331ce6e028b00d7;0;0.000000
0x26de647d5d28583395418e3718b72d55e95fa977;0;0.000000
0x270def6a42a6cb81316968149c2bd32b2a264669;737273;0.737273
0x27146cd533760e0867db2647dad531fde92d80ef;372756;0.372756
0x27152c3135d83a0b5d0f6d0a2cdc1bf0bfab985c;0;0.000000
0x2743addd5b1cba5fd1014dc569ebe5fa80d8a9b2;758587;0.758587
0x27c846d12d9317d1b341d61f4facf2d38e748494;926764;0.926764
0x27d475c8279fe603647a976cf55b657b0cef8070;0;0.000000
0x281e5c38bacea0f32e48edc9952de4c068f9012e;54090865;54.090865
0x28268f23e578ce72309988c05bd61da0faea8a7d;0;0.000000
0x285b196dfab5c9134cf9a7e8b74cfe9abe34c3f7;0;0.000000
0x288a4e70eba5d4f92e28f8ccc561e9fc947304a1;75432;0.075432
0x28a32e55761db2671a50ac172f53cfcd48f00c3f;0;0.000000
0x28a462ebefd70f3e55b91360db1008d67d4a2bf5;743952;0.743952
0x28c3698430d4f1a78d4359eef893cfaef6174711;8382922;8.382922
0x28c974c18c6553b445c4b77f35d83f3499acf58f;0;0.000000
0x28caca2d99111351bd6bf39738628135ee192443;224930716;224.930716
0x28e8469dfd89e9f09abf3bcdcfb9f802c3f022f4;0;0.000000
0x28fd174fc197ba46436d2ae835d74934e57c3033;189895006;189.895006
0x2907b53ffa68caf0dd79b6f8c1238ba8b6708169;0;0.000000
0x2920c5b42d53a99f28a9803dd38e35fd60f8f22a;0;0.000000
0x29431b4faee63881b4eab6663d35585dea20c8c6;0;0.000000
0x296e72969d480aad7266911546e74577a1435114;0;0.000000
0x29d8b968386772ad152973a748e1a288523f0f3d;149320;0.149320
0x29dfb7da8d41d0510663f0c70f2bee86e198f724;82137;0.082137
0x29e2c919e36c0583582bf5e39ff542e3c8b88c47;0;0.000000
0x29e378ab67da3491ff3c4eb5b4da6a4de6868b58;86727;0.086727
0x29e83a72648fda0413c02f08563e5a2c87e4376a;1520;0.001520
0x29f82d09c2afd12f3c10ee49cd713331f4a7228e;0;0.000000
0x2a1842bac18058078f682e1996f763480081174a;0;0.000000
0x2a235a9321723a6dcb6bc3a4e4995cc39a762cd1;0;0.000000
0x2a99721c251d2fd3584a0be06544a8c3b65de45b;72323271;72.323271
0x2aca189767cecf31087aafc0c50a59a7d83b6376;0;0.000000
0x2ad8079f0f1f648956bad476f107df60a23779fb;0;0.000000
0x2b11ef91f6a11449a1e7ebb860e9c66fd6e0345f;0;0.000000
0x2b4c1010731e151d4ab992c2c6c70c89bddbd773;0;0.000000
0x2b5560f15310f8ecb9342512e9df71ca4d352c88;0;0.000000
0x2b59f2cacceea02aead44189e4974bb0eb5cba0d;73259;0.073259
0x2b667478db1f275cc3b4bbb6a739bf8f5571d263;303297;0.303297
0x2b6d4f63eecd81e75be0c679c1f5ace848a371c3;0;0.000000
0x2b9849db25593056c9b0426dd8a949fefbb79308;0;0.000000
0x2bb49f11131f5537f46cb356a1bf93a8169a2720;0;0.000000
0x2be250612790d1df5ebfea46c2346654cd7a0afa;0;0.000000
0x2c09e2377f651d19b081517bdf6dbca486af172f;0;0.000000
0x2c0ad3ffb832ca5643983f2e99a7bd85c72c34ef;0;0.000000
0x2c177735792af1f07b37fc44fb875c18be3fb4fc;0;0.000000
0x2ca43ede57dc4bc707b4ac9ca9c77798cfc6bd9e;0;0.000000
0x2cc38fb901ad772018fe957c309c2372833e1d1a;0;0.000000
0x2cfa6bad2047354558adaaa7357f05b29301d23f;609061;0.609061
0x2d0a364c22e369f322df6b74c3f02981aa9657c8;1517;0.001517
0x2d12523cfd543aceeb0215b0887477dae7abe271;84494;0.084494
0x2d1a0f69ea53d61b4f74648ca1db523610784406;6573392;6.573392
0x2d5afce86989a860ace230db8c06f0af49df4d99;149373;0.149373
0x2d5e088c705e4370a6f35c4eaaa10d0e9de6c895;0;0.000000
0x2d61042e5ccca534e29ea58b79ad02415442f699;0;0.000000
0x2d6563f7b456573107db093de224c6b97e8b5a96;0;0.000000
0x2d7f5212e93740a74b99d8a0799b4514061dbda5;0;0.000000
0x2e1531c10054b22d2564e020dc3a95dcc0d940cc;0;0.000000
0x2e509d6d90a36c999007eb4e2614dbb141289cb5;0;0.000000
0x2e598eb2703069ebaabec95adcf684bc12a3eafd;0;0.000000
0x2e61d8fca5fa250e7269dfad5d9347f674915bd2;0;0.000000
0x2e7caed2701104221a25f616e8b62c0139a42c68;0;0.000000
0x2e9ce2470f1b7569b1445ad0e7330a39d3bd3dde;0;0.000000
0x2ed215b5ccc272eadcf6c69871250d2698ce569a;0;0.000000
0x2ee8eb7b8f1eb6608f193e5daf0de9e6a62612b5;219908411;219.908411
0x2f140ef7f3ab90602881ea37a6a63f023ac7b57f;0;0.000000
0x2f50ffd44daca5f4b420d89b9f609d5bb30e4b53;0;0.000000
0x2f843ec4ba0a0c14813ec00fc20f7bd87cc08f63;0;0.000000
0x2f8ec6866a50a64ac2d0ce211519c6f4172b770b;14641391;14.641391
0x2f987f53d7080607b1745959217510b434ca3723;763182;0.763182
0x2fbe8ed4d76526490c6ee4c1674822770ad8a4d9;0;0.000000
0x2ff4e6bf5e44be06bf49abd7b01c018c54c2bf2c;82152;0.082152
0x30044b7c080a6e456386d5b9c370dc7c259ae2cd;0;0.000000
0x300a19ddc3a5371086943e0c06667ea30c23d98c;0;0.000000
0x301a111d510702defb8498ba4a2d5c012bcc784c;0;0.000000
0x3092edd44722221d2748269788c12ba93582acb4;0;0.000000
0x309c6b4833b64dd71c5ffedbb3f2543a3a34a250;0;0.000000
0x30ab6e3e5377c6c254fb67e4931a6a00943ed3cb;800452;0.800452
0x30b12942912cee5a719edec2dd147224fcc373a0;0;0.000000
0x30d8ff6c16c96f4968282b9e8472d2115a2d4194;32773456;32.773456
0x30ef7087862f3c99242efc9633394eae629d6e9d;5689535;5.689535
0x3125a38881b0ec053fa28a8f912248913cc21cc0;0;0.000000
0x3158f5de95cb64ddfac891aafc27be52449e74f3;0;0.000000
0x315b3afb961be3942d3afbe5072fee38d7dc0254;0;0.000000
0x31738dac34244088ce78284db1074e03db6f1743;15162;0.015162
0x3179c42dae179f7ecb40b9ae46647e45a6daafe5;74687;0.074687
0x318b01ab7b0fafbc4dad578488674643206fe192;0;0.000000
0x318ca36eb6d3af28e87b8ad6a2e7a5d2b7a52d6a;0;0.000000
0x31929c035af08eec220a41d0668212b9cac371fe;0;0.000000
0x31c798ac8159568d44c7f0c8678bf6fdc4caf57c;0;0.000000
0x31d90934f202aa708ffc094b0658e35121a0af91;0;0.000000
0x31f9264446ad2f7af055525979430e7ae43510d4;1903;0.001903
0x31fc82269a2d0122ab3f06530f8dba4ef7599de0;29937;0.029937
0x31fd4eba0f04668fee02a55aa4ce0b177fdace8b;0;0.000000
0x321d3a604e33ba37aa619f02df9f031e810610e2;0;0.000000
0x321dc9545c5d0df810b59575f5cc517d99e7e3a5;0;0.000000
0x3239849f7b08e22afef883a400aedc54f24dc11b;849286;0.849286
0x32ba52adbda37b1b3f1e3d57fc3629abc045ebc9;0;0.000000
0x32d744acb52e042c3bf263a791cb7c261284af28;749740;0.749740
0x331708a21f88c6d6b412ec76e530972226bbf739;0;0.000000
0x33352c5e94fb2404094a67f1ed0960933458a636;0;0.000000
0x333b72521dd9cac06b3677d8b996821ddb0b4aa2;0;0.000000
0x334019f6d6b2ea95458347d2dd65f3241116a6d5;149078;0.149078
0x33ae316fcbea378c08d53be8b3803f34babd3e61;0;0.000000
0x33ae856c155b3299e3ab8d4d1fbd6a0b2aee8d6b;7558139;7.558139
0x33bd8d5a4f40285df90694ccb29d6f5859c3977e;0;0.000000
0x33cdd848507e7dd2224753124c935d300ce37721;75356;0.075356
0x33e321c36c9f804203e17ff74ff8e9e3a41bf912;0;0.000000
0x33e921d9ee1821e174a4f9d786dc067fee0b6275;82146;0.082146
0x34327028c727613872cd80122b9a489a4b9c0bfa;0;0.000000
0x344115ac238010b1f2cf89f3b626730d7909536b;0;0.000000
0x344290fc20681b35d5b8f32c6d155fd45eaecd64;0;0.000000
0x345183a7f823bfe41ba7a52bc04265e264a6ddd9;0;0.000000
0x34629be754cd69458188bae152613e63c7acc9df;1833854;1.833854
0x346ba2427337264f5fa8305a281ee7481a18f427;0;0.000000
0x349a27b247016b4cce4f5ab7b89689f6ed9958f5;0;0.000000
0x34ab6cc693ed5f706ecece5f8074edff3ed58bcf;0;0.000000
0x34cff92d6bf2d893b8a1328f405377fe32d1d881;0;0.000000
0x34f6ea796d06870db4dd5775d9e665539bc6bba0;0;0.000000
0x352245dd57423a176e582174e2ca76b1a3229502;0;0.000000
0x352c6e54d1203bd291f41b4c06c4cbba5b20a08a;149275;0.149275
0x3530bbfde08a331c1ed798630876b56d04df9bc1;0;0.000000
0x355dbc749110163148c864938ff653a3c009ac2a;115204;0.115204
0x357ae2fea8aeac0f55dea43fe70ce15f4af06c64;0;0.000000
0x357d37db035fcf241575d13f98c3a6c4c706ca5c;117493;0.117493
0x358a977754b0a8be90c5260df549b309db5bba58;0;0.000000
0x35a4daaad6ed7801d7cae378989889e6aac477c4;0;0.000000
0x35b8a4be780535f905aef3ae217519b81f598b4c;0;0.000000
0x35bf43bab0760d387966b4cffc742c6ea13e9aeb;0;0.000000
0x35c0c5b748270f36df0b106bc6f0d09124c92623;0;0.000000
0x35d79143330311398897d12e757e514414a88f0e;3102334;3.102334
0x3662b00cf8b66fd4714da3cdae29ada652d75630;0;0.000000
0x36c3b55ce7372f5136c606dd5da66f75c1365734;0;0.000000
0x36c7b7f5a4896684fad6fc71e08746952a369405;157073;0.157073
0x37558979b0b4f7941c57be476983c564c82be96b;0;0.000000
0x37c08b8935a51e236f030fd9be48363cc2fa4321;0;0.000000
0x37cf51ce4beb935c51fd365a40396f6c0446846e;0;0.000000
0x37d44f1cdc80596202bf9560eb59f644332c7497;0;0.000000
0x3846e7a1a5dea3f43104ed89ff0e6ffd1cc74b6e;0;0.000000
0x3889e903ac79adf0e9c0a75be64852d8bc1fe92c;5304;0.005304
0x38aecf05ca8aff33ff472542f87065bfa7d04e9b;0;0.000000
0x38b5bce574236dd97354924bea4340c8f4279d73;0;0.000000
0x38eb9929b0e7a8d1a27fc3e12166327b666f4138;373524;0.373524
0x39041f1b366fe33f9a5a79de5120f2aee2577ebc;24444;0.024444
0x39282d686c819ed8b5262bca5184132f9d9895ca;81919;0.081919
0x3955cd92311c6504768c214dbb178d93992f0439;757442;0.757442
0x395fc9a7b8b2371721aaceba07cf7ae23f55ba14;77129;0.077129
0x39715edf5cab14caac352346f185551c66a36efa;777179;0.777179
0x397d07d738f7efe89474eafd9468341ec44c005f;0;0.000000
0x39b3f18e0e71e6962161a6cd55d2f6152c30b18c;0;0.000000
0x39de56518e136d472ef9645e7d6e1f7c6c8ed37b;3027852652;3027.852652
0x3a15cac48a2fd24f5c480e2d0a97d388ac418c02;0;0.000000
0x3a23f943181408eac424116af7b7790c94cb97a5;0;0.000000
0x3a33c49717d265251ef1039b863404e4a0755647;0;0.000000
0x3a39899dc78b7307acd83f51463c853fa79e1b09;7629331;7.629331
0x3a3e1c8bfbd6616a9819b4591f297d1a431628f3;0;0.000000
0x3a48d334363e1f6fd61be34f5c11e46169f61f2c;0;0.000000
0x3a5ff107f4a0159c29bb1397951f3a9268414d37;0;0.000000
0x3a7b94990521fa16037403328adcad2ef5f71e79;0;0.000000
0x3a9dc0b33ab3b6e6ce1ead61909f59acd7682036;0;0.000000
0x3a9f6c7b6c6cd3a7f8a7b68ee8e37a9b11c47f28;0;0.000000
0x3ae524d3d330130ab22c3719ca913a3d4a8de504;0;0.000000
0x3afeefe5fc2c139a3ada00c78e93c75e0e2e4f93;130990;0.130990
0x3b1594b3baa8e6602b2bb21c7875df15e0298dda;0;0.000000
0x3b2c439a9997d0f06443f4ba44a3e4959c8854a8;372696;0.372696
0x3b79035a5d6ccd565abbe24732c8c4843da78b26;0;0.000000
0x3b8dfe237895f737271371f339eecbd66face43e;78032;0.078032
0x3b99636439fba6314c0f52d35fed2ff442191407;0;0.000000
0x3ba56bd2ddf751c6d1929e9f499a1718d424811f;0;0.000000
0x3bd58ccee4325ffc37838c2c76b0381e47e0111f;0;0.000000
0x3c055a2fae0f259e67b1085b280ef913888c9de4;0;0.000000
0x3c1677e45c187f1426562c0be13749acc5374319;0;0.000000
0x3c173f1baf9f97bf244796c0179952a6a2e9c248;0;0.000000
0x3c5aac016ef2f178e8699d6208796a2d67557fe2;0;0.000000
0x3c7bc2bf27e0a91ecd97dba1325af61e4cf47efd;0;0.000000
0x3c930ce6baeecae5d69a6fb05d554219e0fc645b;82196;0.082196
0x3cd789516fb5018770ae4e96b0e2ba4cbdd0911c;0;0.000000
0x3d3a32f9c980a9187ab451c962756e6e5e344630;0;0.000000
0x3d6991085ab1ae3926cb96f25684c40a364b6856;0;0.000000
0x3d7280047ff3c3937414f29debc7ae203240c22d;0;0.000000
0x3d72be763acf12e98c8972c0aba1335bf9455ed5;0;0.000000
0x3d7a8b323aa8c6d2874bbb77cd7cff0f4acd3082;0;0.000000
0x3da2b5a4838ea10b9870a65a1571da989a519079;0;0.000000
0x3dede9936d1eb27b7e10ba20d3a26f9ce8c68281;0;0.000000
0x3e0ba5686a4e394af3c7debac6b232cf6d623a70;0;0.000000
0x3e2e0255c42001c386c2d98c958504d036b81147;836856;0.836856
0x3e5d788fd8bec4f85bac9881d8136e04f2d653d2;0;0.000000
0x3e7b8d12d4de6cb284a7d60bf92b462d2a6d6a2f;0;0.000000
0x3e7d81b7b1fae155201d1a2a6f73b66c97dede76;0;0.000000
0x3e8e5443bb9bd4504468194461902d101766ffe1;18417576;18.417576
0x3ea96f7d5a1d207e33f4e55a45e5eb82e941fe96;0;0.000000
0x3eab64866128800247f82a2fa1bff3b5a44f15e3;0;0.000000
0x3eb83bf50f2109c152a7cbf0beb303cc0248a9c5;78401;0.078401
0x3ec783b1c10d39f1653c20c821e0ed810eaf6a2e;0;0.000000
0x3edb7d5b494ccb9bb84d11ca25f320af2bb15f40;0;0.000000
0x3f73ccb6be932bd607393de5328088dd4f6b6746;3734717;3.734717
0x3f888f4e16a08c6b3745ddbade98e24569852fa4;0;0.000000
0x3f9a9caf2e39f3ee6788f708617d06ca07194faa;0;0.000000
0x3fa042fbf6385e01ac21c6089895f477d091375f;0;0.000000
0x3ff14a8af2e8f230cafc5999eaf40a7eb5528f46;18599621;18.599621
0x40024c88bc41279337db08a4e9b4c7b01e497e0a;302782;0.302782
0x402885b54b4764948bd5ec9e66bf53a9aa569be7;0;0.000000
0x402a61e972707213e83448fea274f3540178da3d;297658;0.297658
0x405042ef31a1dbf6f12de8052213351db156a5ef;0;0.000000
0x40fd7b406701e407c85688636318f6315cbc84b3;164792;0.164792
0x41137699199a4e8ab4d9affe07aaaae5d8b539c2;0;0.000000
0x412730e3c55488aaa8d5f30b05aad146d9485fee;7921361;7.921361
0x4129c177f7dc3d18003abe251fa4ae2452e2cfe1;0;0.000000
0x415669455d93b755efe7f20ef6f1dbdce7f68f7d;0;0.000000
0x41a6ac7f4e4dbffeb934f95f1db58b68c76dc4df;0;0.000000
0x41b568da1804e2cdd81a0600e6770d81b6669e29;732396;0.732396
0x41e16b3d6415c0f8889fa38de5c21e6384710f73;0;0.000000
0x41ec28eceb137789032b2b505a57c1da829934cd;149354;0.149354
0x41ec34df925bdb08110732f23d7434e2d2dbb915;0;0.000000
0x421b0d8cce6f38fc8c4344a29e643da6cb85e4ef;75249;0.075249
0x4221ee1d17ec6faceccaa0803abbfc2512848c8d;149397;0.149397
0x4231be547904b34fb104b10da28f60a413094bdb;77494;0.077494
0x424e5af4a2fb8933f1d31cc5b00b105049a9a09d;0;0.000000
0x425559619e91b1dce00c0eccdcdb43d88d71059b;0;0.000000
0x42657c74d0fc99baf2b313cfa245a1c8e4ce1afb;187;0.000187
0x4292983c4061451da4ff389a6a38dee66bb61fb6;771374;0.771374
0x42a5a7143d4b4c1db8efe7278ab4e06e29470ae7;0;0.000000
0x42eeb8e6fe1c6e6ca3a58863d136bdd94d21afad;0;0.000000
0x4319621855a68af66e6df811bbc38d3bc747d568;0;0.000000
0x434ea185508d3d2e06e6326328f68472028ab062;0;0.000000
0x43570d02cead9c6c8770d18494e9e3ff347f0df0;686281342;686.281342
0x4370b104c44c5f7d66ffd9d59daca5e5c7396557;367226;0.367226
0x43882a4049e26179942006baba5d41af70e05e9c;0;0.000000
0x43a8363929e2b3dea05c3c117e9c49aa7fe28745;408457;0.408457
0x4403b424ea406b9fbb8bf1169e8447f658cd776b;0;0.000000
0x4408e04e4d8aeb7edbc0bc0ae66028762fdf29e5;0;0.000000
0x446c4af07cfec258015e11651331120423ae9e78;0;0.000000
0x452eef5b538e3fed4fca31326678a0a51e0e335d;0;0.000000
0x4533e03d983fae04741131c5f7cb35f1b32a1acd;0;0.000000
0x453b613d2aa06c344470c3ac042088e6dce590e4;797197;0.797197
0x4576a0ba4040cc3c5a235de4406beacebd5b1f10;0;0.000000
0x460803e4bbb48647ddeaadcfc3698f23060c3106;0;0.000000
0x46086deaeaacc53e53c623d2113d9f965dc215bb;85863;0.085863
0x461e9fc1585c958fd4a748fd8afc807bc4d90c60;0;0.000000
0x464c5e7ec3489a85a1ee8246195d718e26bf2865;815506;0.815506
0x466307f3acea18126560e2453b391a61f74252b5;0;0.000000
0x467a65d9720f7a462d6f0e45f76ed26b2cba1961;831664;0.831664
0x46aaf7c9cde1c76d910fd7720458e217aeb09c98;0;0.000000
0x46c02c0c16cdfb2b1da16f42dab23860096cd63f;373039;0.373039
0x46d02f3e285dcb57359b0f1cfb7b5b069fc7c3a8;0;0.000000
0x46de309fdc62484cd9f061e46b4d1489065c6e38;0;0.000000
0x4713c27883248f388a451982b8e9e4c970f515b5;0;0.000000
0x481e0c2a0c89369607f0e1eeeb7d114815574967;0;0.000000
0x4830c4ba5f446ce87c144ef92b5f68df9cb77100;0;0.000000
0x484de6813ed85da863c5735ba710c2b971fcbc88;7630245;7.630245
0x48b5b27512435553f87c46e36ee312867d5ebfa3;0;0.000000
0x48cd090c9e8a9954b0955c8b87754031d90c4955;0;0.000000
0x48d02c421df013708f5e5a9ccb28182efc4a9de4;77014;0.077014
0x48f15be32e417ef481fe4e6826dd90914408a1be;0;0.000000
0x490132355cb7a7273238e6fe87a0cc31751e816e;74686;0.074686
0x4908579e6e15881f37846524365ccdb09d9760d3;0;0.000000
0x49437f9e3b59a1c7d3b6d66b7caf01d7af52d02c;0;0.000000
0x494c68311042a3bd66c40d58e9913ba0480f514a;0;0.000000
0x4966c5e5c1f55e0f2cc06e14e148b67bc3be1dc3;0;0.000000
0x49ef092fb6bbeadb8217827b036b3affd6f03f1f;145381454;145.381454
0x4a03c2a9f3a11b1fc154c8bc9b825e0ff503b028;81091;0.081091
0x4a0904e50d759a9d70db078a2249ce638caeaa2e;0;0.000000
0x4a15b527475977d9b0cb3fcfe825d6aa7428fafc;0;0.000000
0x4a2129c4ea800718a78bd5940051642246fe33b2;0;0.000000
0x4a3f0cf3ba6089ec92a6d22b9b7c0eea1b7b0f37;0;0.000000
0x4a4c0ba1a4cf50d6ca2854b85c688ee0ab034ea1;8082603;8.082603
0x4a72d75138b0aa90e80af47fc1854748633ec1ea;0;0.000000
0x4a93c3c014da94070df96352d3e6795e0b682022;7636257;7.636257
0x4ad8c6d982ea20c6b105c480c866fef79dde36db;0;0.000000
0x4b0e1bcfbf5a6045b0ccbcc795a35c00c9ddabc9;0;0.000000
0x4b1a5f1f92c852dca40ab1aaa1b74e7bee7c0eef;0;0.000000
0x4b65586a32d6f70f510bb2c9d31dfafc10c28246;7292478;7.292478
0x4b67284e5d2be6f98c0a773260e3fa046dd23b22;39;0.000039
0x4bb3689f604b282428f434a8f30ff90ea7d353ba;0;0.000000
0x4bc164dd01d83bf1469de86c3562133e9d8f02d9;0;0.000000
0x4bea4a6e9f877242f174003b00725f857db520ff;74687;0.074687
0x4c06cf980d7e09f111acb7fb728487e9f7553d1a;0;0.000000
0x4c2073675883e3644b5b7ebc7c920128700fe9c4;1735976;1.735976
0x4c2849336824bdc58fc3f024b563351bfead54b7;40561;0.040561
0x4c764ed0cf2ad12c105d9e2d6de0b4320a9de3cb;0;0.000000
0x4c8438b7918be55d5f401ee94e4f310bc65655ea;0;0.000000
0x4c8cf639f184ef7789d87c4e9993d71cf3e37f9a;0;0.000000
0x4caa02e0a0db025af25de5b4fda68a00427ba307;0;0.000000
0x4cf100cce352029e726185980e4611de835d6c7b;0;0.000000
0x4d1e9c6a4294b49debf8c62cab911536081b71b8;0;0.000000
0x4d2f4ce24a5dc999ce6300a8528029992145059b;0;0.000000
0x4d4ca0b7dcc0f4bf6224eaabfafb48bf9adb0355;0;0.000000
0x4d76484d9c1589d5a0958f25b9fedcb822900ba6;0;0.000000
0x4d85ba8c3918359c78ed09581e5bc7578ba932ba;39790;0.039790
0x4d9bf58c49365846f0fce115e0069a65a3c35ec9;0;0.000000
0x4d9e63d89d32dae780d5790330d34eb80a70ef49;149273;0.149273
0x4db024248c5f97e4dd9ffd7d4a8d1f6fbc3652bb;0;0.000000
0x4ddc8ac66cb49c6803c0eecc56c4dafcc2f196b2;0;0.000000
0x4e57e6eef6e19ea3fb24cb5e77430f3c6218ea7d;0;0.000000
0x4e8d6991adf3da0d0d793ce361ce672a8618344e;0;0.000000
0x4ebecec91cc1338b8d46caa33f4eed5d443bb99f;0;0.000000
0x4efe127e2975cf2703d74261298c72b6193a8270;0;0.000000
0x4efe2304c67324c772b733610ae76e2079e18075;0;0.000000
0x4f2250f76b3d1fdca2b42b305ab37260c6fbe520;42287;0.042287
0x4f82e73edb06d29ff62c91ec8f5ff06571bdeb29;38599;0.038599
0x4f8d701f8e0d4fe568c1fd296e0a665a633b3f74;0;0.000000
0x4f8efb4cc83a83e908029db0a4c782b651a3bb83;0;0.000000
0x4fd4d313f8aa7601c0d059f9fc964cdb766ed61a;33656112;33.656112
0x501400d829e576a23493d7ec380d223c2912bce4;0;0.000000
0x501fe5232db4ad196a427a11275927a6e122681b;0;0.000000
0x50352eae1bec8b25e7c47d55deeaf50610c10f30;0;0.000000
0x504b096fc7ecee7cc235bd6fa5548208a8cc86c6;0;0.000000
0x506e211e2597e7697309a532cb6227a0b559032b;74687;0.074687
0x5075f4842af754ae140eb66fd3adfe741b689078;1103789;1.103789
0x50dba6df01bc08b6b665c5925c7e614c8f311701;149358;0.149358
0x50ee92281d92615ac1a44869b48d87eb3d95d2f4;146430745;146.430745
0x51080797994171fb43be0a034e1aa8c2c3a73c66;0;0.000000
0x513bb2a1d6fd2009a708be45759eda01dc607f12;1268084;1.268084
0x5146b43ae9fd7c28ae40c79f321465a069ea4263;0;0.000000
0x514b37ef4018a25a516c3b543312d99a4c602ee1;0;0.000000
0x514ebea728f377563f66828300f27d36c81d8be0;0;0.000000
0x516649dbd606a980e767bdedbcd882d91c859c9c;0;0.000000
0x517466955bc3f9194df6028796ade8b8d6c36204;230728989;230.728989
0x51ba05662a3b00731d451014540049b08a4e9ea5;0;0.000000
0x51f059c07e03d330b007b48630a857e582be8236;0;0.000000
0x51f7d9398dbecb221cbe6ffc67fab3cf2efd540e;0;0.000000
0x51f9fae0199f65445c9c3d2429c1a5672ce5b226;0;0.000000
0x5215461770809a456de83d5e7bb6c4d7e0134a8b;4234386645;4234.386645
0x52190def1a6edf7852c73fa05a5e08578c486f7f;1526;0.001526
0x524abcdcdc0028f593a1c0fe2294a64fc2299849;19160546;19.160546
0x52621685cdd99bbda9250e50c6488bd3694a078a;0;0.000000
0x52736cdac9358028c20d715d9c2eaaaa440214b7;0;0.000000
0x52c7e3a333dfdcd5fcab4b53ef87262ae60b0467;0;0.000000
0x530af70b57aa515c3746e140f2280c8971386e37;0;0.000000
0x532ac6fa94797eb90745f4b140d05be1a9efee15;0;0.000000
0x53353cc9ca9e80c0c5b347a8080435cb5e82a158;0;0.000000
0x537a6066ca2019698db16646b52394d6d8a0c216;0;0.000000
0x537cfb1b748fc2a30c9595932a00393b314f8433;0;0.000000
0x53e02d9a84cc33f70772d78dd942903fa4291e46;742899307;742.899307
0x544a40955ba1c7e56e161a59e1319e3313c25251;0;0.000000
0x54aaa6bc9b6f3d3b364c55e0c967e0c8bbc044c3;1090919114;1090.919114
0x54b9586a1f5e9352417f96beb5dcb3daac92f624;0;0.000000
0x5526b05219cec263d41289d217fb87f7fdafbd96;0;0.000000
0x552d109f4a5640e2c9124ddd3205d23859d284de;448027;0.448027
0x5549a2052cab3dedd1bf0deb55bc8c755a637161;0;0.000000
0x559a3d311ca2dbeb15f378005471a6de38791bd6;0;0.000000
0x559c027192f28c0aa3f9f531324c7dadfacead82;64624994;64.624994
0x55dd18cc56d77e8ddca31a3599b7f8760be342f1;0;0.000000
0x55f02c1dbe7790c6c0796475d3411b0ad84bd7e4;0;0.000000
0x55f2945544c6a160067d2abbd0323527ffcf3813;0;0.000000
0x564b3750e88baf9cf1aaa72e7c9463434324a22a;760184;0.760184
0x567feb660e056aec8d62f197314014120c455af9;0;0.000000
0x56889e0572fb9d9d038aa7007cad0e89e2923b9d;0;0.000000
0x569fa8c1e62feab5b93a6252ddb8c0fd29423c50;0;0.000000
0x56a07f2babfe70e9344fffc72091de8bd58a3c09;0;0.000000
0x56a1968eb0edd2fcb516564facdf2b1f20565edd;755285;0.755285
0x56e646f5eed8c5e47d7f0603065364174b5d3c50;0;0.000000
0x56f2c4cb8518d0a4ec749593df574f7597a36140;0;0.000000
0x5719fb6af1ce234be32c08dad0bcda3ad11461c7;595082;0.595082
0x57664dbc37702885c4ce90470256cad3397b0b50;19600646;19.600646
0x5772100d9f740c66ac66cadda777a8afe870d1d8;0;0.000000
0x577be3ed9a71e1c355f519bbdf5f09ba2018b1cc;0;0.000000
0x579b7e00d630af04257c63b4b131ec0c4cbf7760;0;0.000000
0x57af4249e57837df95644ff89738235d5a259f83;0;0.000000
0x57ef2b98306d2c98f2fcebbdd05090c75982af72;0;0.000000
0x57fd1260b14914e8e9dd468b6e2130eca353f749;19224;0.019224
0x582b4d38ee61f8d42b348c9d65871004571ae8a5;0;0.000000
0x58604e6228cef466bbc553e840c09b0fb80f0785;0;0.000000
0x58663acb260eaa3c2c9813609fcd873db63aca23;0;0.000000
0x587b496c171fee4e3bc75e2b9e225449bca5bbe2;0;0.000000
0x58862abb727d61bc8e8e1151a4aeb07adec92741;0;0.000000
0x5955ccaefff5304915eaf99d5c5312e15c1bf667;0;0.000000
0x5957145fab56dfe5af988a4f55eda4b205922c1d;0;0.000000
0x599b29809bc7c401a19c09a3f90daa2ede14bba0;0;0.000000
0x59fe42af041a240ecc7fd2d6e72b3ad6c08711c0;0;0.000000
0x5a4fe7459620692b4b2f67e6eb8828006a5d2de6;0;0.000000
0x5a8b6b2d397de6bfa3f1a50d334702220cafbd21;472444;0.472444
0x5a8f0e61b503d958d0c9996268b373555295402d;0;0.000000
0x5aac153c1d3552bd81590f5de5102c4a1a3a08ed;0;0.000000
0x5b06c2006d5508f3d685ae21f6ba7225dadedacb;0;0.000000
0x5b0fa49b274a49c8c8d82fd44745020fe6f13ef1;0;0.000000
0x5b3067c5e26fec823d6fbf8f315e43632658d2f6;0;0.000000
0x5b68f545836991354dd6408d28bde37584bc69eb;0;0.000000
0x5b6c4987aa924b312419d754c4b0a3ea6edac7ab;0;0.000000
0x5baa3012f9a96a1e032116a9a27c015911d0d935;0;0.000000
0x5be66f4095f89bd18abe4ae9d2acd5021ec433bc;0;0.000000
0x5bf1b05e03678164ad5156647dc2a80a05ca4b77;0;0.000000
0x5bfaad4a04ab0fab6d206c9ea1144da886d31f9a;0;0.000000
0x5c33ae7fc379c092e45ec2e4f8498aff024f7f15;747058;0.747058
0x5c4d6626440448ca778ae2c94908c02592149cf8;72594863;72.594863
0x5c64816e57c231907f3b3bd124c31fc5177f3718;0;0.000000
0x5c97187261df4cbec2667053b313332d44ae23dd;0;0.000000
0x5cc270b227dc0b892e2b630c7fa9405ebaf2b4ae;0;0.000000
0x5ce150a7b27459abcac27cf87e95cbe2c9a12fc4;0;0.000000
0x5d263197c2a37827eb41dadbab06bd901168ffa6;0;0.000000
0x5d59e145f6f0bf51151083f44ef60f691391f1cd;0;0.000000
0x5d657b623da77f9f24a13ae2c0d81cb85b131c9c;890635;0.890635
0x5d960a8f6f26db4a667a5b1ba7ad37d43a87e31c;0;0.000000
0x5da260f5b7771eeefeee45b78f2f96ac3a9d8642;0;0.000000
0x5db60d88755ebb70d05073d6b41f0f8d0122823a;0;0.000000
0x5e194bdf79fa0c07c82c18ad34827d1361b5768c;0;0.000000
0x5e2ac326365bebb490e5fdccde3b0dab35e2abe1;0;0.000000
0x5e552e0a1f107b225116b525f0fbfe887d332068;0;0.000000
0x5e97ce47d92afcaba6e0d5a113ec8f7309666cc7;0;0.000000
0x5e9ff1d1f2017fc69b5e3accb0d47fc504093973;211713;0.211713
0x5ea86f78866cfb1a75096367bd20568e6dc89e93;0;0.000000
0x5edcbc20cac67adc2e724d4348ff85132b085b82;7456;0.007456
0x5ef24c043d558df8de81eef19fc6c9cfbe2ceff5;0;0.000000
0x5f1913144ad0da8fd5230637463e6874c1d80e25;758939;0.758939
0x5f193e139fa2c4a57044f331863f64eb5a797af2;75424;0.075424
0x5f55f82ff1c5d7927d6784bd7fc7dc496b1712ad;0;0.000000
0x5f57ec03370cd600294b77025020c464daf31640;0;0.000000
0x5f609d5d25b0ca2d1287761b568f9a185b6629a8;0;0.000000
0x5f67b2cc3975b724532e4b465e945666ad3ed6d3;0;0.000000
0x5f6e47304d6771175afb41bbf3f0bed6d8013b7d;795682;0.795682
0x5f83f5950e2389d2f4c5cf32c7e3df39447dc60e;0;0.000000
0x5f96fea67bf519c8b3ec3517cbc251297580837a;3426045;3.426045
0x5faa2de3efaa530db1061c904431ff47d00866a3;0;0.000000
0x5fe9c1dc216eb6f92e2a6f6c8f8138013ebc5755;1867628;1.867628
0x60583f22ada7b1352bb2faf694b3eaaf942696dd;0;0.000000
0x60c4dbc9af47dd95670f64f9c1fddedeeaf62474;0;0.000000
0x60c809705e045572ffe3c44badd4d680165960fa;0;0.000000
0x60d768c06bca540c8299e503efb2a5aba68d6e61;407749;0.407749
0x60e627cf30dbb07451ba6ac9e590a0a495748710;149369;0.149369
0x615d54d75193c93f28166adcf7b615d5d47b4dbe;0;0.000000
0x61925a8f9feb020ca4895510e5c545a44885cd5f;0;0.000000
0x61b91b94660a624757a079b0969b1994a28e0720;284654;0.284654
0x61c41492c69dd33a44e9e4861399736e53dbd4df;0;0.000000
0x61f3452194de23c765560415894f0249560ecbdd;82141;0.082141
0x6207cfb086d18d5e4972a79934d25c0958ae3359;0;0.000000
0x62674e024efaf75c437236d3512360c89e443389;0;0.000000
0x627a85a348c81ec70ed9715e9561eeec3011b93c;0;0.000000
0x627d8c893d7839bcaf407e93afbf8bc46774a432;0;0.000000
0x6289071a919d25e5ae90754e851e6f8507108245;0;0.000000
0x62a4a8f9f5f3aae9ee9cee780285a0d501c12d09;2274736;2.274736
0x62c7db69210cb72fe1f8966c87131e9c0abf7ce7;141912;0.141912
0x6322f09926406e7f117ba488c094720e1c4cd089;0;0.000000
0x63242a4ea82847b20e506b63b0e2e2eff0cc6cb0;0;0.000000
0x6344a022d033efea17ea537d2c515aa3e4cdfb23;0;0.000000
0x635a0c839c184f2c2420630f0828db1f0a72cbc6;10030;0.010030
0x635e5db0bb94fd11754bef53e9c7fb38f086f5a7;9844575;9.844575
0x63b41621562a0dda3bf4521b3b14582cda18c62f;0;0.000000
0x63de5b86b9ea4ac07d82751dda2cd8bc8e10bad0;0;0.000000
0x64362046cb1419a89ac39e20eeb64945298ea85d;0;0.000000
0x64393f214c4c582c07347ddb6e3a64a1f39cda6f;223980;0.223980
0x64458b037d1597ee8be302684033e335816c7f6f;14211991;14.211991
0x6446092a04e7f7bcda5a3440455079343afc2937;0;0.000000
0x6454b32dcdd517eaa81a7fcf6a1905e750709e38;82217;0.082217
0x6456d7fb53ff0272cb612be5c57fe4fec32a1012;0;0.000000
0x645f0604ac241c2431865d4ed842edaa8729292b;75939;0.075939
0x64871942a61198047f19fab3642a2124094dfcb5;898966;0.898966
0x6495decdda0d5e7711b0dc2febf83c6c763dd7f1;0;0.000000
0x64e2135a0b383e7cf8603cf11ad6a9bfc464385a;84360355;84.360355
0x6508e3236423adb6c3e13285957431865e4108c2;610364;0.610364
0x6512cc5ec5643d92f1b6a32e5756130143f438f5;0;0.000000
0x651556576d92f62f5d0d2a0b91d7ccfd0d923498;0;0.000000
0x65378b0d59e2fb8f33eaa47eeddc6019bbf8f39d;0;0.000000
0x654e8f7fe107b8d6ff5352cd456691b29c8d6811;0;0.000000
0x655301eb3992fa35ff6fec91567240310a9756a6;0;0.000000
0x65cec720ac2ee4e2a3ded3f6617332b373bccf27;0;0.000000
0x65da0970b9a0153db222056b50a84a46d8cf40b5;0;0.000000
0x65e0f8fad7072d57c2ea643f90ecb5a960b457ad;0;0.000000
0x65e1640c7400a0662041d943ea9566f3b26f8241;0;0.000000
0x65e67b5835e1a6d700fec8562a3fc95bf07e931e;75332;0.075332
0x663862d6f4c84088b77ff6a38a6e2d7b37411d2f;0;0.000000
0x663e56f5bf16872ac842ab4e24830eec22de7305;0;0.000000
0x6648b5554632ed5d6ec27ec6737e98a0a3dbbc94;911952335;911.952335
0x664fe2accb8096bd612639eb1e05a81121a9ea9a;0;0.000000
0x665a5060053dc2d98fac74389285e423265919f0;23621;0.023621
0x66af6f0b5ee671d26ea8fbda435f333a8080f6d2;8106698;8.106698
0x66be1da4e559fb6032be5e4d56fd7905e94cb7b0;0;0.000000
0x66e359ec96093235f41c9bb4dca96a8fed872402;0;0.000000
0x66f80a55ffd549309a5352202bdd11b96c72d6ed;151117;0.151117
0x673a25b2871c1c1560e8aae8faf84b60b70e4940;0;0.000000
0x676c4f2c77f2ed2cf046f92747af654a1b40aabe;0;0.000000
0x6794471ebc084a4ca462c506afeabb93d9657c25;0;0.000000
0x67c990ca1c79faa6c59d40dc7f705e8129ac9f30;10;0.000010
0x680481c7b683c3d7f3e255dbae1c396044f70eb5;0;0.000000
0x680c1d7105040a7d8a9c5678ac025d826b2c39c0;243976;0.243976
0x683f511df0bdbb80347c4e04e1cc0195c288eb0c;0;0.000000
0x685129f2c8dfe96ea1bf0be3e56ff984fbe81224;28344044;28.344044
0x689a91f0668149f2e0588ba5e33ef43cea11d856;0;0.000000
0x6925fd3479bd83e62f025176a626a72ba2839edb;0;0.000000
0x6967c1bbacce1eb79f92db11b28169c6bb635ed6;0;0.000000
0x698f14141ad6380f4cac337b2585a479cc0d2d94;760;0.000760
0x6998fe700015f04fb192f46ec1dcb59320334f4b;0;0.000000
0x69aea131aa2c758e65affb07adac06a9d42d42ff;82109;0.082109
0x69afc5ce15d954ea37c76ecfb92a87c5cd5bcc05;0;0.000000
0x69b235c1c3f16f828b2394193a7abea79ee40c07;0;0.000000
0x69e3c891450161b7bf27f181ee85e7bae69e5b07;0;0.000000
0x6a26fe32cbc9c782fcfd33b5a5998d0631927a1d;0;0.000000
0x6a35842b7aec249d63d436a462e0f9fc2a89f906;3760411;3.760411
0x6a45de91b516c17cacec184506d719947613465e;0;0.000000
0x6abf790d3b4a80ebfce25dccbfa07f6f8e5cab1a;0;0.000000
0x6ac54906d7eae6bec5c7fbd26988de4bebd621a7;0;0.000000
0x6aca3ff9f34498d4d9d34fb5ad203c441069735e;75445;0.075445
0x6adad84fb10addfa588b1fdf078067fde800c699;0;0.000000
0x6ae56cc7f2a489e94093b35b46f190ea5ecf327d;729525;0.729525
0x6b145300d4e4912f4cc6866268d7e169b0ad8e2a;81135;0.081135
0x6b2966204885f05f950e20b6162773496adc9c7b;2282520245;2282.520245
0x6b745f51d57b80abd9ce729ec2e918303a5b737b;2840861696;2840.861696
0x6b8b01df86bfaaf79dda038009fc5597425ad0cf;3872;0.003872
0x6bb4b413ecbf425a4ab829aaeea544a990131646;149272;0.149272
0x6bbf2cd79890f2ac5a6e598a75d782aa5b7f759c;0;0.000000
0x6bd4e0a50d0206be420fce0667d178328af874bb;149564;0.149564
0x6bfe1830046d92877bb11229cede23e8590dc2c4;0;0.000000
0x6c0bec2c64fee581d1f31d33d329f21a5223c378;0;0.000000
0x6c235cccb782f37e0a4ff3df46b609539f893ea8;801182;0.801182
0x6c3858d9acd9e324f49e515127af8051a2fbba60;1528694;1.528694
0x6c3f1f34ced16638db14c30fba69506d62031e7e;0;0.000000
0x6c76edcd9b067f6867aea819b0b4103ff93779fd;0;0.000000
0x6cb94b8b9108f5c277f5af7ba9243305b9f995e4;0;0.000000
0x6cc19692eabf3dae59e3eeea81dcb9340f159506;0;0.000000
0x6d3fd1f49626e40a83fe6ff92e4d267a10e62b8c;0;0.000000
0x6d7467a40c94261471f0ecf84f0d7c793b0f0f98;742887;0.742887
0x6d9eb6c99445ac37411765be615ba4c6d63d7000;149374;0.149374
0x6dad2932bfa780573156d8741dd8b1b885b2fc8a;0;0.000000
0x6e4141d33021b52c91c28608403db4a0ffb50ec6;0;0.000000
0x6e81417b312917305d12f76fa3b6bd66ffaa75e7;0;0.000000
0x6e91901fc72389ade05fb539fab340ce60abaefd;10205610;10.205610
0x6ec43d72138e143b3f869c21c4b59bf81d2ce6dc;0;0.000000
0x6f5111029d5b88280124c4140fdcbbb0473ac0cd;0;0.000000
0x6f69286d7c51de0f0cf5f3c03c8ca3eda8a322f9;75645;0.075645
0x6f8e99986493e5faaac50f4341e047c0276f727f;746026;0.746026
0x6fb66dc3c84f32cc3f872a55c6a8ba91c405f0f3;0;0.000000
0x6fb737d1ebb73cda6cfa36fd16d9273065d1b084;0;0.000000
0x6fc54c941604608b7e1702e198e767a76ebb4302;33;0.000033
0x6fcf84ed928985db6084cb993a7d0f764987dceb;0;0.000000
0x6fdb03ec52932c0bbb48f1367c7739480e78b785;0;0.000000
0x700fc8a184ae0cfca9044065d1cb13d3e32d018c;0;0.000000
0x706450ad6d263650832b369c737a142a92c3a41d;13702396;13.702396
0x707fe86af329fa4b173cbad8426c77ef68964a21;751404;0.751404
0x709ffd99e60a32182f25263bea9ca95d67a1b94f;192464;0.192464
0x70a955ad98b3515105619c729f3b35602e5da165;0;0.000000
0x70af97c4fd8e762e09aed0ef9c54c723ae3f6ca5;78400;0.078400
0x70b02434b32aa0da5e3d12009023bea44a6bd73c;770338;0.770338
0x70b3eb071b028c6eb95ef9643a6ecd3eaa823a10;82165;0.082165
0x70c2829361a83b7a0e38cb51db4015c32f44d890;0;0.000000
0x70d4bb4c49093085874ff173a30818a7970206a4;756;0.000756
0x70d7ab475e468b324bf4aa18906e54222104993f;0;0.000000
0x70ddf043d521aaea0ed98f39eac0183fdc9e3640;0;0.000000
0x70de66d675e79f62d6884245c4399a80eed142cc;0;0.000000
0x7125cf479508bd6a35cf0a737b13758e65eb63aa;0;0.000000
0x71742cc139223c3ad78a5f63d518f3c792a3f4c6;10507521;10.507521
0x719bac3ace4293bb14ab7d4d3c9031858c671bda;66880444;66.880444
0x71dfed73231dc7374f5d2034f4f690c8f111164d;0;0.000000
0x7229834031aba4ce2c80fd3e52eee9ea0563fb1d;0;0.000000
0x7240bfc8bcb39ddd0f0b96234f1c519a4b1ee1b9;0;0.000000
0x725b173519530f94bf77455b596acb54d007bc26;0;0.000000
0x7263270673c3b6c9d62154e6f3f70b2caa619db6;0;0.000000
0x72718b587bb239d5c8ce1278412768c414e44113;0;0.000000
0x72f4e8b893527e3884bb4ac5a28d5fc65172ec4a;0;0.000000
0x72fc4eb059a1d3ffa85fe897d9c4ce004a306c2a;0;0.000000
0x730e48b75ceac21679d77adc3f5e2344f453532e;0;0.000000
0x735dd9dd1fee6454ec033dac876c50870c44768a;69106353;69.106353
0x741d05960b0461574a16bc253e0ba037aa85df4b;0;0.000000
0x742b278560f91c762ad1f0580b37ec3c91592099;0;0.000000
0x746bb09b8376b201e2f187e301a3c8811f75b65d;420120;0.420120
0x747a0ac18a7b4920f3c1d5f65e691012007d6855;147270599;147.270599
0x748a264c8ec842bde592bab75b3fdcdbf7956fde;0;0.000000
0x74b6987d3e5055611f7a7873d5abf3f23e7d97dc;0;0.000000
0x74cbfae31cdb816ece92bc62f0b2aa5632eda327;262800;0.262800
0x752d5a59d9cd3ed8af87e0c8939d5d19db168331;255424834;255.424834
0x75389aa0446f098a529ac07c1af4682292a3132b;0;0.000000
0x7539472dad6a371e6e152c5a203469aa32314130;0;0.000000
0x753d8879c517caf75806c6987ab6a1700832bfb0;0;0.000000
0x756c89f08dde3b06be2ad09bafa57468169879ca;96206417;96.206417
0x7599176a07a9cdbbdd9eff087b5a25d8412679db;0;0.000000
0x75abc92c75689cee1806f261653ac86901209be3;1510444;1.510444
0x75e70040aa225ba61fd5df41add5ad716a85aa96;149374;0.149374
0x765113e7533f86bdbd7a19a95affddf4b119f49c;0;0.000000
0x76e7db1a3dc0f5f4fc4d5c055c361db861e500f4;0;0.000000
0x7700f677ddd087ca83ecd12f38442bdae9a54fa9;0;0.000000
0x771477af9428d232857478ebc209ba7dabc0189d;0;0.000000
0x77379c1827e19126a8f94b327da111a6dfc7b5b3;0;0.000000
0x77501b69d87f95ab8386acd3b7d04b590e9c2ade;3729509;3.729509
0x775730162b4afc9528b86d09e76c56de2c17c320;0;0.000000
0x7768c8443fdd6fa0b487b326c86efeec7c6e0bc4;0;0.000000
0x77708f85c2f59b771f36d57c54e5e0215fb13396;760873;0.760873
0x7776421dd146dfd6ea947cbf29b69c519807d259;115633;0.115633
0x779e0bac5f16da0fbea2ce297f9597b109cd189c;742314;0.742314
0x77bbcffb0042a4c563c503818e278d2c6a776983;903926;0.903926
0x77bed4760ee17cb9704308f84ccde8cbd7adac2e;0;0.000000
0x77e5cafb1a1466ce514dd9f7e80fd576377875bc;0;0.000000
0x77f2f9320408b90a2f036bbb8c0af47631c87d78;0;0.000000
0x783b642755e3afc2dcb5ad96fb1271e01c6ce4a9;0;0.000000
0x788b8b3e7063d17fb0c6dfdbf26d45b82f51c82c;0;0.000000
0x788bf4757a3bd2b93a83a3f64d72eef2923b5ab0;0;0.000000
0x789d42f23cf436ed62421c68beffe570157f2b2d;1490899;1.490899
0x78bae8879bb8a7ce4cd788d9c5328f9eb257b2f7;0;0.000000
0x78fae193511b9b3d77d717198321745fd05ca61d;774570;0.774570
0x790b7fd80043aafd0b6b040990fb6fe74f482293;0;0.000000
0x792402469631bf84097238fe208892a9d9bccaa3;0;0.000000
0x7928a66320e3799a935a877a70eb8567b7c17a75;3981214;3.981214
0x793446713526f307853b8a23c3162a5d853e03a1;0;0.000000
0x79422ac65ae5d068babc04570970a0ba0d21bd21;0;0.000000
0x7990bd07f6afa5004bb1ea3e09e4dbea32a76cda;82146;0.082146
0x7a1ae6a943ce7102676d724054a561b7eb276602;14095464;14.095464
0x7aa2194239874ad03b47c334cebad814f51e59a8;73809;0.073809
0x7ac01acf8ac1984349f1aeb10d9eb11c90e120f8;0;0.000000
0x7ae573b4bd3ac8a48ead9332b699da5573ac0a86;0;0.000000
0x7ae94d1374e622e4c9b75b919c82f749bfd121bf;0;0.000000
0x7b0a7e6845ebd3460c63641f3ba19394227cba2c;0;0.000000
0x7b1dac408ada0017b0a7bbb4ffad30922717d389;0;0.000000
0x7b1f44b86040da03bd556f3eff07c3471b094170;755227;0.755227
0x7b8135db002d27f745ef7f9f284fe9f641e6b217;0;0.000000
0x7b8e047dfa4b27314c6a7ea5067e356f38666089;0;0.000000
0x7b8f0b8e09ca522ad3418fb89b9176f1bc74644c;75676;0.075676
0x7bfa50ae7fd21b9d0f3615ee6666255abe7bcdf6;0;0.000000
0x7c101749cc4cde543017e2135fee28e73a008003;753592;0.753592
0x7c21aaccd7b0cd749a06352ecce515e64e6a39fd;463487862;463.487862
0x7c5a6ecd0c38fafcf8c5531c84d36da3686da48c;3460232;3.460232
0x7c99794f7e145e006be694ede8f3c8c64e87f820;0;0.000000
0x7cd89748411cd0b8d27d319869d8fa974df04754;0;0.000000
0x7cf54c0b4b5c7c4c2f468c742991fee8809f2b08;7463155;7.463155
0x7cf80eb70b99251463a5fa981e3592873e47d5c7;0;0.000000
0x7d5030c120ccc460de2d80698c1814802612f6a4;0;0.000000
0x7d569c1e98e4f3826affce7fe036dc2e44cd4837;0;0.000000
0x7dc3e945238fdb44936eebe654422a83bdf5d9ff;754;0.000754
0x7dd9c8b0db70cfe1ecb2596e87e3d4fb74010105;0;0.000000
0x7de25058b5bb3ba9672b6e11de8c86f1cbfc236e;0;0.000000
0x7df054a9dcfc46317c8f8039253b54d3d1978b24;0;0.000000
0x7dfd44160c65379f6d838c2b7d1fc84d93c2d842;0;0.000000
0x7dff272fc395dec4a0963bf48c13a840002788ee;0;0.000000
0x7e617b997b7f5f679320af71a38da18e31476c8d;758713;0.758713
0x7e755653a0c7ab5f7445a2d64665a3ab893ca085;0;0.000000
0x7ed4cc291174448727bb95e3ae0b2d499f49702e;0;0.000000
0x7ee89d98b5731107a2a9cebc3d9a4e729d070262;0;0.000000
0x7f121e5e1624915e084c7cdde4e3072403770269;0;0.000000
0x7f514ea5abb2099e075eff21231427ca0279e979;0;0.000000
0x7f62a4bf485434022388bc5439525293636abecf;743302;0.743302
0x7f9adb20217a0dabd313123c03421b58952fd740;0;0.000000
0x7f9c107f7502c7c22472e6dd1bc08ee3b01fc4d6;0;0.000000
0x7fad8361f8eecd2a0d922eaec653f7e70dcd710b;0;0.000000
0x7febf0878c8d3a266fb16aef1b92eafbce91a12e;29694835;29.694835
0x800db334a1975fdbf0d7ab1164965b45d364fd82;0;0.000000
0x802b8abfda0af980b6b42b1fc42f590b3c354386;0;0.000000
0x808262827e24151879813cbeec568065e1c5cc2c;38465640;38.465640
0x80841d48420f90b5a6d99fd5506864ae9dd4937f;0;0.000000
0x80b49f989dede20c973e4db3d2a1a4d35d32e64a;0;0.000000
0x80fe121b69163e17bd4e9cc573652e29e48fa4ae;82048;0.082048
0x81931d1d45c517ee218a3a9065d4c43a375b4814;0;0.000000
0x81b40f913a4c6c4ae39271ea4004161a70b7a313;7573180;7.573180
0x81c54645a23049ae2df5616bac52540b5a83ed79;81996;0.081996
0x81da3d53ab37bc6c6ed0ab463c8607b6d5285701;0;0.000000
0x81e14e07493bd2a3ad29bb7dab1f26de9c98151b;0;0.000000
0x825ec5ce2c149bc61a151507b8650979537ed86d;771471;0.771471
0x829cecfe65bd215f15c7d57a261126913e0f8f95;87309;0.087309
0x8322961c710571556ec8bc91554f675cd1828e85;0;0.000000
0x8325aff2ccc014468cdf20f2538d8534db7a100f;0;0.000000
0x832fdd7d994ebac6fd3c3e99046d7da59a302973;0;0.000000
0x8366782726afac41b1b38761094f2d93cbb8e2d4;0;0.000000
0x83678fbcbcf8af5a083027097098fae2734edfd4;0;0.000000
0x8390618bc761431a266eb7b2d54c2290c57c653f;0;0.000000
0x839435084253cfbcf01b2aa99870586f9aa82449;0;0.000000
0x83a2077ce2f911dcb3016fdb1853a58274b1a63a;0;0.000000
0x83d551f4b638fa349a41ede3c3efaa94fc6dafc0;0;0.000000
0x83ebe392824c046be3c7942299bfbb8163759ee9;0;0.000000
0x84894baf5d0c1964ffe8f3097697797904b47641;82175;0.082175
0x84b6a9dcb7f0fdccfcb68c09eef0ca5646ab7f59;0;0.000000
0x84e39518b9a8b298709604e8fd5525307d53a710;0;0.000000
0x85644679fd440cd55c7046f2748ec5479cb3c3ab;0;0.000000
0x85c02a8354b1ad316dfed074962b0968d4fe922e;16557089;16.557089
0x860c757c524590fa1d39e3e9565025d2b481b7ae;80594022;80.594022
0x86164c2beef132d98cf29a5f684a5d635b04a20a;0;0.000000
0x862001e214da4ec2e75789a35a2c23eb0c481cea;742182211;742.182211
0x879f50787ab4a36aa3cdf971691bfc8058da203c;85679;0.085679
0x87ae719faf89411036c2d9755a451919bff64cf7;376348;0.376348
0x88023c305b471649d326b7b95149146f4b5308b5;0;0.000000
0x881e625e5c30973b47cee3a0f3ef456012f13f7d;1522836;1.522836
0x8836fd691a0eb523d552286663697e37f18d60f0;0;0.000000
0x8873b9bf783c3e7404397e0226776f79a15341d1;0;0.000000
0x88805bf75111d338a0557f31f935796bf3e220f5;75381;0.075381
0x88888887c3ebd4a33e34a15db4254c74c75e5d4a;0;0.000000
0x889fc25bf1568ba596f1c8d13690e66663716784;0;0.000000
0x88c1fa0806970af949d4d555aeb8397e88fed23e;0;0.000000
0x88c2cf0cf7470381cc33c6e5c02f77825a82765f;0;0.000000
0x8905cbc93d00f26e3ce63c62daa03cbc662e0c2d;0;0.000000
0x8916634a35d73e55f6e08f3bd238032f9c70f4fe;0;0.000000
0x8927d3d9036bdab539456e1aa0711b8e71c585a6;0;0.000000
0x894f1fdf83c322a6b35afde5f2942ebeb670ed30;0;0.000000
0x8984dad7e0fe84565073078cfb0f8a3ef30220a8;1577860;1.577860
0x8985d5c3465d07321e981f3289eae1789ee13c79;0;0.000000
0x899e6d9f1746be441b457175f8d339ad5462c943;0;0.000000
0x89a3cfaac1905bb42ee834ac79178705f098a76c;3517285698;3517.285698
0x89add83aed3dcaedcfdda730ff25d8baf19471b9;0;0.000000
0x8a24c908f6f692e15686bfbbf42cef2bf2949c06;0;0.000000
0x8a80086904d34e7daf0312e26a6fcaa88212bd13;0;0.000000
0x8a81f57a71ce5945fa14132ba58c108b85afa6b6;0;0.000000
0x8a881fb7bc78796e206bdd61cba223df44316f90;0;0.000000
0x8a9705fae082f5f017988a9e495552b5e1295404;0;0.000000
0x8ab3c21a040cc6fd3791657a657cc9860b58c0cc;0;0.000000
0x8ad37552ac456e36a43251fc284e5a8298131499;0;0.000000
0x8afa333d7472fdc6f2be8e9b49b8c8f5ac53693d;0;0.000000
0x8aff74555d65603e01f6aaff96a3888dd2e161fc;659114415;659.114415
0x8b1fb4937bab5d02248a0825bf2564863237b00f;0;0.000000
0x8b43c323b03e9dd312a5736ea3fb598baa92e6f9;0;0.000000
0x8b4f13c14f1369f89f26f2c6b9ac58a0f2d3f4cc;0;0.000000
0x8b6b44804451c26e62a70420deb03b82be6d0396;0;0.000000
0x8b71fa4917841ce4bfbd0c3cfb3c568bc1b9410c;0;0.000000
0x8b961a604d1d06264431d2807d40db880d47905d;75433;0.075433
0x8bac163321bd04c77d45cea5636051813e0a331c;0;0.000000
0x8bc7acebea62b2e358997150431b78ffd022715a;0;0.000000
0x8c0f33dacfa40e225c7ada0de2e3ee4d07d0751d;149371;0.149371
0x8c15d5d5df361cbf8e33b1f019e35f47324d9500;7318864803;7318.864803
0x8c2df3da1e11ac79c398d4c85f55087b59d3a6f6;0;0.000000
0x8c8b134a68967c6faaa7bb0b9ea15ea06fc83b98;97317659;97.317659
0x8ca32d1f41d4a55a400fd485374a9d0b5ad954f7;0;0.000000
0x8cac1694208f461a192f95c7fed8de18aa74c542;0;0.000000
0x8cbe0e70513178e65aaf6721955f6202262145d6;0;0.000000
0x8d02f47ada375c301186fd212947f84097be852a;0;0.000000
0x8d106c747cd21272d4c9ff0af8d53a9c9aca25d2;7468451;7.468451
0x8d285e28f27656666458a52be2983000ffa06897;0;0.000000
0x8d2ae74898d7c068dd9e1a73929dd77b75d819b7;459798231;459.798231
0x8d478398fe9db84ea78b7e9476cdaf2410c5e853;0;0.000000
0x8d655b1af80200a6b81e11482fdea66328b16e05;0;0.000000
0x8ddcb0b10de8cf175456a627d6d09eaca175c2b6;458689;0.458689
0x8dddedebf97b2048a539da89bc1de6e2eca7aee3;0;0.000000
0x8e1f78dd1905fcafc29b47e2df9bc30a7606cb17;53281738;53.281738
0x8e1ffa4413300212f652e0369e9869d9217d78a7;0;0.000000
0x8e442c7f8e605f3b06b8f348921b0b79ed2da86a;0;0.000000
0x8e4b3ab218e93e506c4fa9a3f93f94ae34ff9847;0;0.000000
0x8e7ce0300d600a2be8756142f0259cdc8129aa7a;0;0.000000
0x8e97a2be1f1cee87e3c50fe1420168e176b1b068;0;0.000000
0x8e9a87e2ec35bafafb8a93d81b589eca92577054;0;0.000000
0x8ec9d9c1b89f0126c7852deaf73d61789eb37454;0;0.000000
0x8f075e12d025d41d2b024a3cc8b44d1abb16c3d9;0;0.000000
0x8f14f3a923761a5983ccbb5e306e4ce1ebc7fba1;0;0.000000
0x8f32fcf79be6efe7a8353447e2756806e2ca87e2;0;0.000000
0x8f486ad5da783b0aa53ca4e6816e6f4121170968;0;0.000000
0x8f71361638a54bbeb9d5a6e62aa14da823fc0094;0;0.000000
0x8f791c0592db171d84167d10baa70fd6dd26705c;149374;0.149374
0x8f8ec374f2b871d8eb79489c68ced103611a6f3a;0;0.000000
0x8fc3f6ba72cbc29cf693081f7447980402b2b6e5;0;0.000000
0x8fd7e8b6d238390c107c17124f5b9743bcdee61b;0;0.000000
0x8fe83dab1d17185f091569b440b9e3c7ead1453d;0;0.000000
0x90602b9157d1f77947cc7e79e337ead8c503f838;82144;0.082144
0x90e21c4a1412859e236c2ec98d87cacaeeca86b1;0;0.000000
0x910cf273f165bd90d5a1b199462a59be798c84c0;0;0.000000
0x917f717f521403b1d127dc12fbcecb8d26d0ec60;0;0.000000
0x91ddeb35264287785762e666b5fba5da9e83b5c8;0;0.000000
0x92215391d24c75eb005eb4b7c8c55bf0036604a5;74686;0.074686
0x922164bbbd36acf9e854acbbf32facc949fcaeef;0;0.000000
0x922c8a6da1aac513353baf69384e893e1ccfff48;0;0.000000
0x9234c13e984d7218554a7109db7998921592dbbb;755314;0.755314
0x923cd36115817d59c51f33e0b5832d7b70ef2530;7599;0.007599
0x9241a95c573acd3c7863c902136292d7c272ba55;747360;0.747360
0x925030586aee5426e5a828c5c1b595727353dada;82155;0.082155
0x926eafee17f1217168127879b813d4fb99dae44c;541482;0.541482
0x927b87f04c3e46940b6c795befa25f104f50d0d7;832162;0.832162
0x928cd72219cf80159e730cd45277a9ea5d6932a8;229;0.000229
0x9296011bc2f144e8b7c174644dc08ca1c79a03a0;0;0.000000
0x929cd0b5b03df44200a2f77291b886ae40cb9c63;84241;0.084241
0x92ba6d53e6c3ed270d27ec18fb9054d1d70ac383;0;0.000000
0x92d23c502c9eee79b32f68e7621a6bbfff4b73d6;0;0.000000
0x92d3c29537ddeeaa075233e692106894f5a08f75;0;0.000000
0x930ffe3d8033500ca207c2445690d17080120e63;0;0.000000
0x9324829ccd07b08c8d27096308f37d7cc6ea6edf;0;0.000000
0x9333c471fb0abb0a189189933bfc0d1a4584c9f7;0;0.000000
0x93825446377674784c06ecbc2f869ce0c5db6887;16271906;16.271906
0x93a9e19e10518080b6114c90ac1e6c9278a5c46e;0;0.000000
0x93b0c5daa1518bb65c42eb25ce198b5231759647;0;0.000000
0x93bf27a3512f28a4ce66ebd0bc0fc8dfd0602448;0;0.000000
0x93d7e6386cf04eae79459e45be0fbf63deecf7f6;0;0.000000
0x93db2e90f8b2b073010b425f9350202330bd923e;33653179;33.653179
0x93f2c2cc76ab71c3b99565a07f0c19b690de2842;0;0.000000
0x941b6117f7059c484d66e8f24ed38cb40a1667cd;0;0.000000
0x94327dce136d69350b0bdc77bd32c50d6b934c49;0;0.000000
0x9435b03c69c2832f291a5c0a87f01a3338c4dcff;760315;0.760315
0x9476462f950d30bb7728be51594611013045f198;375453;0.375453
0x952002e1f0cc3057bd09524cc02b4b919e266b9a;0;0.000000
0x952835d17ac55825f198a68dab2823cd60c8e6bd;89757;0.089757
0x95333df86727053ba59db90e8005b5fbacbb5208;0;0.000000
0x955883fa51d4d91946faf574946d78da5daddf22;0;0.000000
0x95dbf6d1648cf3a40639cc2c87656d7c45822f9b;0;0.000000
0x960906a1d73684cd2c60da6c8b9f109f10d55bc4;0;0.000000
0x96099781e0dab8d934c4f2b5bd696c3bb5583fa4;0;0.000000
0x9616766c0df03668dd0c828b5db455644998f037;0;0.000000
0x9623bd26f4fc8ca7c3b84acb05875da24eae4c0a;755320;0.755320
0x9673ac8dfa66238243d6d528c416376ef2957102;0;0.000000
0x9674fc77a3f5773002877cae189a51ea89cc4316;0;0.000000
0x96886fb915b845631f491ce74872f01814bd6e57;15155;0.015155
0x968d7a11b5c0a3b9b7d07bfb635c8153187b9e41;0;0.000000
0x96abca2c6934e6887e9e58c48b421d608357e3b2;0;0.000000
0x96d1ecdcafd6125cada15e85ce21775782dcdb61;830179;0.830179
0x96d77bac5749ea39263bd9bd1b400b3f9d8c91b6;0;0.000000
0x96fe1f4e49b0c803f5633d3dd6cdba62c3e9c280;0;0.000000
0x97006db48f27a1312bbed5e96de146a97a78e396;0;0.000000
0x9721b9afc405aaf61d0a2dc9f220a0a6fdcd232d;0;0.000000
0x97793872ae3b17b4c67d671fdcde3c74b3955df4;0;0.000000
0x97988fc6443fcfaaa001ee320d5ebfcbf510a521;0;0.000000
0x979afe5a5126347fc045aca07c651c8d9141fe98;72176405;72.176405
0x97ee2adc4e577766bf48690fefa3e5d6e5c804a3;0;0.000000
0x9809675e4dad5fae3bd8145a92a9fb49f4684c45;0;0.000000
0x980cbcb2fecbebcf833b836cbfc9469f3b4fcb43;2027519;2.027519
0x9881efbba207b10846eebf3bbcf39d95c59733de;0;0.000000
0x98a0efc622cdc86b38484ce6a6729606d26e500e;0;0.000000
0x98c98daed4e5df266c7dcae72186a133d7b7281d;0;0.000000
0x98c9eb634e8f4892c52e2a4a3d10ca86a410c7d3;74687;0.074687
0x992c76325138013025d81ea907109842db2721d9;0;0.000000
0x995e52731c4edb8959949b17f9b8300ad6eb6170;76;0.000076
0x99a7baa6eb43bb9f76960dd1ca71bd3b43e9b878;0;0.000000
0x99b6a44fa3d3e0d3f33464ffac5710f31c3db580;2;0.000002
0x99b943107ebcac233ebe89478efa7d1783c6d689;0;0.000000
0x9a4289d8d959e68b49484b8b24983783e320827d;82094;0.082094
0x9a4fab7b6f315634323efc926cda96aea79144b0;10662;0.010662
0x9a669097cdf69c79d10968d0accf913fa0a4a8c1;0;0.000000
0x9a93da4fdb484659b9dca9da211d73d9b408b0e1;0;0.000000
0x9a9ec2cf2037091776fc6492841f218c8ad531fa;0;0.000000
0x9aa36b54763ce1eb9591619bb2795336a498cada;0;0.000000
0x9b139f8d81c34667764e9db1d21f5472d9be1d4e;0;0.000000
0x9b350b26b82f3c088e1c0c345a904ee5eb655e15;0;0.000000
0x9b5e1f16156aa2d2b075659989b273e57a14372f;6041726;6.041726
0x9b6e01454fa30d52467a55f0d31c06a9d77ff776;0;0.000000
0x9b7676940ae92ebc1604cefb0fb9203ccde25249;0;0.000000
0x9ba52bc4e63965ff9d6eab7ec68fd4213823c99e;392489202;392.489202
0x9ba961989dd6609ed091f512be947118c40f2291;0;0.000000
0x9bb6e6dbd2a4f9989a1d7b3e6825fe5937816382;0;0.000000
0x9bc34ded927e0f336c5c81e15a900461a0608863;0;0.000000
0x9c0f95ac51f8a560ef8fa4b66d76cdc8d76c6b26;0;0.000000
0x9c125478446b664ce7590563b78e46a27c8891d6;0;0.000000
0x9cba756d2ea30542ea4d05c911ba1ca16250a65e;0;0.000000
0x9ce5ca66e5ff700295f4d89f9dd5816d31b34477;82155;0.082155
0x9d0c89938f6dbf56277eae570b7d94519581b906;0;0.000000
0x9d9c5a0901fc8d6371037cce55b60c0af4e5ad35;0;0.000000
0x9db3f130411a5bc4857f4eb5bb68dd3c03534650;0;0.000000
0x9dc3e0fc228c2455773e70ee9e987ae2a6fbc07d;74749;0.074749
0x9dde2a2fb63f0d45533f338f05ae16f93a58099f;0;0.000000
0x9e158fa53be6ec98b3396f8c17c5ef936ddac339;224103;0.224103
0x9e5efaaecad1d017964aaa682e5386e1c3b18d88;75590;0.075590
0x9e6e1f28a62af7e4e00498491113cc28df4e07c4;0;0.000000
0x9e89ef8566207628279b3b5835c7ac89ac329131;0;0.000000
0x9e9f9e1d0208a39d99d9dc29aad7e8fa9ae4919f;0;0.000000
0x9eb2d5311edbafd2137b9292d5683c35bf301cc8;0;0.000000
0x9ef5a7e73212055754d6365664dabe7b360ce535;754183;0.754183
0x9f652733459ef1dbbf8dc270be0cdfd5443d0b56;0;0.000000
0x9f6cec11318b69e58065ebab173ac00f7b9f195c;0;0.000000
0x9fad1330bbf3571f3df42b36f5c428543303bc77;0;0.000000
0x9fc9f3ad971adcda05f91e3a869762b8ab85a6d6;5;0.000005
0x9fd634393707ad07739d63c81011ba067681a19a;0;0.000000
0x9fe1381bbf84af2bd3d1c1ee48eed57e475f3f30;0;0.000000
0x9ff6c6383a40078117481ac935920fed2120e9a7;755671;0.755671
0x9ffd2924924d951a7bb7e2990e1ffdec83e33778;0;0.000000
0xa011d83fc3c430156fa2c4e26b9fa1182317dae6;0;0.000000
0xa0170b6935fef8ff2c514703fcb2c597a9bc2076;0;0.000000
0xa09bc385421f18d5d5072924f9d3709bb2b76281;972602;0.972602
0xa0ca63e5ce8b09d8d395ac0701e65463fcb1a9b1;1020650;1.020650
0xa0e9651d1bc9214807915735966a02913cb79941;0;0.000000
0xa0f5c7bc86f66ce75e42e8c9bb43e0d6c9225a4e;0;0.000000
0xa0f642c42ebf0c7a71e6c49a72688c089330c709;0;0.000000
0xa136dffa62b162da8039bc604c331ddf63c2757b;1502626;1.502626
0xa14a265fa3cb4e2c1e53967b355eb57f85141dbe;0;0.000000
0xa1546b13826bc90f0a3316b4dd608c72d4fd0dbf;0;0.000000
0xa1756a88a583feae17a8f3b1b15aa4e9d8873ccd;0;0.000000
0xa18f48afa5fb254c300c1ac67330072d16552dd4;0;0.000000
0xa1d8a2e4a1cb12fc0b286839345923afe8936859;7421711;7.421711
0xa1eb063e50bd82f3b511bac3084abd67cf79afd4;0;0.000000
0xa212e7c2e2e237dbe2ac5d6d21f9e5bfc9377d7d;0;0.000000
0xa26d789a2773e024c1bc3f95e7c6fc2794a6aa4a;2994016;2.994016
0xa270d2222d62500d2821f0c5dd2bc4fe4d497f08;74746;0.074746
0xa2808d78b4860cc03a10e69683815c1a4cf8c047;0;0.000000
0xa2a7624aa15f31ecce9d934160dc99caefee25fa;1036149;1.036149
0xa33bc3c8331fd2dd23cfd963818a33d5bd88b87b;753787;0.753787
0xa358d0bcedd6f16a5a6ac46c96d910179b94fcbc;68129;0.068129
0xa364f6d1fa231231eb5945da778f2c3289ccaaad;0;0.000000
0xa380dace2095adc258d2be066e2a60a9dbacf7ad;0;0.000000
0xa3a211bdfba8d614c3d030da6cdbc98940db3ba8;2964713;2.964713
0xa3ad77a6ff71ccd48e44f2d63a7c8208fc58fd08;0;0.000000
0xa3da716eb16e9c1ec64fcff7f42c806ceea69d90;128937;0.128937
0xa3dfd63d59cf2458b387cdcf94ff2fb7b3c159fa;0;0.000000
0xa41a6869dd74f30fa01e7e98bc058e261403e559;0;0.000000
0xa454b495b51dbe5e304a13b80cd01ab5604e1e66;22394010;22.394010
0xa499f7167611382f75953de7bb6243c86fbf8720;0;0.000000
0xa4f81b3fc81c1dc598a7abc9a777022af9d111bb;7373367;7.373367
0xa51a6f181d7bde6f4fc445ff844fa9329616c01a;0;0.000000
0xa521e425f37acc731651565b41ce3e5022274f4f;2234055;2.234055
0xa5a5eb41713a0812dbd99c76867f60e98a1dc5d6;89767;0.089767
0xa5cc71d415cca33b54e8294459b75b355faab507;2269358;2.269358
0xa5cf45c0cfe73caf0c887941e87c6c222146fe44;0;0.000000
0xa5e59b08943e09247cc92be7710223208cea7639;373521;0.373521
0xa5f1473f514a450dd38427947ddb9b3b7d1f539b;0;0.000000
0xa5f754c21b3a9c8e0fe4f129ec8f5ac4a2536942;0;0.000000
0xa664a23ea7bb520005c597b70f918b5c43ca76a1;0;0.000000
0xa670e8467a59948b8c5da4ae18ac8864d0fcc3d4;0;0.000000
0xa6baa075fb5cf4721b43fe068ee81b56f34fa06d;154;0.000154
0xa6c446b86d2b12a6bf1927260ad8030bd374283b;0;0.000000
0xa6ca824a073f22bdf4841312e69c08f6325925c1;0;0.000000
0xa6e62f66c9033a5953882340a2a3d44f11974fad;0;0.000000
0xa70bd90c897ed26d54e79aec2a51653e282e3c3f;0;0.000000
0xa731c23d7c95436baaae9d52782f966e1ed07cc8;252336;0.252336
0xa75b7c9781dd52298b3aa4c238a7fe84be90cbdf;2571378343;2571.378343
0xa780af07a438c4ee04c2b0386fdbad513a1eb953;831607;0.831607
0xa7b9840ef9b3f7d210d5c2f9ec3eb14a9f8294e2;0;0.000000
0xa7d1642757b57420711d077ce7c8ff42a6743618;5822814;5.822814
0xa7e5732c37f398e6ad4174c4a339d6cede30d7aa;0;0.000000
0xa7eaa134207bed90659ed24ef92d41617e624087;79172;0.079172
0xa81166522864e01ab36071dd8a61d88bc808c581;0;0.000000
0xa815af4f59397c901155e2a252769d16535c45d8;0;0.000000
0xa88f54b7754f8c5de32032bf621b91de208280f0;0;0.000000
0xa89f1d3130616f917b0c559fb34734b5373ed1f1;0;0.000000
0xa8a86a59d1edadcc6e907bc6e5c72a18d99db6c3;0;0.000000
0xa8d4fb9b9ab718dd2a79c9ee58c2366ff042f891;1020599479;1020.599479
0xa8f7942e4be9c32ae7ea3c830e517e53edcfbb61;77393;0.077393
0xa914c5963e118d087339b0550c95d085e38cbd99;113625715;113.625715
0xa9381e4fe4e000032f612bdbeb9a55921c117342;0;0.000000
0xa9714f7291251bc1b0d0dba6481959ef814e171a;0;0.000000
0xa9811281c88408995b0a5827ae81dbc617dfd6ff;0;0.000000
0xa9e9e0414d52658515eb9db6dcdc6055396a031a;0;0.000000
0xa9eaef87c01b4c46a691862c7ba94401394b8b9c;4586608;4.586608
0xa9f965f97f1fa4ee91f2b2f929cddf2698e1ca43;0;0.000000
0xaa19a18e60b52ba4bb09bfb406eedafd78b127e3;89623;0.089623
0xaa5d0623014ccf4bfa952e671b953f12983f4b4f;757;0.000757
0xaa638a5426ad0904cc52e161b4a4832168eb9d40;75431;0.075431
0xaa973315a3dd8c4e634bda9c5ba990a8ac92dac1;73420568;73.420568
0xaaa0d02f315d801e8b79d290af05bc00a8bb9762;0;0.000000
0xaad02dea3422ce7b1b7e9797b80039c2252b5463;0;0.000000
0xaad23a77205429720b50972c2d74f9cc8b757e25;0;0.000000
0xaaf266381cc43c50750aa29518ed301e14941235;0;0.000000
0xab3c75c4ffa4f7ba836836f0d8332cf1f1e686a1;0;0.000000
0xab5bd221bd319beffd832366a5b28082145174db;0;0.000000
0xab9cde6b97fc31278fe1e496bcc96c157692c17f;0;0.000000
0xabc1fc77da4850ae0a770b963e4bb5136e5c46e3;0;0.000000
0xabc55860838c9338646fe77f4cd9137342b45cc1;0;0.000000
0xabe21a7537cff588e6209492afca65d635a3b313;0;0.000000
0xabf0f7bd0dc8ce44b084b4b66b8db97f1b9ce419;0;0.000000
0xac041df48df9791b0654f1dbbf2cc8450c5f2e9d;0;0.000000
0xac1676e7344251be2ab774c7e97565432a997e6e;803;0.000803
0xac207c599e4a07f9a8cc5e9cf49b02e20ab7ba69;9748021;9.748021
0xac23636345e41b4f3ed7d58e2555d7b3086930ce;0;0.000000
0xac37f66774253de42d4dd28de680beb0eb019e44;0;0.000000
0xac6b6e048ec51c859ec887745edecdd5fed3de72;0;0.000000
0xac7e3eba90527a610981e204740bddb81d63ac22;19919;0.019919
0xacb0253f84784e92147594425a2e1b5971463931;0;0.000000
0xacb17fc73cf202ebe532e107cec195d50dee61dd;0;0.000000
0xacc0fc3df0529717f50fa560b462b1ec1d13a276;32925620;32.925620
0xad34c7873d522f3ca719590b8b04b497a8b63413;81547;0.081547
0xad3864b39fc5b551769052ebfd0db9414644eda6;0;0.000000
0xad5e854b314c6fc3d266bc8198f8a0e84b076067;0;0.000000
0xad7f321730941bc096f91066eee4295b4ced8fc9;0;0.000000
0xadaa0cbec66c670d2598a2635c88ba55a8200e3d;0;0.000000
0xae275c7bd2880cb20819946e877942ae7710e5ff;758044;0.758044
0xae2eed5b771dd8a35b33cbbf41014b7fab2e5927;238521;0.238521
0xae4779f1ccbe0a43d86738be7631f6c20583a359;0;0.000000
0xae6f31c5e913a1f854727cfc7c1c3e2f7bb58348;0;0.000000
0xae98402f7b8e5acec6c75bb580abfd04a871258c;834865;0.834865
0xaef3c3da0a1200cdfd161ca37394753b1d6ed82b;0;0.000000
0xaef6e0996eb4624d41014f7eae870091bf7b0d56;0;0.000000
0xaf11588a1a510702dbc616c9f0c343594bd6e41e;0;0.000000
0xaf1bff74708098db603e48aaebec1bbae03dcf11;0;0.000000
0xaf2445d1e4fa8d6e9dff8484ea50d7733e9e4e79;0;0.000000
0xaf8eaded7b223d58efc6f0e9cd9258689eeba957;0;0.000000
0xafb8cc8fcd71cd768ce117c11eb723119fcdb1f8;0;0.000000
0xafd42839c6be9d8de6dc99336157520112904d79;0;0.000000
0xaff0dfe71984b32bb6f042ffe1968ff20fa62b10;76097;0.076097
0xb031e7f43a217b451d45754d3897a10c12ddd7a5;0;0.000000
0xb033cbfbf8514fdd48aca49fa802fe243b0fb6ae;7560;0.007560
0xb0517950d179039382be686ba607a46bae643d84;0;0.000000
0xb060dbca269acee68a8ecc5b6e763f4849c33cbc;45582376;45.582376
0xb077cbd6a097d65835a7f78fdd93f0f4325b5c40;0;0.000000
0xb08f71ba91df87a45eba71378ceefa7d1271ca1f;365537;0.365537
0xb0b2d1c46a953275c3f6d0995eda56c6f1426a45;0;0.000000
0xb0d1f94b33a116bfc85677c90056be4de59e29c4;0;0.000000
0xb0d82329c751004954ed4df43cba8265afec0f2c;828614;0.828614
0xb0e01d514df352ffb6d93aac9e87b935d30e538c;96937;0.096937
0xb0fabe3bcac50f065dbf68c0b271118ddc005402;0;0.000000
0xb0fec2b1087dbe3c269f5997bfbbc431c3715157;0;0.000000
0xb11b08bb78e16b35703e79c340f8a58926649111;0;0.000000
0xb12ee780df6660f8fdd311e01233e89c3cc69e9d;0;0.000000
0xb187f777f5ec424738167a475c4ccc99e3838c58;0;0.000000
0xb1a522ffe70a50b21e8a081cd49bd70377bb4be1;89620;0.089620
0xb1ab36018becdbeba12cb49ece3cba3a933a1e5d;0;0.000000
0xb1b35c06dd13fb2ec826fc67f1856f5906b61209;0;0.000000
0xb1da0e904ae341d162f1a69fc10db4241b1463c6;0;0.000000
0xb1ecc06c51d2523145465c7c2c29930dd47f5947;65;0.000065
0xb208420c52fa932433956a5503a464df49242c0d;112675;0.112675
0xb209e7520b6bcaf1c1f35719d3f6f9c0c3748ede;0;0.000000
0xb258f4b2fe57c0f7fac9bdcf7a67865b9809e951;0;0.000000
0xb28da6b0d3294f279b2835cb4022a4981c89b9e6;0;0.000000
0xb2bc4db2c131c4b75006464b5d69c95317e49ed9;0;0.000000
0xb2c3379dd2774f1e8479146e98d6e084d8b995af;80153;0.080153
0xb2e85adabf544d49d5a4b9d41cc900f53458a506;0;0.000000
0xb2e89759770e8523d0a12035dfc3bcfc309e28cd;833125;0.833125
0xb3100260aa1d617a71dc84857b12e0e569e29b98;0;0.000000
0xb32790c25e240cda43ca63eea1ed6326a76ebb11;0;0.000000
0xb3380c108fb6a494f0a60ea0b7aefaa0d3c703a9;0;0.000000
0xb3524caf4aa03259385147bf4d0aeae102fa3552;82130;0.082130
0xb359439487ea89d5ebab5c3f68228fd45abebbf6;0;0.000000
0xb36b61bd9407af28895782d97ae56229d7fc54a4;0;0.000000
0xb38b9a414294865a2df88c76f10b2423d025091c;0;0.000000
0xb3b9dbc46fe76a77e92823b98e66c9217f84c363;3303531;3.303531
0xb3c38d73df5565c3855e58ac4ecbcfb02f82ecbf;0;0.000000
0xb3cf13a28faaa995524e9ff3ea2756a8fc7dd9fa;0;0.000000
0xb4449f90fe785f1c764de2eb3be86204ebd0c312;674910201;674.910201
0xb459834334602829bb1d18610339df29e3a0a7cf;82152;0.082152
0xb48894f4318a310a3bc6e96bfa77307e8aa6196e;0;0.000000
0xb4b0a3a144aaca6848ab7bd40a555de6e619824a;829237;0.829237
0xb4bd1e703962c54bd1340240b172e4e516921666;2949;0.002949
0xb4bd807c9cdde19ae1498c7b7006713268e25997;0;0.000000
0xb4fd729d6a8b87cf06ccbbbc99d9f937a73b6712;30332;0.030332
0xb50685c25485ca8c520f5286bbbf1d3f216d6989;106425;0.106425
0xb539bdcbabd7ab95fd1fad26a3abc7d467d77777;0;0.000000
0xb53a09f0754edb45abdba52d6cf538589ecabee4;0;0.000000
0xb55f689b658e69b8eb6093e3e93da4c842a06b02;0;0.000000
0xb566a9796fca308e810e943a7a0296bf8b521561;0;0.000000
0xb5a9ce6b722882ad1343e4ee710a82e6445897ff;0;0.000000
0xb5e6b895734409df411a052195eb4ee7e40d8696;29905;0.029905
0xb5ecb41eb1f96b183619b43911eb4236cd1a7117;0;0.000000
0xb609099b6bbab96b126d2542a8d521d6ecf448f0;0;0.000000
0xb644ebf63b35a81ed341ebeff5fde6d789d1f352;0;0.000000
0xb64c101f01f2da1297ee71142502514990814eb3;0;0.000000
0xb6d3928bbf35339416eb4220bd3657b2fd74eb63;122325;0.122325
0xb72179515eefeb51bb9945701b810e249a39980c;0;0.000000
0xb72252fe4a79f57226ebb5d84deb91a8ca563564;792886;0.792886
0xb725636361f0cd00f57fa13e578e58799b3e648c;306392;0.306392
0xb73869babd1cf9103d1595fcc0b6846ac9d1392e;36179;0.036179
0xb772a176e367245b7a22c171688b3cde545e8a60;137331822;137.331822
0xb7b26210c482ab8d17bcee188d01dfcc6ddd30b9;0;0.000000
0xb7d8b6f6240571bf7575bd8b7fbf14aade9f32d7;74687;0.074687
0xb7ee0c25d87834c74815b82891fdd356b7fd9bb2;0;0.000000
0xb836fe204d1005af6f41397124c1fc93bcef7705;14762479;14.762479
0xb854742a0d9aa0754765a834f0eafe6d67fe2d90;0;0.000000
0xb87073e70e0c4d6ee228d8a920ebdf5500c3a89e;82263;0.082263
0xb8e84293a22bf7317ec0222656ab88185b076304;0;0.000000
0xb9088314df59465d610209121d34fd299df85e8a;78564124;78.564124
0xb943e779c11321230ab0df59dea32b9e2e2a5da3;0;0.000000
0xb95d4785bb6db6653903f5c4c23fa6feb4cb8b4f;0;0.000000
0xb96be0721713f1488154a8da7727688c40908e13;0;0.000000
0xb9873ae0dc5a234b16bcff07295c58c2774638a7;755221;0.755221
0xb9954e78109112f93ca11860f13f4487f1909ef8;0;0.000000
0xb9a365ea3a7f688d16ad1977016aca91e2df1ba5;0;0.000000
0xb9aae2e60a013154ad8d76a0cde3b9aba5eece62;0;0.000000
0xb9c0aba138b98656ffea4309bfe2881b0b7c1d96;0;0.000000
0xb9c44251e341d45b07aff34f376ba3e092c1c174;0;0.000000
0xb9dd985c1b8b67bf8cea7cfa652fe001e8acd440;0;0.000000
0xb9eb31acc71558bcd765dd1637084483ad5846da;74811;0.074811
0xba1333333333a1ba1108e8412f11850a5c319ba9;131804870;131.804870
0xba133ba5b4247a8298151bc95218ce45f53ffb3c;75427;0.075427
0xba2a1545d77b974f7d669570d6bbd7aee82d5286;857986;0.857986
0xba5c08f90b5108c07de6dea884ee0c69ce486f2d;0;0.000000
0xba645c54688462878d00214a3dc500b048d01f80;0;0.000000
0xba6685a64ff72493cb14e00cce5b945b9cc10df6;0;0.000000
0xba7a83a7f023b6b26f82d681a44b0f8ef0531c67;0;0.000000
0xba812e20c7888be7570fa7cca74ef08f7be9ee06;0;0.000000
0xbaa86276f8347cdef9c29303fa25025d7af8a0de;830448;0.830448
0xbaf347957cefc99027af15a8ef4bc50ad1a56990;0;0.000000
0xbb0681e131d704cb86bda625a730c7866e262a3a;95785;0.095785
0xbb9261bcca1fa9037e067d48ee55e9cf29435c7a;0;0.000000
0xbc0d853013aed34d31f9d0d73b1a49ebad118618;0;0.000000
0xbc1b5aabd7102187768e475a924420f9990a6539;16115986;16.115986
0xbc1f5bb06ee9e534c399fb78084e7468acaf404a;0;0.000000
0xbc95385b1687c628f57ce12d02254e79242382d3;2624405;2.624405
0xbcca9aaf0c6ba6c3584ece05c6fe5c599d0e34b9;741821;0.741821
0xbce5affccf480d795c6a5fee8931f51a484723cb;6326452;6.326452
0xbce90d0922d7ecabe587edda978e8711f7e84008;0;0.000000
0xbcec4e1f190c1b07a6d8b9c0c74504415d8a8736;1920262;1.920262
0xbcff1630590812b1d3b729d366d528255b595ab8;1515975;1.515975
0xbd0cb89fdf3dc84abdeac5c611e9de1f0f1a5f0d;0;0.000000
0xbd1bff03034ac340235e48ee35c85b1121b8198e;0;0.000000
0xbd354f0d38c6dfee793336cbef87e297965aa810;0;0.000000
0xbd6646a73c26dedcaa966bc067c74359dc0d8da9;0;0.000000
0xbd862767836596c7a3aeb7f39bedfb3e8cd82e8d;75431;0.075431
0xbd90f0243173e91385224a8117212d17c2e9e494;0;0.000000
0xbdab22932236fb0186d8ec5d382402a4512803cf;0;0.000000
0xbdf05e45143d65139978c46ad5c3e2a7c3dd1aea;0;0.000000
0xbe67c55dd0b4a9c858075753dbd247606e917666;0;0.000000
0xbe722e553876d197e45537326a9b9f461cc53eef;82155;0.082155
0xbe7b402bf88819893322f9326ab9135d79a8db65;0;0.000000
0xbe8deec6dfc9441487d18e28fb2d4f72f5be5f5a;0;0.000000
0xbe9ef56539ce242e28f0e8bfed7d55d2ced0ddd2;0;0.000000
0xbea2413f8a5aeabb4d3aa625c465caacca0425fe;0;0.000000
0xbefaf1c1c28c821114434d689d9004e8a3279022;0;0.000000
0xbf1b890f92b2f7deb2863ba79ec7420c04ae9571;0;0.000000
0xbf2aa2db97c96d29a69638c391aaf8080616f592;760161;0.760161
0xbf307f47d1234261d4fc561eb8c18a95ab2f7046;0;0.000000
0xbf8cb33574b663bb832ef14f0657d72d952f5995;0;0.000000
0xbf989c510830945224f02d5004ced86b31f50db7;11045071;11.045071
0xbfc2630aedc2d98264298b0fac85bb8bfb0633a9;0;0.000000
0xbfc293b9078a899b595726798149f01735165e36;0;0.000000
0xbfca6a375a344b6d3dd514e74f343868849b9e99;0;0.000000
0xbff1eb114583632062932b28b821b51a8eaa4644;0;0.000000
0xbff69bf6cfcc444103e070c14b5be935dd3cc91c;0;0.000000
0xbffc429c38d2d597847608b2a5f3b2e090a12668;28927305;28.927305
0xc000ba4953d028385a73ed9758ac1ce11edc852c;0;0.000000
0xc011be69f6907df9ed51c34c58c1d3974bdd64ea;0;0.000000
0xc0229733799a32fcbda487554867239b341bf958;74687;0.074687
0xc02d68b1287534d8d12a9be01a5b4ef5a1771ba3;5494163;5.494163
0xc037f1b94ec6e53033c5a54eb889e5f897566b8f;0;0.000000
0xc03d8db64dfe98ebfd94a84bc1f825cab90ee15b;373368;0.373368
0xc04670e05195a560f9bba61cf7b6220662823a2f;0;0.000000
0xc088ddd17fba8242dcee31f2b85d5ae146051962;0;0.000000
0xc09891f9d2209e87abf0433fa274610799eaf382;0;0.000000
0xc0bafc6dd13319fddf3d721e99965b2f1fed512c;3829481;3.829481
0xc0c226b735956a3c14b703d84c8c74fa4c7b3e50;0;0.000000
0xc0c92a3fadabee6820d9e87528bcf0cd74c88988;0;0.000000
0xc0cc0c65dd0dd452debcaa04184f8192929ad82a;0;0.000000
0xc0e88f859de5c9ebdddd7e5c4c46ab7fcecd65d7;0;0.000000
0xc109184f9aa05a0b3186a167b38b3624b3973da9;0;0.000000
0xc12bb28215b96ac4d4f9885d651f673ec97f3d7c;35741;0.035741
0xc186755575b27ced00f04641d1836343a47c29cf;0;0.000000
0xc1921fbf3766f1f7da2e7c3e89832490baf7a053;829045;0.829045
0xc1abd0f6575343e5d66e8018f54a8ad73dd36da8;0;0.000000
0xc1b5a2d23f22a4c748e5c3bcc9583ccc4632e354;0;0.000000
0xc1f1d9c9322cddd420390113248792cf37630180;0;0.000000
0xc20c94022182505a0c73d1f235acb86647bda29e;0;0.000000
0xc24f4ef25ce769364daedf477a28e3398fc65273;0;0.000000
0xc26795c6c1106aa27dc2a672511cf1332beb950e;0;0.000000
0xc2c53b1b9c4ecdced7c545795a9cfa3f7912baec;0;0.000000
0xc2d0d7b1d50b07a14a4b0edcb39af283cd9e9781;0;0.000000
0xc2f3d29d6a221c9d721e2aab424d7b37ac9147ab;74687;0.074687
0xc3068c798da3f91d2d5ad1b0e2c9bc58243eb3f2;0;0.000000
0xc35741017bed414b6e0aae5a2320f24a07714972;0;0.000000
0xc36d7dd864b1705db69a06bb50610497f78faf23;0;0.000000
0xc3ce22bcbe87bf7bd0976b370065027e869cfbfd;0;0.000000
0xc4130e106837730560b534d64d488a502096fded;0;0.000000
0xc41a96a51c90741f3aa9ac3d03e17d13e30f6325;768955;0.768955
0xc44037c5ed8053571850a290495d163c0924505b;0;0.000000
0xc443697c0d2c644989cc75f95f6e9fa3f2716312;760251;0.760251
0xc49579a01c61477379f5da4636f8eaf25249f82d;0;0.000000
0xc4c6e038c1a126c57f540a4c5d57f8b02d05fda0;0;0.000000
0xc4dcb599efc2c923fe09773c96150f5f3e8c4b9c;0;0.000000
0xc4f9708e85c789eadbedf9cb5e24f51d9eccd3d0;0;0.000000
0xc4fc92b0cf993b4fe0895aaabf4ba02ecbf45b50;0;0.000000
0xc50113025584ed45a0de295a052e1702dde06b01;75406;0.075406
0xc5042f9d9a18e95547864438455c8f05b4987399;0;0.000000
0xc5085ce579b1b90cf74cf5b85b9c6f34eefe5be8;0;0.000000
0xc5269095765a2a03646acd625098db4143634496;0;0.000000
0xc52d313ae152445c889c498b3b18d18a5a072ea9;0;0.000000
0xc53539fd4d109840dbfe8c759ba7fc2e7200709b;0;0.000000
0xc558c575cead9344401e6b80a3ca0b87d48caec1;0;0.000000
0xc58647a06402a9956b649507c59683d6988e6bce;0;0.000000
0xc5a522a82d05d4efec069c5255cbebb6372ded87;0;0.000000
0xc5c60ed6f1e297a338420103e46a6016c1b9aa05;144037;0.144037
0xc5db1931baa5b9146c28ece0eb177d6a99d2d525;0;0.000000
0xc5eb9c1dce857e6191173a4077403ae5478f544b;0;0.000000
0xc5fcdda6058e7be4293a163af21c50e7a886acf7;0;0.000000
0xc683299fe876b1d80092979691f380bf948f4ba6;0;0.000000
0xc6eb0bdc91b93f572f44018551780ae7665b647e;0;0.000000
0xc720aad5b91dc6661d3ea32ddea7e11003a0c12f;0;0.000000
0xc7331842cd079598093b17ef123f795f96112ae8;0;0.000000
0xc73a0ba657374de66feb4268f3d2ea5f4fbd5350;0;0.000000
0xc77376888e950a300c6b97c62a30537bfde91742;140176348;140.176348
0xc7d22cf64f994eccafd7caf614bcb70c4d3a5804;75309;0.075309
0xc7e40e57f3e1b0a7b4d65f70e1855cf5f18d973a;0;0.000000
0xc808314c359feb68317f00922bd8e6b3446457d3;0;0.000000
0xc81750fa61ff14b630ac275b82b9870121b2d387;231376;0.231376
0xc82e26f38df2c3ab2eb6a9af92744cba413257c9;0;0.000000
0xc86e0e7f329b4b0a5dd941862f2ef6befff161e0;0;0.000000
0xc8b96b28c8fb5ebeba10d837067b34eac96aae0c;0;0.000000
0xc92d60af8001b1070ce40337205af18a0bbed142;0;0.000000
0xc95078df8fd5e5af4d1c7a5702eedcb7cb6c35dd;0;0.000000
0xc9715ef92824eddae905409bd97a3dad529fe1b9;0;0.000000
0xc9b2644449332c459af6851baa79e7a6f2139c5a;0;0.000000
0xc9b7f062a8fd06ca0af3055a82692d6d55f64232;0;0.000000
0xc9fc9e4629066a3a23b405a69d2eb819a4bfa4bc;8478856;8.478856
0xca08827bff10916f2621c07945800259faa409c5;0;0.000000
0xca4700293bd3b48e7051116635c82546f17a61e3;3577;0.003577
0xca6632aa7ce588d8e62620fc4e3d51e22e40b170;0;0.000000
0xca6ff42933c0c76e9ae059b495476fad3e366494;288388641;288.388641
0xca82151688c91013b42efab54175f53de62d0fd6;81700;0.081700
0xcaa78ddbe49461020528c001c3af1dac0d82faa9;0;0.000000
0xcab0b45b13b01e2969387f566816ebe296125657;0;0.000000
0xcadbca088eb861ecd9b5b4807fbf00d67dc90bed;0;0.000000
0xcaebdd12fb2225d3f10bec66c2c5bec79c2f13da;0;0.000000
0xcafc58de1e6a071790efbb6b83b35397023e1544;0;0.000000
0xcb01bd1dac87473da14d593cff889fddd7174680;0;0.000000
0xcb397b4e2612ee99a1591cb40db3c837bc1b2c35;0;0.000000
0xcb58e5b910d260aa1e6cf55fecc5261868cca570;46668416;46.668416
0xcb6586874cc04b01cc4fdb777de502cea7b3d6c1;0;0.000000
0xcb78a21421d4559b9f3728efd9d44c9c62349e19;0;0.000000
0xcb94ddf02497c2389d29462a4871bfd658bdd0da;0;0.000000
0xcbbd16f2ec1a5dde71d41f7c0eb74f3c1fca4c95;75181417;75.181417
0xcbc61255c3fc15bfed07ba794e3119e7c8ffbad7;0;0.000000
0xcbf4610f12ff0e1576d8dc7aa38696b6f6eeeaed;0;0.000000
0xcc45d27a830a59db93fcff209b2ed92975d17b57;0;0.000000
0xcc6b666c46c7d5d0cfbfdbf2940b60eb09c59306;120526455;120.526455
0xcc728909c644dd4e5f04e2410a1c1d482b23adf6;0;0.000000
0xcc8ce777e51c86bb9beb00e17f2c711167cb5da0;197206;0.197206
0xcca241aa38ad3e4a252a42690c5642c9f981e33d;0;0.000000
0xccd08c9520998b47b31c3768690ec6c1193cdc69;0;0.000000
0xccf9e823a068ace4c8e605a391f1d6acda7d407d;0;0.000000
0xcd07799e9e01c02c3b569cd42f3729713639081c;0;0.000000
0xcd2ae93e311ad463ca1a6bfae080f6718776268e;38005091;38.005091
0xcd3ab369c5483b4556bf8d18f813654c87ac3236;65854440;65.854440
0xcd569c39f7a4b9d5bfeae61705188bfaccf1d5a5;0;0.000000
0xcd6b980029e6e6e0733ac8ec3e02be9410d09799;0;0.000000
0xcd7215863ebbb76321e0bb5e215d2a0d5050a686;0;0.000000
0xcd9b9d5d6c03581c0f68a415ad57467d92890277;826706;0.826706
0xce52c2e8e54cc717d1b35ac730406141ddccb47d;0;0.000000
0xce57c04483ea2ff43bb4a8412cd9350cf2c169bd;0;0.000000
0xce6c0bd926a76d715c829be4965ad064447d754f;0;0.000000
0xceb0129e97713db7c5a76be199fa0bdb880dd185;202315;0.202315
0xcf304f5bc5490d5f4adfa62e9148ad01b0029a6c;0;0.000000
0xcf392f62151fe078a5c26c6fd7e6bc5f15d9735a;0;0.000000
0xcf6981dec71b280d5051aba6fe7cca774cb2c41b;0;0.000000
0xcf8827295adfd1cd901f692706420d3fa7d14259;0;0.000000
0xcf8abaedefc16bdffefb68dcbd118b40edbc28b3;0;0.000000
0xcfab6c15847886c9e1ce179cf6908a63858b1363;73650711;73.650711
0xcfb571ee3f346cdaf4eff5fea6d803a84d35479f;0;0.000000
0xcfe256dedd39de42d08b3954ac9ff8d0d9ccdd26;0;0.000000
0xd009bb1ad6a4c8fcba4c533e2b63c91b275afa43;0;0.000000
0xd00f5016f22cac0a6b5a3334c1810cd201f70623;760799;0.760799
0xd01bd97e365197cedae9ac6d65b28dbd238b66ee;0;0.000000
0xd03a15516a3dc71261703e8bf3790d0f094a096c;81532;0.081532
0xd0564bb97b8fd5c1e3944e29070e483d45005928;687510501;687.510501
0xd06337ff8638eab7849e01baed2ed756ebfa7fe1;224847;0.224847
0xd096f455e507dd57ad789ce912e595913f5314d6;0;0.000000
0xd0a7ce553ce97171638ea9d7602cab5fc8797ee0;1635250;1.635250
0xd0ac404410ae9646656015d4b6346705a13f12f8;0;0.000000
0xd0dba485e094b3f56de122cda08267b96f746f7a;0;0.000000
0xd0e1be63ce1c38af5971cca3f4bf155f4d48563f;2568013;2.568013
0xd0e1d313661a45366feb20442031db7e22eb86a5;0;0.000000
0xd13d4c5df6dd3a8cfd063c995bfc737be5bafd13;0;0.000000
0xd13e173cb081ce5529bff4acf2fa98a7071f8e40;1368948;1.368948
0xd187bd1139b55cf34c4f0b17badeaf33b0852e45;1701231;1.701231
0xd1a42fe4871f99b219859b812e7ebaa311149074;309743;0.309743
0xd1c47a324e0bd04d7420896bf10f7966335295f7;0;0.000000
0xd1f7317cdefe7f702033ca46dbae418e95e2154b;0;0.000000
0xd235ccc3f9eee2ed41f97177549a5c573d92c30c;0;0.000000
0xd2625ca08ecd15693584e8b7e3e54c3a5a761c1b;0;0.000000
0xd29400fe78060bd9ed3af317c3c32a5f60b53bc3;7599328;7.599328
0xd2a13c0c128bc0ff2d5ca875b0785c600ed13270;7525366;7.525366
0xd2a25a7c57db6a113c7aea2c14bbe90538dfac61;0;0.000000
0xd2c637eb039c944a7a3d8c58512008374d22eae7;1474278;1.474278
0xd2c7535a040fc3d960ade0e5cf5d071bf4221f1c;2442693;2.442693
0xd2fba763affb71e49bf84d14a854ef4890ed4568;0;0.000000
0xd365bfc9a5991727790685074624c23c8fad455c;81433;0.081433
0xd39b2a01d4dca42f32ff52244a1b28811e40045f;2627;0.002627
0xd3a1c86410c0600e358894451da1009b534b43b9;0;0.000000
0xd3b2211b084ea2cc9c1cafe95b4318a6e598331d;0;0.000000
0xd3cef2f083cb827a11160c09015bbcbf0826c6af;0;0.000000
0xd3f62ccbe87abf905c6611a524d76e6069883350;0;0.000000
0xd3f67d2e2006b1f64c2967484ebd1f0b7afbb1b6;0;0.000000
0xd4791a4a0b17a344c189c99884d2a6165197eeb3;0;0.000000
0xd4afb5c5e7087a0c2127e04340b1b4b17a88f527;0;0.000000
0xd4bc689aca0a4a0a80f6c144f0030378c2652621;140488;0.140488
0xd50c3c525092084805711578513460e5be559cfc;4087441;4.087441
0xd549e258b1bb019d0b8ce3815038822be56e63db;0;0.000000
0xd57497aed2324517f801b5cf8269edf996907a82;0;0.000000
0xd577c5d0a43c6359cc3926d70fc7f48e726fc121;23;0.000023
0xd5cc9763394741845a4848cb897cb684686d0000;0;0.000000
0xd5f078020b1b561b092ed0e8b0bef65f31ad115d;0;0.000000
0xd674d9dbea02b7457408ed2cd21051498ec8d13c;0;0.000000
0xd68904df4155982cf975d06ea6c69f23bd77bcb6;0;0.000000
0xd6ac0e3fbaeee2ad32c139eb194612095a1f3a99;3594778;3.594778
0xd6c10b3a9135fd67f6489aa442f160c8556d4136;0;0.000000
0xd6cc0984f4298d5791fbb4150093805db30ac747;0;0.000000
0xd6f28dd46fd1406ec5f893c667cbfde955ee081a;0;0.000000
0xd7123df9b92f7dc8542fb8231d29ee052a8807d9;35734952;35.734952
0xd76b025f9b36194be6b5b98326efbd6bfd1e1165;0;0.000000
0xd77ba56bbfa57515e4eaa6b55225ca82b57b58d3;229;0.000229
0xd78efc8903172beb1267753470437bcd8331b2d9;76534;0.076534
0xd7ad1067b0e3599c08f4bcfcbbad67ebd5fc81e1;82119;0.082119
0xd7f1d7be3177ab2df23bd39b63fcef5313452b3f;0;0.000000
0xd8454b3787c6aab1cf2846af7882f8c440c3903d;0;0.000000
0xd84cdf1229fcd789785c1c3af1d087729275525b;0;0.000000
0xd84f88ac551b65ffd3007fc536b02c9b643e983d;73564964;73.564964
0xd855459bbeecd8e19346122f2b3519695b048249;0;0.000000
0xd899141b9f06a11b227fcf2c3fae8652776facb2;0;0.000000
0xd89d8b46bf938e814868eda8a2735c6f83d9c2db;0;0.000000
0xd8a103bbaee5a27a48d49352e4e5f868533102ea;0;0.000000
0xd8e5a6c7cd33d29778cff10ab27333e41f520965;0;0.000000
0xd905c0ea75d6a60ba404e5a209dfcf6d42dc01b9;12185;0.012185
0xd9243f96a94d7087c863ff87f879b991d8c41e53;74124759;74.124759
0xd93bab51cd83881ce1228650b9798ee8fc3e746c;0;0.000000
0xd97da5da472e77bba0fd644e65f7fe6a918a4986;7389799;7.389799
0xd9c3846f0534dcb787c9909e8ca691e31b2368d8;0;0.000000
0xda17792426279c05738811726c76bb025715dd5f;0;0.000000
0xda232095d6ccea2728e6ba5111d435c605b3e049;0;0.000000
0xdb5b4853ceabf6d8e08d73fddfa80f507ef9fba4;0;0.000000
0xdb6c18087cb71164f9b47981d684e68c697b319e;164036601;164.036601
0xdbc47822a6fa5a6c03cc8df2a4f2178ae47b8ae8;0;0.000000
0xdbd300eba0f755bb06da769a4e1a84e4330068af;82067;0.082067
0xdbdda15663cdfe1438a19d0126674420f7047b32;0;0.000000
0xdbf4a4874e5bf633d8628e5272f9965ec1ee4dd9;0;0.000000
0xdbfe1f354be3e4467591dd1033cd9ed49f79f144;0;0.000000
0xdc0f9142246e33743eb2bf92bb89046f4c9ee7de;0;0.000000
0xdc2ebee05f7a20d3d56c1b5baf1e067e85b27e88;767798;0.767798
0xdc57d70f6c9843ab01dd8987ab477f9d51136fe8;0;0.000000
0xdc7c5b169e17aef7dbc51e0a19eb9223a96b0193;0;0.000000
0xdcc54c20c03f54da9e6dcb4b637d46d767c7f2b8;0;0.000000
0xdceaf68cd3ab7549c091868ad553584cede354e5;303372;0.303372
0xdd16e3b4a9838364964fdc83b75000f9bc614433;7597718;7.597718
0xdd1fd039ab8afe2dfab19b454aa9a1b871a76569;0;0.000000
0xdd33d60d99b38c7cc481556f211735e16d13c46f;3774327;3.774327
0xdd5bc4701b35726baf75041edc3a07e5b9db33e6;7627038;7.627038
0xdd66522e580d95517205f1f74791a7132e2873df;0;0.000000
0xddad5ecc5db0c8e766ec531528d013df08e8db39;23100074;23.100074
0xddda78690198398ea24c32faba940ed9582d3681;80448;0.080448
0xddeda44b88e862f51d0a59b90be29e8af3eef3cd;0;0.000000
0xde3a1f3d46c5f5ea434cf9cbc6242423d5c55e6a;0;0.000000
0xde4901634990888102a7a017f36c7bd2f1dc2b1e;0;0.000000
0xde611a104878e4f0b506ef7be09b3038caa72a77;0;0.000000
0xde6d22b7b9ff1b05ad580e073bfc6fcc00ceb561;0;0.000000
0xdeaa6c67cf79c1e6d3097c9501a72de678e3cd50;0;0.000000
0xdedcf5806c4968c6397eee97e68047bda339d0c1;0;0.000000
0xdedfc8dc9befacc2ed7bd4c2be6972107079ec79;0;0.000000
0xdee9034869f929e21272ffdd0d1500994b23672e;0;0.000000
0xdf2e6b8dc860123903a513f7bb5f7e814b9a1b7c;0;0.000000
0xdf3e23824c6b35fc005db2951396669e48bee106;0;0.000000
0xdf67d976307886ec39573eb979b1af790aea6787;0;0.000000
0xdf9134f23f39519cb8e5af048873facfb0154080;0;0.000000
0xdfa1d82cad63732a6fd76f13315206c21e2e3a21;0;0.000000
0xdfa27d9981ed8f88a8f9310f6d575a3df0051005;0;0.000000
0xdfb12bf05af4fffbec2837ed890b48084c1f1c43;0;0.000000
0xdff2425c57f2f930ff14d693dc913894053622ae;0;0.000000
0xe04371e7db88536642441d7ee8b5a06839d09b98;37826248;37.826248
0xe0478582ecdc0545d3c060084e01343655911061;0;0.000000
0xe0f3feb89a06c17dd9c4bce1cd9d18a8a84fd6eb;0;0.000000
0xe17a3d8399ebc55cc9c6b5719687b70d5fbf44a4;0;0.000000
0xe19763baa197e17a5663f8941177bfbbd31a7ab0;4673504;4.673504
0xe1e4481aca043ce4be697df13ca58e8370cc90fc;0;0.000000
0xe1efc2dc4805932a87370d423492c9fde26a2278;10908461;10.908461
0xe23afa66d48755b82f4e3b3d762803ed38af6d02;0;0.000000
0xe25e95f75432a79d31256cc3026e24aaa5540882;0;0.000000
0xe29befd128ccac015cac0a6fc59a49d8b7c2f044;0;0.000000
0xe29e1bd34ad0001061c6544a8597d620f42a07aa;1512930;1.512930
0xe2b130d9379289c7686a0c8baea590cca1a77416;0;0.000000
0xe2cbb3353013fb8dcf7098ed925a9c442a674080;0;0.000000
0xe2d847dd5314501c213274fa8fe84d88b1b1a4e7;0;0.000000
0xe2feca31c96d4872e54221d3060a8db1f82b3aa2;0;0.000000
0xe360b9b0c654c9b58386962094cd32738eb78ce5;22693835;22.693835
0xe38dd570aa7c0de83d3e7faa4c1524b8e398030e;149413;0.149413
0xe39919542a1802eba69e280d358b606aab53a5b7;0;0.000000
0xe3bfaecddb5668868b1ad9d74b43f0a426d3ed1a;18331045;18.331045
0xe4084c4530d9965d605d3dc5657f8afc6fcf6cfb;0;0.000000
0xe427171b46406a572a39c2d76004b0c6d2a2fe92;0;0.000000
0xe4727db0d9ef3ca11b9d177c2e92f63b512993a5;0;0.000000
0xe482f04253e7b45fb69064e99dcf36a723c27d1f;0;0.000000
0xe51a5ee79c1fc3907c3657b2243a427c40f70ad7;0;0.000000
0xe54244dc4cec3afbe28b7aa1a573efc0e76b16a4;0;0.000000
0xe57911881b16e676485fd217e0cb99a42631b16c;0;0.000000
0xe5817a6832a649d97aa8d1c87ed0499112b03d13;0;0.000000
0xe5b479c0315f6ebe7e61272caffe54210fdc7671;0;0.000000
0xe5d2d379bd3ec62ad54c8a2e531922f6722538f1;751823;0.751823
0xe5e2699ac1451b304294e838afc69aea6102d776;0;0.000000
0xe5fe443ee02b1b02043440cc8fd2bf06a6eb04f4;0;0.000000
0xe615784eb53bc634a64e5cde34c816cd64963301;147409613;147.409613
0xe61910654713485712ead8b58a846c5e7f7c565c;0;0.000000
0xe61b0b4c0bbb91bd9b387696e120b1ea05025572;0;0.000000
0xe62653b5328704c50b14e1ebb923a7cf5a033c3e;0;0.000000
0xe643bea0678bec6ca9c386b20d2440c98a39b857;0;0.000000
0xe7c4a890117ee160710f61ad3606573577828e66;0;0.000000
0xe7d3cde588ebbd923598daf98adb3076436defc3;0;0.000000
0xe7e72c7357335180fe8d1747bd2cf3383570ce6a;89622;0.089622
0xe818c7b2b5739482f5d1bb044408d640a9fdabb3;0;0.000000
0xe857e0136a36217375cf3b489ca9427e51cc6a3b;0;0.000000
0xe876084b9e0266dba674ebd367ba0363341e6dda;0;0.000000
0xe8770f09190054248f64243732b71a043a7725b2;0;0.000000
0xe88ade0824ba4dd6a36891dd60b83c20462b3545;36683609;36.683609
0xe89497118e64f50b045d487fefd9c853f05e6413;7467879;7.467879
0xe8a4e0c7cbeb034fce661f08a52719592e7ad5fc;51431;0.051431
0xe8b8f2467d096740f9f71a3a98b3e424fbc98531;0;0.000000
0xe8da24093f7cfda901bbf183c3d48e2a387e38e0;0;0.000000
0xe8f42b5891d3a0ca637f8c68256bdb86de444554;0;0.000000
0xe907cba08ef82baecac8287547038d595cf61385;753;0.000753
0xe91d6eaea1015f69babfe186ef1010126f77e34c;7456;0.007456
0xe945ed0530da54c1af15c6b034be9ef3e6bbe7b1;0;0.000000
0xe94fc1ddaab897ba5d42c535e27d39eab3aed479;0;0.000000
0xe97135a6f64e4fcd5c3dc82f15e08881c7a0cced;0;0.000000
0xe9755def636fe3a6fa28a59421616b144a772ae1;0;0.000000
0xe9a71041a30aa685d19164561d699a8f33fa0730;0;0.000000
0xe9a830ab84558da8fbb7995306bdeda3f1f6d1de;76855;0.076855
0xe9c9b648b899e1662fab21e983725ed3f299f4e9;0;0.000000
0xe9db81a85fdc1f28239bdca8d3054ad39f44a8d5;0;0.000000
0xe9dbd997f590938534820914cbe03030f463be24;305;0.000305
0xe9e43bf840b575ebec60b6bf919ad4218615ec7d;432942;0.432942
0xea0b0d16e5368e1db60366a0df607dd554d4b4cb;342813281;342.813281
0xea150ea13b1bacc3abaec3eda0bb38df6e06a656;875013;0.875013
0xea574b738b131deda066ff720ee50951b757c6f3;0;0.000000
0xea869669210a69b035b382e0f2a498b87dc6a45c;0;0.000000
0xea8783ec6290c1dfb6e13ab31321b386793d464d;0;0.000000
0xea9ebcb6966c7e0d0e1325556c2bee0ec9bb0a6b;0;0.000000
0xeac116c1d442334b6ace9fbd2258ff8819e058f1;28075;0.028075
0xead0f38065a0d4629ad324235063b9baa224d99d;0;0.000000
0xeae43e21a658b41d741139854cafde9ef7a580ab;0;0.000000
0xeb0e6ecd0e78b0a84ecd9663a041f453c454a99d;3982059;3.982059
0xeb1fa9a111f1acbf04be2158849c91788ce7aff6;0;0.000000
0xeb2ec8abef59ac83204ff17993bff76c5785acbe;15;0.000015
0xeb3885780e0ca097e46b516533948e6980a5741a;133996;0.133996
0xeb9aaa0a887436292245b7517ab2dfa15e46756f;0;0.000000
0xeba297e240eddbae352b9c521077780f6b9ef29b;0;0.000000
0xebb2ca8f3fed7944b7d1fabe4d3894bdfabf7f9d;124024;0.124024
0xebd315be326798a4029b27bd247deefcad4733bf;0;0.000000
0xebf2efe522c988bfa05ad3e0f8940bd48461db46;953214;0.953214
0xec386fe0136efc8821186183e217e448f0fa235e;0;0.000000
0xec605b5bb51199debff041befeb621d69d71a504;0;0.000000
0xec65a51040838948ebb648ad1c37e3aa38119033;0;0.000000
0xec6c7ef36aa0ab3cd43987fd438e88bab9ea9cf7;0;0.000000
0xec88554f3a33f11912d000ee5d790166c08ceea0;80323;0.080323
0xeccf528b9ccacd9336b70ad4d1228a6843567e02;0;0.000000
0xed12174053096975c0d53ea663e85ca8f1c31897;0;0.000000
0xed2a166db9b800c85c7fb2c9a1de706911b9e796;0;0.000000
0xed3512cd293c412625430c9560d21f8baf0ccb63;9058;0.009058
0xed619d017714b58ca36548c4dc6b9bf714cb89da;149388;0.149388
0xed8e924735f590572361b52657abd9a3260f35a0;0;0.000000
0xed99171add08e8b39b99617ee900818ef426ce96;7600;0.007600
0xed9b74f0e67d22dbfbc823cd9c00b6395386ebd5;909163;0.909163
0xeda49bce2f38d284f839be1f4f2e23e6c7cc7dbd;109329;0.109329
0xee07dea66e9284a8ddeae1db612f2ce0c4824cac;0;0.000000
0xee25a745cea4e061c7a163396e79ae90ba804040;0;0.000000
0xee583593cd5fa215c4bc5e0f0f03a2c4e01e9a63;756499;0.756499
0xeec9b9f41487cafce246caa8890cf5da866424c0;26121759;26.121759
0xeecf18ffac9bfae3bcbb57959f3058213541fb7d;148815;0.148815
0xeeee45bfce028e200def9a0d2bea7c526a3bca36;0;0.000000
0xef33e160d64620a76122bdc33d5ec1ee75a36412;2063358;2.063358
0xefb37bd3a9ed2f768bf6f79d0379fe7f9be50f49;0;0.000000
0xf01057a583e1e5939ebfa7805380f1f412e88d7c;113643;0.113643
0xf02efdda609c880f71d451d25dfb757a0afc9c1a;130741934;130.741934
0xf067d0cbb9148fa45bdf910c7d23b25fd8191985;197236772;197.236772
0xf07ffbaf4a7999fffab3ddb47e7f74364b6fd578;0;0.000000
0xf09106646d2dbc0a0cc4bbc3178df84d5e32f29d;0;0.000000
0xf09bef01836dabbcb8075b42fc9bb172d7d1141e;0;0.000000
0xf09f478c31c247602c019c5c1b700e766ec5fe10;0;0.000000
0xf0e8c524ff065adb331cf83fb45c0de0510e8055;0;0.000000
0xf0fd4f83e4a43c1231e9209843e03549ef460cc9;0;0.000000
0xf10cb901964991f02bc1942b55d364873fc26678;0;0.000000
0xf15bdd0db2075a8f5a24b10c522a08ab23a428f5;0;0.000000
0xf177414566d855fdc106f73815cdbece6379c1d0;0;0.000000
0xf17ac82cb2c92853100f150591973857b1b48d7f;0;0.000000
0xf1903b940a19349fd3bada1c00a5bf668e912a79;0;0.000000
0xf1abd4cd33e8d6a1587a80c8cc6d61ef9aa9dc35;0;0.000000
0xf20464fd66251ab19b357a7500ae89381074c127;0;0.000000
0xf20be84c9e82df3c323e10968a254e448f71b518;0;0.000000
0xf257099a47d5f68a6ec62280ab543c2011f3989b;18339;0.018339
0xf2842c6fc18f3070d3186664f45e06e1ce873663;0;0.000000
0xf29e367153f1a328f82b3552c92cb4b5bb75ea2c;75867;0.075867
0xf2b202bab6a3a1234be6a5dd80b71d725b70addf;92725;0.092725
0xf2d995bf313ffdfdef962c9380cc9c087ac66f8d;0;0.000000
0xf30ceadfb6fb8e7b8fa844eda5daa197561ca741;78278582;78.278582
0xf30e376eca825b69cec3b8d523fb91e83a4cf9a5;44170534;44.170534
0xf31aec5bdf7b5a7647cdb08901ca090b700d38f5;0;0.000000
0xf348b6ea01a3066f6a8f9a9bba70f344582bf7f4;0;0.000000
0xf3871f794a7277aa1f2891e125f6fc976ffb6626;756;0.000756
0xf3930cbb9e0391306e7441565167ac00285a3dfe;0;0.000000
0xf3b8d66a259e3f2adfdf51913b553ae4d4215e06;0;0.000000
0xf4054880b73019f099d662a945ba595368de37c2;0;0.000000
0xf498fa9d68d20dc6975dafedce7c3650b051b8b3;7233690;7.233690
0xf4a223a879a1bef3b7bf79650153ba5d52510f3d;0;0.000000
0xf4a3adf696838d8f8035cdb4fcfa9403e3a16863;0;0.000000
0xf4d5c09d426d786eb4d375f896ac8423ff1c6254;0;0.000000
0xf4ee1b18aa71a18102af19e6b0170087c82250fd;35193;0.035193
0xf4f9b7dafbd145480d787ebfe615a3d05fdc0a0a;0;0.000000
0xf4fc21ee9a6114d75434bea8c48c5c89acc3982d;0;0.000000
0xf50242b4ec950818f197fc6e26e26dff1b50df04;0;0.000000
0xf5143d17c0f4ca942d90fa9b0b9a1db38bc1dcde;447223;0.447223
0xf516a98e053e5699c2539bf49e500f4b4a67279a;145303030;145.303030
0xf578ed9311b13df15d5f5579a45732504ac2004e;0;0.000000
0xf5b1ae5b41bec4ac1b6485df24f972db899f600b;95610;0.095610
0xf60b7e4d3acb20857a141ad012887dd9d538c89e;0;0.000000
0xf681a2f3a9a773b4fab46d6725f43b1762674698;0;0.000000
0xf6f49c470765a9a5800112b80d6d8dab256b2198;370471;0.370471
0xf73bd5710d3e3d4e8db7ec6058f9fb77ff8414e9;0;0.000000
0xf77f66313b2f53451be0aadf1466b33a8a5eb9cc;153393049;153.393049
0xf786b0717f045595c5a3904262b8ef649bd666f2;0;0.000000
0xf79205412bf51600ce277e3b4e388b7746a476cf;0;0.000000
0xf7b68b15c52d4ee5380f6dc8c5281fe10c9c410d;72413454;72.413454
0xf7bba5d8c5595aaa4eb6ccea8e3509f4eefb31be;6817;0.006817
0xf7cee8348aafe8595b5316f9dd018edbdfdcc783;0;0.000000
0xf8017ca17ee67c64a0fe08f37cde237805d7640c;0;0.000000
0xf801d8a7ac83498aad195fd1e67c2ec3e059728c;0;0.000000
0xf8022e6310a26b5ecacbe1911486aed0f7164b65;0;0.000000
0xf82ecc87018fe0cbb700b988c674749473669d19;0;0.000000
0xf852df942b45a9f522a7a1e711dd8cc1c0ea004b;0;0.000000
0xf868b39de670fc4384cf8c290883a8139af3296c;0;0.000000
0xf88c303d383ac9053841531fb64720cf92a8d8d6;0;0.000000
0xf8921e0329d334a24709adb6be4763bdfbc03859;80029;0.080029
0xf8ea5d2cbe231e6bf74c2d54a8d2118beb315e38;0;0.000000
0xf903672ba62039591812141eecb4cfd9416cfc83;30035153;30.035153
0xf91f471dfe7d121d4ebc096d648083d5f385d317;155061;0.155061
0xf926e8c73a87b1036e64d270634170e316f3f488;753243;0.753243
0xf93a5f0a4925eec32cd585641c88a498523f383c;0;0.000000
0xf93ad9667fa019a389e2ca2f9f0644fd244c0ad3;752387;0.752387
0xf9726ec833b7a4faf0965824bfe38f986005c3c0;78398;0.078398
0xf990ce93c674e610939789f4ec24a9c08ad8c042;75430;0.075430
0xf9a5a730a684eb6f32189a991efb79573042b8f2;0;0.000000
0xf9cd810b52213c89b7f73a2da4d1260b65fc45d5;0;0.000000
0xf9ce5d10977a75b73f06df0c37ba6a160736df6c;0;0.000000
0xfa2e8a34c99a0f1f6a2b879d4f58f9ed0d137560;171341309;171.341309
0xfa66a01537f35080d453eeb1110568a0119ba5e6;0;0.000000
0xfa950a881f42e9d999c562522a0be003042bf31f;9155;0.009155
0xfab1f75103c7afa1e8fd4acf874dc8c4d002d0b9;0;0.000000
0xfab9f5717489b011d8d9202374b822198531646e;0;0.000000
0xfad1e8ed39ce979bc5c2b02d2712da8b882d7b6a;0;0.000000
0xfae9ab3bed27f92859727aa5de071079d8de44fa;0;0.000000
0xfaecdf2356b1a0e08d302c43a5116ade490e93bc;0;0.000000
0xfb17d5cd85854b6bee89e714591de521f3169de5;102557344;102.557344
0xfb2dfeeed35aa2c7c88a41fd66d180270b6066a1;7675513;7.675513
0xfb85c9b9314c45661e0d553e271efefac154c839;0;0.000000
0xfb894921ef1d8d29215422adf9842feb2a9c08c9;0;0.000000
0xfb8976c763e8b91283b1aff358b879cdf845b678;610164;0.610164
0xfba57ec021c36008282244f4ddbd974067e06bd2;0;0.000000
0xfbd3c2ecf403ccd40d3f2d5f0b224f6a58b188b2;0;0.000000
0xfbe713879a1de3338752f2d9689b33b930ee579c;0;0.000000
0xfbef07ac09f48a8fa43fa86919fa7eec6c853539;0;0.000000
0xfc436f533bbe43f5110bbfb9997194eb6d61ecec;833324;0.833324
0xfc47ee40bc82fae70b510a1de70b8622b2e1154d;7746564;7.746564
0xfcbb098e581ce85b1cf48ee7286b118ace3ec9a2;3774533;3.774533
0xfcf995e9b204d71287bc9d7e511bec7794c52458;0;0.000000
0xfd1762bde3ddc02a088e94201cc12c898a1e2a4f;0;0.000000
0xfd184b39cd9152a09c1c895cafd7efcd93dbbad1;0;0.000000
0xfd7429b10b6678b5755decf52c21b289fcbdb3b9;0;0.000000
0xfd85fc3673b70b6ee53b74dcd3de02f7b1bd0a54;0;0.000000
0xfda12e31b7b02e41fc11c600fe8c4a5e7603044a;46326245;46.326245
0xfda67d751aecf06e30d1e35d3da9cb89e1530e37;0;0.000000
0xfdaa18041f44e3fffac79f781965d701da0e9913;0;0.000000
0xfdc75731792b6efcc8c02429f61b9eef536a6f2e;0;0.000000
0xfdd3ae495dfdcc649ac06a3033f73405fdd68221;11204957;11.204957
0xfddf199e252c6f4b41126b4815f745b6be0c9451;75426;0.075426
0xfe715f02bb08b2d5985c2699ac28d2ba1e7cb04b;0;0.000000
0xfe84cf5acb6db044778c615107861f12390538c1;0;0.000000
0xfe913d534998ef76108a6a561c6ddf3dd57b4256;0;0.000000
0xfeaa6993c8f8f1cebf8b40666ac645b4c26b4dac;0;0.000000
0xfeb06507e3749a49a9ea331a81037b78bb293305;0;0.000000
0xfeb803d0e288615fdcd86ab9853e897ad28ceba4;37615119;37.615119
0xff0bb9630e0c4285f0de14c7e07cde99706993ac;18667872;18.667872
0xff36da79cf472a3d0d60f95561adce920514630f;22747;0.022747
0xff50e30630d34ff0bb0a5ace3527ac9a36f25371;82135;0.082135
0xff5c79e09d12297454d5a31ddd63da26c8d37fb8;0;0.000000
0xff77fdef2685402f9064cd14ae24aa4609d8d867;729805;0.729805
0xff920b0402ce7242e4912cf18f72913b9dee708b;74771;0.074771
0xffc5b2d63e36c5ab1e4a774c1b94ee3105dc3c69;0;0.000000
0xffcaa153245ce13f857946ffa5ecb59f104dd8db;0;0.000000
0xffcf88f306a794cadd44675a1da50a5842f0ec2e;0;0.000000
0xffec90fad1f7fbca154a5248d329dd9764e03fd4;224057;0.224057
0xfff86782445bee51fdbd69f876c270176e16725d;0;0.000000
